asset,item_id,image_index,target_count,tpsscs_auc,comparator_auc,comparator,delta_auc
simMed_test.mat,simMed_test.mat#0,0,43,0.5438013801736892,0.17416548899351314,raw,0.36963589118017603
simMed_test.mat,simMed_test.mat#100,100,53,0.5454026055235656,0.27666809324178326,raw,0.2687345122817823
simMed_test.mat,simMed_test.mat#101,101,51,0.48991879023272383,0.41787383111324444,raw,0.07204495911947939
simMed_test.mat,simMed_test.mat#102,102,39,0.5110890913559349,0.2884757794708009,raw,0.22261331188513406
simMed_test.mat,simMed_test.mat#104,104,25,0.6354686828928315,0.3612201997482847,raw,0.27424848314454686
simMed_test.mat,simMed_test.mat#105,105,26,0.6052039577887569,0.2804593987056648,raw,0.32474455908309213
simMed_test.mat,simMed_test.mat#107,107,49,0.46538651302752426,0.3803524994220821,raw,0.08503401360544216
simMed_test.mat,simMed_test.mat#108,108,25,0.572592924465105,0.20152524968535582,raw,0.3710676747797492
simMed_test.mat,simMed_test.mat#11,11,58,0.5187630561425723,0.24485414110255876,raw,0.2739089150400136
simMed_test.mat,simMed_test.mat#110,110,63,0.5006228895374026,0.3036451781469086,raw,0.19697771139049403
simMed_test.mat,simMed_test.mat#111,111,43,0.42883955375135435,0.20385599758639053,raw,0.22498355616496382
simMed_test.mat,simMed_test.mat#112,112,47,0.5243595472363576,0.21487534530953467,raw,0.3094842019268229
simMed_test.mat,simMed_test.mat#113,113,14,0.41207611579049624,0.34741702336003205,raw,0.0646590924304642
simMed_test.mat,simMed_test.mat#114,114,36,0.6068146695926316,0.2798961801185498,raw,0.32691848947408186
simMed_test.mat,simMed_test.mat#115,115,22,0.32060835177215696,0.2217768556315458,raw,0.09883149614061115
simMed_test.mat,simMed_test.mat#116,116,27,0.5066170903210396,0.12164141177483352,raw,0.3849756785462061
simMed_test.mat,simMed_test.mat#117,117,56,0.45551316155623667,0.30859036416193486,raw,0.1469227973943018
simMed_test.mat,simMed_test.mat#118,118,57,0.4504456791897529,0.23911660040798668,raw,0.21132907878176624
simMed_test.mat,simMed_test.mat#12,12,57,0.4734361105591037,0.346176231186939,raw,0.12725987937216465
simMed_test.mat,simMed_test.mat#121,121,37,0.5346232538667123,0.24530439146669705,raw,0.28931886240001525
simMed_test.mat,simMed_test.mat#122,122,15,0.4242558884693633,0.3580976383644819,raw,0.06615825010488141
simMed_test.mat,simMed_test.mat#123,123,42,0.5488125241460786,0.1664075244457397,raw,0.3824049997003389
simMed_test.mat,simMed_test.mat#124,124,25,0.39228787452803376,0.3853161579242959,raw,0.006971716603737854
simMed_test.mat,simMed_test.mat#125,125,59,0.516709462743541,0.37007532427213236,raw,0.14663413847140866
simMed_test.mat,simMed_test.mat#126,126,26,0.5182255203795196,0.31921425441438706,raw,0.19901126596513258
simMed_test.mat,simMed_test.mat#127,127,33,0.6061929855628675,0.3938406750044802,raw,0.21235231055838727
simMed_test.mat,simMed_test.mat#13,13,17,0.6096375486494382,0.2174806859043402,raw,0.392156862745098
simMed_test.mat,simMed_test.mat#14,14,30,0.5914309716978152,0.34382743705425406,raw,0.24760353464356116
simMed_test.mat,simMed_test.mat#15,15,43,0.5067136428254682,0.2693927612254551,raw,0.23732088160001308
simMed_test.mat,simMed_test.mat#16,16,23,0.5013263040742225,0.4371036408255415,raw,0.06422266324868103
simMed_test.mat,simMed_test.mat#17,17,29,0.4758472625784161,0.36744078253061146,raw,0.10840648004780462
simMed_test.mat,simMed_test.mat#18,18,52,0.6004695947928606,0.3755239859395185,raw,0.22494560885334203
simMed_test.mat,simMed_test.mat#19,19,24,0.516748732048931,0.27968433988447255,raw,0.23706439216445846
simMed_test.mat,simMed_test.mat#20,20,24,0.3808554248555907,0.27968433988447255,raw,0.10117108497111815
simMed_test.mat,simMed_test.mat#21,21,17,0.6978728427670853,0.3159685044392488,raw,0.3819043383278365
simMed_test.mat,simMed_test.mat#22,22,52,0.5636839497456821,0.35032293616926863,raw,0.21336101357641352
simMed_test.mat,simMed_test.mat#23,23,55,0.4652410410230763,0.3313530714405226,raw,0.13388796958255367
simMed_test.mat,simMed_test.mat#24,24,37,0.5346232538667123,0.22943556828975856,raw,0.30518768557695375
simMed_test.mat,simMed_test.mat#25,25,30,0.519971374318271,0.3776691869493727,raw,0.14230218736889833
simMed_test.mat,simMed_test.mat#26,26,63,0.4992396124334864,0.23209555515600733,raw,0.2671440572774791
simMed_test.mat,simMed_test.mat#27,27,59,0.5040622275607171,0.4084048051643385,raw,0.09565742239637853
simMed_test.mat,simMed_test.mat#28,28,26,0.563977266992866,0.31644910208003457,raw,0.24752816491283142
simMed_test.mat,simMed_test.mat#29,29,26,0.3540306888000216,0.21329836502156438,raw,0.1407323237784572
simMed_test.mat,simMed_test.mat#3,3,28,0.5679274846133695,0.3499846648133594,raw,0.21794281980001012
simMed_test.mat,simMed_test.mat#31,31,25,0.5024403994965693,0.36274544943364057,raw,0.1396949500629287
simMed_test.mat,simMed_test.mat#32,32,27,0.6048176151289325,0.2703544672138542,raw,0.3344631479150783
simMed_test.mat,simMed_test.mat#33,33,36,0.5699894727896718,0.440148002925965,raw,0.12984146986370682
simMed_test.mat,simMed_test.mat#34,34,59,0.5239654973080636,0.19672487250804926,raw,0.32724062480001437
simMed_test.mat,simMed_test.mat#35,35,55,0.5242626205828328,0.3110321359631801,raw,0.21323048461965272
simMed_test.mat,simMed_test.mat#36,36,13,0.6628962654810646,0.23194249975796596,raw,0.4309537657230986
simMed_test.mat,simMed_test.mat#38,38,43,0.5720730518499565,0.28155273204592807,raw,0.2905203198040284
simMed_test.mat,simMed_test.mat#39,39,36,0.5278991256548508,0.24748877271114234,raw,0.2804103529437084
simMed_test.mat,simMed_test.mat#40,40,28,0.5772646050648041,0.30831799814669275,raw,0.2689466069181114
simMed_test.mat,simMed_test.mat#41,41,55,0.5470592228412581,0.21103213596318013,raw,0.3360270868780779
simMed_test.mat,simMed_test.mat#42,42,31,0.5510931849256312,0.3271138773075541,raw,0.2239793076180771
simMed_test.mat,simMed_test.mat#43,43,49,0.5959497996724165,0.4263486856305186,raw,0.16960111404189787
simMed_test.mat,simMed_test.mat#44,44,38,0.619138086022499,0.2209037715986201,raw,0.3982343144238789
simMed_test.mat,simMed_test.mat#45,45,35,0.5835670946987052,0.3974170233600321,raw,0.18615007133867306
simMed_test.mat,simMed_test.mat#46,46,51,0.3984155222588676,0.27675281816473896,raw,0.12166270409412866
simMed_test.mat,simMed_test.mat#47,47,28,0.5291008254152723,0.3060227227086076,raw,0.22307810270666467
simMed_test.mat,simMed_test.mat#48,48,25,0.5894121161003072,0.18562120786136713,raw,0.40379090823894004
simMed_test.mat,simMed_test.mat#49,49,33,0.4825711610440813,0.24932353497214843,raw,0.2332476260719329
simMed_test.mat,simMed_test.mat#50,50,25,0.6163838327040451,0.10501110798722474,raw,0.5113727247168203
simMed_test.mat,simMed_test.mat#51,51,16,0.507353215703365,0.2102398954400281,raw,0.2971133202633369
simMed_test.mat,simMed_test.mat#52,52,59,0.4927627925324684,0.36442560675800806,raw,0.12833718577446035
simMed_test.mat,simMed_test.mat#53,53,49,0.5491089406683464,0.14070088409688908,raw,0.4084080565714573
simMed_test.mat,simMed_test.mat#54,54,36,0.4890768743881919,0.39143097169781527,raw,0.09764590269037665
simMed_test.mat,simMed_test.mat#55,55,24,0.3213510065511392,0.3147243224578105,raw,0.006626684093328672
simMed_test.mat,simMed_test.mat#56,56,19,0.5412799009431845,0.19458798212493592,raw,0.34669191881824857
simMed_test.mat,simMed_test.mat#59,59,39,0.6775602131911458,0.5175971201819193,raw,0.1599630930092265
simMed_test.mat,simMed_test.mat#61,61,51,0.5197791577872403,0.2272846074729676,raw,0.2924945503142726
simMed_test.mat,simMed_test.mat#62,62,26,0.4828224514995174,0.23952602515695762,raw,0.2432964263425598
simMed_test.mat,simMed_test.mat#63,63,58,0.5877285733839517,0.36606974444233664,raw,0.22165882894161504
simMed_test.mat,simMed_test.mat#64,64,16,0.5644065621066948,0.22610321570336497,raw,0.3383033464033298
simMed_test.mat,simMed_test.mat#65,65,30,0.40998568715913547,0.43322474250492826,raw,-0.023239055345792792
simMed_test.mat,simMed_test.mat#67,67,44,0.5164640665733806,0.3466035318036645,raw,0.16986053476971613
simMed_test.mat,simMed_test.mat#69,69,41,0.5475055380423176,0.2641481855727117,raw,0.2833573524696059
simMed_test.mat,simMed_test.mat#7,7,50,0.5594121161003072,0.337211612043766,raw,0.22220050405654118
simMed_test.mat,simMed_test.mat#70,70,43,0.5726051156936852,0.34577225233988546,raw,0.22683286335379976
simMed_test.mat,simMed_test.mat#71,71,27,0.3511662880849737,0.2768097603654633,raw,0.0743565277195104
simMed_test.mat,simMed_test.mat#72,72,37,0.6419069026854389,0.5118946165218444,raw,0.1300122861635945
simMed_test.mat,simMed_test.mat#74,74,35,0.5200440052556689,0.3574855649143258,raw,0.16255844034134304
simMed_test.mat,simMed_test.mat#75,75,60,0.5087331590667135,0.3151056348791495,raw,0.19362752418756396
simMed_test.mat,simMed_test.mat#76,76,27,0.6227712263565787,0.31061915082669583,raw,0.31215207552988283
simMed_test.mat,simMed_test.mat#77,77,63,0.4695338255213082,0.2281878269689183,raw,0.2413459985523899
simMed_test.mat,simMed_test.mat#78,78,25,0.5598696910059139,0.22152524968535584,raw,0.3383444413205581
simMed_test.mat,simMed_test.mat#79,79,26,0.5115219467220794,0.22306040826054088,raw,0.28846153846153855
simMed_test.mat,simMed_test.mat#8,8,24,0.6311731852067065,0.31867318520670646,raw,0.31250000000000006
simMed_test.mat,simMed_test.mat#80,80,15,0.6247643050311487,0.3967323189724781,raw,0.22803198605867053
simMed_test.mat,simMed_test.mat#82,82,31,0.6745030908903589,0.36499429392347177,raw,0.3095087969668871
simMed_test.mat,simMed_test.mat#84,84,40,0.5776691869493727,0.2977398954400281,raw,0.27992929150934465
simMed_test.mat,simMed_test.mat#85,85,31,0.6017994417221849,0.37318181405938744,raw,0.22861762766279747
simMed_test.mat,simMed_test.mat#86,86,44,0.6427513725697352,0.3126859465406367,raw,0.33006542602909855
simMed_test.mat,simMed_test.mat#87,87,47,0.4372367237050064,0.32899956503379957,raw,0.10823715867120681
simMed_test.mat,simMed_test.mat#88,88,43,0.43324758658733126,0.24428764008313078,raw,0.18895994650420048
simMed_test.mat,simMed_test.mat#89,89,50,0.5725929244651049,0.22629646223255243,raw,0.3462964622325525
simMed_test.mat,simMed_test.mat#9,9,23,0.6396706155316235,0.1396706155316235,raw,0.5
simMed_test.mat,simMed_test.mat#90,90,15,0.529048819182241,0.2184461246329151,raw,0.3106026945493259
simMed_test.mat,simMed_test.mat#91,91,46,0.5086676487896128,0.33030247685916586,raw,0.17836517193044693
simMed_test.mat,simMed_test.mat#92,92,61,0.5262870451331599,0.23529433366822158,raw,0.2909927114649383
simMed_test.mat,simMed_test.mat#93,93,63,0.42167267477760095,0.24935184813293945,raw,0.1723208266446615
simMed_test.mat,simMed_test.mat#94,94,20,0.3428106039306835,0.4142159058960253,raw,-0.07140530196534178
simMed_test.mat,simMed_test.mat#95,95,34,0.5881394786808191,0.17079990774120124,raw,0.4173395709396178
simMed_test.mat,simMed_test.mat#97,97,60,0.4600584958853792,0.3262167459902606,raw,0.1338417498951186
simMed_test.mat,simMed_test.mat#99,99,40,0.48779986930003516,0.19915593203601825,raw,0.28864393726401694
simWind_test.mat,simWind_test.mat#0,0,43,0.5242441805978726,0.2151291953339822,raw,0.30911498526389036
simWind_test.mat,simWind_test.mat#100,100,53,0.5407575701313653,0.29567990924983567,raw,0.2450776608815296
simWind_test.mat,simWind_test.mat#101,101,51,0.5534199790044853,0.4718701668821345,raw,0.08154981212235074
simWind_test.mat,simWind_test.mat#102,102,39,0.545472670375425,0.31654687449576246,raw,0.22892579587966255
simWind_test.mat,simWind_test.mat#104,104,25,0.6888020162261648,0.3916777746538915,raw,0.2971242415722733
simWind_test.mat,simWind_test.mat#105,105,26,0.6341967702585026,0.3094522111754105,raw,0.32474455908309213
simWind_test.mat,simWind_test.mat#107,107,49,0.4500025717170469,0.38375385996629974,raw,0.06624871175074715
simWind_test.mat,simWind_test.mat#108,108,25,0.5662313077355093,0.22849696628909366,raw,0.3377343414464157
simWind_test.mat,simWind_test.mat#11,11,58,0.5161524670078635,0.28534700024371207,raw,0.23080546676415148
simWind_test.mat,simWind_test.mat#110,110,63,0.48601209920597316,0.3367744869968566,raw,0.14923761220911658
simWind_test.mat,simWind_test.mat#111,111,43,0.42073290653770573,0.21566125917771103,raw,0.2050716473599947
simWind_test.mat,simWind_test.mat#112,112,47,0.5120293300210396,0.2273678231296777,raw,0.2846615068913618
simWind_test.mat,simWind_test.mat#113,113,14,0.4239808776952582,0.37122654716955594,raw,0.052754330525702275
simWind_test.mat,simWind_test.mat#114,114,36,0.5880843108400359,0.30525322296447416,raw,0.2828310878755617
simWind_test.mat,simWind_test.mat#115,115,22,0.45593204516850533,0.24450412835881852,raw,0.2114279168096868
simWind_test.mat,simWind_test.mat#116,116,27,0.5371988342064676,0.13455199807805174,raw,0.4026468361284159
simWind_test.mat,simWind_test.mat#117,117,56,0.46343027827338656,0.3550617740619399,raw,0.10836850421144667
simWind_test.mat,simWind_test.mat#118,118,57,0.45184077057782207,0.2654323898816709,raw,0.18640838069615118
simWind_test.mat,simWind_test.mat#12,12,57,0.4689832487307987,0.3506290930152441,raw,0.11835415571555463
simWind_test.mat,simWind_test.mat#121,121,37,0.5483428822025712,0.26567771914814003,raw,0.2826651630544312
simWind_test.mat,simWind_test.mat#122,122,15,0.45177945796624847,0.3972407355342635,raw,0.05453872243198499
simWind_test.mat,simWind_test.mat#123,123,42,0.5608988633943354,0.20834655712764846,raw,0.3525523062666869
simWind_test.mat,simWind_test.mat#124,124,25,0.41198282459096264,0.39259292446510496,raw,0.019389900125857673
simWind_test.mat,simWind_test.mat#125,125,59,0.488331616725008,0.4027550876502142,raw,0.0855765290747938
simWind_test.mat,simWind_test.mat#126,126,26,0.5307527159528487,0.3448552800554127,raw,0.18589743589743596
simWind_test.mat,simWind_test.mat#127,127,33,0.5532782317511521,0.42173400200084554,raw,0.13154422975030655
simWind_test.mat,simWind_test.mat#13,13,17,0.5704218623749285,0.2319622668329643,raw,0.33845959554196425
simWind_test.mat,simWind_test.mat#14,14,30,0.5742558884693633,0.3633989856391448,raw,0.21085690283021846
simWind_test.mat,simWind_test.mat#15,15,43,0.4718299218952356,0.30612578934452356,raw,0.16570413255071204
simWind_test.mat,simWind_test.mat#16,16,23,0.4912856789032201,0.4336462404290222,raw,0.05763943847419789
simWind_test.mat,simWind_test.mat#17,17,29,0.46134795944462104,0.41341779402486445,raw,0.04793016541975659
simWind_test.mat,simWind_test.mat#18,18,52,0.6244347270195262,0.40298756361849614,raw,0.22144716340103004
simWind_test.mat,simWind_test.mat#19,19,24,0.5898242788911556,0.31472432245781057,raw,0.27509995643334506
simWind_test.mat,simWind_test.mat#20,20,24,0.3358754161422597,0.2935732287733614,raw,0.04230218736889829
simWind_test.mat,simWind_test.mat#21,21,17,0.7319622668329643,0.3257724260078762,raw,0.4061898408250881
simWind_test.mat,simWind_test.mat#22,22,52,0.5717700995702986,0.37931574863901435,raw,0.1924543509312842
simWind_test.mat,simWind_test.mat#23,23,55,0.4803925561745915,0.3389981585474327,raw,0.14139439762715877
simWind_test.mat,simWind_test.mat#24,24,37,0.5818174937528369,0.28410796681084877,raw,0.2977095269419881
simWind_test.mat,simWind_test.mat#25,25,30,0.5310824854293821,0.402796291089819,raw,0.12828619433956306
simWind_test.mat,simWind_test.mat#26,26,63,0.4991185608711566,0.26522486400595535,raw,0.23389369686520123
simWind_test.mat,simWind_test.mat#27,27,59,0.5067578278698677,0.4154023228330382,raw,0.09135550503682949
simWind_test.mat,simWind_test.mat#28,28,26,0.596028549044148,0.383610135764135,raw,0.21241841328001304
simWind_test.mat,simWind_test.mat#29,29,26,0.35738247562874176,0.2197086214318208,raw,0.13767385419692096
simWind_test.mat,simWind_test.mat#3,3,28,0.5976893893752743,0.3950360709790797,raw,0.20265331839619455
simWind_test.mat,simWind_test.mat#31,31,25,0.4951636329557603,0.36274544943364057,raw,0.13241818352211976
simWind_test.mat,simWind_test.mat#32,32,27,0.5616077385857227,0.28298259987163615,raw,0.2786251387140865
simWind_test.mat,simWind_test.mat#33,33,36,0.588296151074113,0.4864442992222613,raw,0.10185185185185175
simWind_test.mat,simWind_test.mat#34,34,59,0.4831989330025297,0.23666067045065386,raw,0.24653826255187583
simWind_test.mat,simWind_test.mat#35,35,55,0.5575959539161661,0.33410605634621554,raw,0.22348989756995058
simWind_test.mat,simWind_test.mat#36,36,13,0.7849844545231202,0.2386460734154062,raw,0.5463383811077139
simWind_test.mat,simWind_test.mat#38,38,43,0.572427761079109,0.34762155952872137,raw,0.2248062015503876
simWind_test.mat,simWind_test.mat#39,39,36,0.5025420828089264,0.2686398663955915,raw,0.23390221641333492
simWind_test.mat,simWind_test.mat#40,40,28,0.5653598431600422,0.34714465734479,raw,0.21821518581525218
simWind_test.mat,simWind_test.mat#41,41,55,0.5288774046594399,0.24133516626621043,raw,0.28754223839322945
simWind_test.mat,simWind_test.mat#42,42,31,0.5938579296000362,0.3598639578512173,raw,0.23399397174881897
simWind_test.mat,simWind_test.mat#43,43,49,0.6076211049926852,0.44853534802943135,raw,0.15908575696325383
simWind_test.mat,simWind_test.mat#44,44,38,0.6387745827537256,0.2649641114695002,raw,0.37381047128422534
simWind_test.mat,simWind_test.mat#45,45,35,0.5667914816259417,0.42869624353070357,raw,0.13809523809523816
simWind_test.mat,simWind_test.mat#46,46,51,0.40495146997128595,0.29168300194199714,raw,0.1132684680292888
simWind_test.mat,simWind_test.mat#47,47,28,0.5560227227086075,0.3360569934857544,raw,0.21996572922285312
simWind_test.mat,simWind_test.mat#48,48,25,0.5957737328299026,0.22562120786136708,raw,0.37015252496853557
simWind_test.mat,simWind_test.mat#49,49,33,0.4693671523248808,0.2721663569180088,raw,0.19720079540687202
simWind_test.mat,simWind_test.mat#50,50,25,0.6462313077355094,0.1316777746538914,raw,0.514553533081618
simWind_test.mat,simWind_test.mat#51,51,16,0.5232165359667018,0.25190656210669476,raw,0.27130997386000705
simWind_test.mat,simWind_test.mat#52,52,59,0.4887193920687425,0.38028547604162855,raw,0.10843391602711394
simWind_test.mat,simWind_test.mat#53,53,49,0.5335693616348736,0.18004998693988572,raw,0.35351937469498784
simWind_test.mat,simWind_test.mat#54,54,36,0.5309553812889357,0.41699985477781687,raw,0.11395552651111884
simWind_test.mat,simWind_test.mat#55,55,24,0.35275988672669717,0.3355576557911439,raw,0.017202230935553287
simWind_test.mat,simWind_test.mat#56,56,19,0.5721823460772225,0.22090377159862015,raw,0.35127857447860233
simWind_test.mat,simWind_test.mat#59,59,39,0.709318177995244,0.530417633002432,raw,0.17890054499281194
simWind_test.mat,simWind_test.mat#61,61,51,0.5490413882102445,0.27816250366852646,raw,0.27087888454171805
simWind_test.mat,simWind_test.mat#62,62,26,0.4669434690974683,0.2523465379774705,raw,0.21459693111999784
simWind_test.mat,simWind_test.mat#63,63,58,0.5921046617324585,0.3804375605342907,raw,0.21166710119816778
simWind_test.mat,simWind_test.mat#64,64,16,0.5644065621066948,0.2469365490366983,raw,0.31747001306999656
simWind_test.mat,simWind_test.mat#65,65,30,0.39887457604802434,0.4387802980604838,raw,-0.039905722012459455
simWind_test.mat,simWind_test.mat#67,67,44,0.4914095448824651,0.37329200714669736,raw,0.11811753773576772
simWind_test.mat,simWind_test.mat#69,69,41,0.506483119419873,0.2887244355343404,raw,0.2177586838855326
simWind_test.mat,simWind_test.mat#7,7,50,0.5746409035531106,0.3625929244651049,raw,0.2120479790880057
simWind_test.mat,simWind_test.mat#70,70,43,0.5997368986394216,0.37898402069585835,raw,0.22075287794356324
simWind_test.mat,simWind_test.mat#71,71,27,0.4193499762983111,0.32030209055410946,raw,0.09904788574420165
simWind_test.mat,simWind_test.mat#72,72,37,0.6554204161989524,0.5163991210263489,raw,0.13902129517260353
simWind_test.mat,simWind_test.mat#74,74,35,0.5960165886339513,0.36700937443813536,raw,0.229007214195816
simWind_test.mat,simWind_test.mat#75,75,60,0.5168122841191541,0.3709153987155977,raw,0.14589688540355644
simWind_test.mat,simWind_test.mat#76,76,27,0.6289440658627514,0.3294201229906506,raw,0.2995239428721008
simWind_test.mat,simWind_test.mat#77,77,63,0.4745827276876538,0.2376286635716723,raw,0.2369540641159815
simWind_test.mat,simWind_test.mat#78,78,25,0.5630504993707116,0.2548585830186892,raw,0.3081919163520224
simWind_test.mat,simWind_test.mat#79,79,26,0.5405147591918252,0.2392327079097738,raw,0.30128205128205143
simWind_test.mat,simWind_test.mat#8,8,24,0.6348042876044867,0.3431376209378199,raw,0.2916666666666668
simWind_test.mat,simWind_test.mat#80,80,15,0.6141616104818227,0.40254208280892634,raw,0.21161952767289638
simWind_test.mat,simWind_test.mat#82,82,31,0.48682306390714025,0.38418051024519756,raw,0.10264255366194269
simWind_test.mat,simWind_test.mat#84,84,40,0.6090145150547074,0.3124185568786962,raw,0.2965959581760112
simWind_test.mat,simWind_test.mat#85,85,31,0.6422450263742298,0.39493319841724056,raw,0.2473118279569892
simWind_test.mat,simWind_test.mat#86,86,44,0.6447319738776154,0.3716580534945799,raw,0.27307392038303546
simWind_test.mat,simWind_test.mat#87,87,47,0.4478750215773468,0.3647850791512512,raw,0.08308994242609563
simWind_test.mat,simWind_test.mat#88,88,43,0.45245007693399536,0.255915547059875,raw,0.19653452987412035
simWind_test.mat,simWind_test.mat#89,89,50,0.5862313077355094,0.27122019974828465,raw,0.3150111079872247
simWind_test.mat,simWind_test.mat#9,9,23,0.6582839215884425,0.17244509919307527,raw,0.48583882239536724
simWind_test.mat,simWind_test.mat#90,90,15,0.5401599302933521,0.24596969412980027,raw,0.2941902361635518
simWind_test.mat,simWind_test.mat#91,91,46,0.47399867692062375,0.34306653028409456,raw,0.1309321466365292
simWind_test.mat,simWind_test.mat#92,92,61,0.5182153442876973,0.2709384798172944,raw,0.24727686447040292
simWind_test.mat,simWind_test.mat#93,93,63,0.4442199730455383,0.2904176649193954,raw,0.15380230812614287
simWind_test.mat,simWind_test.mat#94,94,20,0.37216792680801963,0.4392159058960254,raw,-0.06704797908800575
simWind_test.mat,simWind_test.mat#95,95,34,0.5832375178965054,0.19040775087845616,raw,0.39282976701804917
simWind_test.mat,simWind_test.mat#97,97,60,0.45728071810760146,0.3348042876044866,raw,0.12247643050311485
simWind_test.mat,simWind_test.mat#99,99,40,0.5294665359667018,0.22037057779069058,raw,0.3090959581760112
simMed_test.mat,simMed_test.mat#0,0,43,0.5438013801736892,0.5205455662202008,low_rank_residual_k30,0.023255813953488413
simMed_test.mat,simMed_test.mat#100,100,53,0.5454026055235656,0.4953759230742616,low_rank_residual_k30,0.05002668244930397
simMed_test.mat,simMed_test.mat#101,101,51,0.48991879023272383,0.4640740679488067,low_rank_residual_k30,0.025844722283917154
simMed_test.mat,simMed_test.mat#102,102,39,0.5110890913559349,0.4667061585627797,low_rank_residual_k30,0.04438293279315525
simMed_test.mat,simMed_test.mat#104,104,25,0.6354686828928315,0.44562120786136705,low_rank_residual_k30,0.18984747503146449
simMed_test.mat,simMed_test.mat#105,105,26,0.6052039577887569,0.5316326676944001,low_rank_residual_k30,0.07357129009435681
simMed_test.mat,simMed_test.mat#107,107,49,0.46538651302752426,0.43508554357555607,low_rank_residual_k30,0.030300969451968196
simMed_test.mat,simMed_test.mat#108,108,25,0.572592924465105,0.5395646410688427,low_rank_residual_k30,0.03302828339626229
simMed_test.mat,simMed_test.mat#11,11,58,0.5187630561425723,0.4857828226519986,low_rank_residual_k30,0.03298023349057372
simMed_test.mat,simMed_test.mat#110,110,63,0.5006228895374026,0.4425428828986742,low_rank_residual_k30,0.05808000663872842
simMed_test.mat,simMed_test.mat#111,111,43,0.42883955375135435,0.42883955375135435,low_rank_residual_k30,0.0
simMed_test.mat,simMed_test.mat#112,112,47,0.5243595472363576,0.5030829514916767,low_rank_residual_k30,0.021276595744680882
simMed_test.mat,simMed_test.mat#113,113,14,0.41207611579049624,0.26921897293335334,low_rank_residual_k30,0.1428571428571429
simMed_test.mat,simMed_test.mat#114,114,36,0.6068146695926316,0.5887198315422676,low_rank_residual_k30,0.018094838050364048
simMed_test.mat,simMed_test.mat#115,115,22,0.32060835177215696,0.32060835177215696,low_rank_residual_k30,0.0
simMed_test.mat,simMed_test.mat#116,116,27,0.5066170903210396,0.49132621837832574,low_rank_residual_k30,0.01529087194271389
simMed_test.mat,simMed_test.mat#117,117,56,0.45551316155623667,0.44218839591719,low_rank_residual_k30,0.013324765639046665
simMed_test.mat,simMed_test.mat#118,118,57,0.4504456791897529,0.4402786579771223,low_rank_residual_k30,0.010167021212630634
simMed_test.mat,simMed_test.mat#12,12,57,0.4734361105591037,0.4168868451116252,low_rank_residual_k30,0.05654926544747846
simMed_test.mat,simMed_test.mat#121,121,37,0.5346232538667123,0.5075962268396853,low_rank_residual_k30,0.027027027027026973
simMed_test.mat,simMed_test.mat#122,122,15,0.4242558884693633,0.3575892218026966,low_rank_residual_k30,0.06666666666666671
simMed_test.mat,simMed_test.mat#123,123,42,0.5488125241460786,0.5072366461511593,low_rank_residual_k30,0.04157587799491935
simMed_test.mat,simMed_test.mat#124,124,25,0.39228787452803376,0.39228787452803376,low_rank_residual_k30,0.0
simMed_test.mat,simMed_test.mat#125,125,59,0.516709462743541,0.46624978046015686,low_rank_residual_k30,0.050459682283384155
simMed_test.mat,simMed_test.mat#126,126,26,0.5182255203795196,0.4608265299343957,low_rank_residual_k30,0.05739899044512392
simMed_test.mat,simMed_test.mat#127,127,33,0.6061929855628675,0.48521196278792145,low_rank_residual_k30,0.12098102277494605
simMed_test.mat,simMed_test.mat#13,13,17,0.6096375486494382,0.5069206736031671,low_rank_residual_k30,0.10271687504627114
simMed_test.mat,simMed_test.mat#14,14,30,0.5914309716978152,0.5144158187627154,low_rank_residual_k30,0.07701515293509986
simMed_test.mat,simMed_test.mat#15,15,43,0.5067136428254682,0.4875111524788041,low_rank_residual_k30,0.019202490346664047
simMed_test.mat,simMed_test.mat#16,16,23,0.5013263040742225,0.414369782335092,low_rank_residual_k30,0.08695652173913054
simMed_test.mat,simMed_test.mat#17,17,29,0.4758472625784161,0.372398986716347,low_rank_residual_k30,0.10344827586206906
simMed_test.mat,simMed_test.mat#18,18,52,0.6004695947928606,0.4681167380862035,low_rank_residual_k30,0.13235285670665703
simMed_test.mat,simMed_test.mat#19,19,24,0.516748732048931,0.47508206538226444,low_rank_residual_k30,0.041666666666666574
simMed_test.mat,simMed_test.mat#20,20,24,0.3808554248555907,0.29752209152225734,low_rank_residual_k30,0.08333333333333337
simMed_test.mat,simMed_test.mat#21,21,17,0.6978728427670853,0.5214022545317912,low_rank_residual_k30,0.17647058823529405
simMed_test.mat,simMed_test.mat#22,22,52,0.5636839497456821,0.4971095505559493,low_rank_residual_k30,0.06657439918973285
simMed_test.mat,simMed_test.mat#23,23,55,0.4652410410230763,0.4411372758429572,low_rank_residual_k30,0.024103765180119086
simMed_test.mat,simMed_test.mat#24,24,37,0.5346232538667123,0.4829245094760832,low_rank_residual_k30,0.0516987443906291
simMed_test.mat,simMed_test.mat#25,25,30,0.519971374318271,0.4675749089618321,low_rank_residual_k30,0.05239646535643888
simMed_test.mat,simMed_test.mat#26,26,63,0.4992396124334864,0.47290563754078985,low_rank_residual_k30,0.026333974892696566
simMed_test.mat,simMed_test.mat#27,27,59,0.5040622275607171,0.4367826511828716,low_rank_residual_k30,0.06727957637784548
simMed_test.mat,simMed_test.mat#28,28,26,0.563977266992866,0.45529622526569075,low_rank_residual_k30,0.10868104172717524
simMed_test.mat,simMed_test.mat#29,29,26,0.3540306888000216,0.31556915033848315,low_rank_residual_k30,0.038461538461538436
simMed_test.mat,simMed_test.mat#3,3,28,0.5679274846133695,0.5029960261676633,low_rank_residual_k30,0.06493145844570625
simMed_test.mat,simMed_test.mat#31,31,25,0.5024403994965693,0.4624403994965693,low_rank_residual_k30,0.03999999999999998
simMed_test.mat,simMed_test.mat#32,32,27,0.6048176151289325,0.5307435410548585,low_rank_residual_k30,0.07407407407407396
simMed_test.mat,simMed_test.mat#33,33,36,0.5699894727896718,0.5585213188326362,low_rank_residual_k30,0.011468153957035598
simMed_test.mat,simMed_test.mat#34,34,59,0.5239654973080636,0.5086226618160891,low_rank_residual_k30,0.015342835491974571
simMed_test.mat,simMed_test.mat#35,35,55,0.5242626205828328,0.4743319501139853,low_rank_residual_k30,0.04993067046884747
simMed_test.mat,simMed_test.mat#36,36,13,0.6628962654810646,0.5859731885579876,low_rank_residual_k30,0.07692307692307698
simMed_test.mat,simMed_test.mat#38,38,43,0.5720730518499565,0.5528705615032924,low_rank_residual_k30,0.019202490346664103
simMed_test.mat,simMed_test.mat#39,39,36,0.5278991256548508,0.5118013420681856,low_rank_residual_k30,0.016097783586665138
simMed_test.mat,simMed_test.mat#40,40,28,0.5772646050648041,0.5273502820076713,low_rank_residual_k30,0.04991432305713284
simMed_test.mat,simMed_test.mat#41,41,55,0.5470592228412581,0.5106955864776217,low_rank_residual_k30,0.036363636363636376
simMed_test.mat,simMed_test.mat#42,42,31,0.5510931849256312,0.46788285559918147,low_rank_residual_k30,0.08321032932644973
simMed_test.mat,simMed_test.mat#43,43,49,0.5959497996724165,0.552199025766573,low_rank_residual_k30,0.043750773905843476
simMed_test.mat,simMed_test.mat#44,44,38,0.619138086022499,0.5138749281277623,low_rank_residual_k30,0.10526315789473673
simMed_test.mat,simMed_test.mat#45,45,35,0.5835670946987052,0.45521355893947035,low_rank_residual_k30,0.1283535357592348
simMed_test.mat,simMed_test.mat#46,46,51,0.3984155222588676,0.3870523809035746,low_rank_residual_k30,0.011363141355293038
simMed_test.mat,simMed_test.mat#47,47,28,0.5291008254152723,0.5262608179467029,low_rank_residual_k30,0.0028400074685693832
simMed_test.mat,simMed_test.mat#48,48,25,0.5894121161003072,0.5500222159744496,low_rank_residual_k30,0.039389900125857635
simMed_test.mat,simMed_test.mat#49,49,33,0.4825711610440813,0.4500895258715612,low_rank_residual_k30,0.03248163517252012
simMed_test.mat,simMed_test.mat#50,50,25,0.6163838327040451,0.5932030243392473,low_rank_residual_k30,0.023180808364797745
simMed_test.mat,simMed_test.mat#51,51,16,0.507353215703365,0.507353215703365,low_rank_residual_k30,0.0
simMed_test.mat,simMed_test.mat#52,52,59,0.4927627925324684,0.47581363999009557,low_rank_residual_k30,0.016949152542372836
simMed_test.mat,simMed_test.mat#53,53,49,0.5491089406683464,0.5082926141377341,low_rank_residual_k30,0.04081632653061229
simMed_test.mat,simMed_test.mat#54,54,36,0.4890768743881919,0.4361538939985669,low_rank_residual_k30,0.05292298038962501
simMed_test.mat,simMed_test.mat#55,55,24,0.3213510065511392,0.27968433988447255,low_rank_residual_k30,0.04166666666666663
simMed_test.mat,simMed_test.mat#56,56,19,0.5412799009431845,0.519550767129854,low_rank_residual_k30,0.021729133813330415
simMed_test.mat,simMed_test.mat#59,59,39,0.6775602131911458,0.6012237707624365,low_rank_residual_k30,0.0763364424287093
simMed_test.mat,simMed_test.mat#61,61,51,0.5197791577872403,0.46593235630122826,low_rank_residual_k30,0.05384680148601201
simMed_test.mat,simMed_test.mat#62,62,26,0.4828224514995174,0.47976398191798114,low_rank_residual_k30,0.0030584695815362717
simMed_test.mat,simMed_test.mat#63,63,58,0.5877285733839517,0.4544366013333818,low_rank_residual_k30,0.13329197205056986
simMed_test.mat,simMed_test.mat#64,64,16,0.5644065621066948,0.43940656210669476,low_rank_residual_k30,0.12500000000000006
simMed_test.mat,simMed_test.mat#65,65,30,0.40998568715913547,0.34331902049246876,low_rank_residual_k30,0.06666666666666671
simMed_test.mat,simMed_test.mat#67,67,44,0.5164640665733806,0.497697996461868,low_rank_residual_k30,0.0187660701115126
simMed_test.mat,simMed_test.mat#69,69,41,0.5475055380423176,0.5172967422530533,low_rank_residual_k30,0.030208795789264276
simMed_test.mat,simMed_test.mat#7,7,50,0.5594121161003072,0.48115504525124164,low_rank_residual_k30,0.07825707084906552
simMed_test.mat,simMed_test.mat#70,70,43,0.5726051156936852,0.4816085216831439,low_rank_residual_k30,0.09099659401054133
simMed_test.mat,simMed_test.mat#71,71,27,0.3511662880849737,0.34204825564843255,low_rank_residual_k30,0.009118032436541135
simMed_test.mat,simMed_test.mat#72,72,37,0.6419069026854389,0.5595010860526597,low_rank_residual_k30,0.08240581663277924
simMed_test.mat,simMed_test.mat#74,74,35,0.5200440052556689,0.49147257668424027,low_rank_residual_k30,0.02857142857142858
simMed_test.mat,simMed_test.mat#75,75,60,0.5087331590667135,0.46864603749960526,low_rank_residual_k30,0.0400871215671082
simMed_test.mat,simMed_test.mat#76,76,27,0.6227712263565787,0.5648353851615273,low_rank_residual_k30,0.05793584119505135
simMed_test.mat,simMed_test.mat#77,77,63,0.4695338255213082,0.42227793258925006,low_rank_residual_k30,0.04725589293205812
simMed_test.mat,simMed_test.mat#78,78,25,0.5598696910059139,0.5500222159744496,low_rank_residual_k30,0.009847475031464326
simMed_test.mat,simMed_test.mat#79,79,26,0.5115219467220794,0.4345988697990025,low_rank_residual_k30,0.07692307692307693
simMed_test.mat,simMed_test.mat#8,8,24,0.6311731852067065,0.6070265098267088,low_rank_residual_k30,0.024146675379997706
simMed_test.mat,simMed_test.mat#80,80,15,0.6247643050311487,0.5586060549262672,low_rank_residual_k30,0.06615825010488141
simMed_test.mat,simMed_test.mat#82,82,31,0.6745030908903589,0.45737617544090553,low_rank_residual_k30,0.21712691544945334
simMed_test.mat,simMed_test.mat#84,84,40,0.5776691869493727,0.4593958274760464,low_rank_residual_k30,0.11827335947332634
simMed_test.mat,simMed_test.mat#85,85,31,0.6017994417221849,0.45150781532734996,low_rank_residual_k30,0.15029162639483495
simMed_test.mat,simMed_test.mat#86,86,44,0.6427513725697352,0.5523622531442884,low_rank_residual_k30,0.0903891194254468
simMed_test.mat,simMed_test.mat#87,87,47,0.4372367237050064,0.4213604071989083,low_rank_residual_k30,0.015876316506098054
simMed_test.mat,simMed_test.mat#88,88,43,0.43324758658733126,0.43324758658733126,low_rank_residual_k30,0.0
simMed_test.mat,simMed_test.mat#89,89,50,0.5725929244651049,0.47638383270404505,low_rank_residual_k30,0.09620909176105985
simMed_test.mat,simMed_test.mat#9,9,23,0.6396706155316235,0.5961923546620583,low_rank_residual_k30,0.04347826086956519
simMed_test.mat,simMed_test.mat#90,90,15,0.529048819182241,0.26238215251557434,low_rank_residual_k30,0.26666666666666666
simMed_test.mat,simMed_test.mat#91,91,46,0.5086676487896128,0.5086676487896128,low_rank_residual_k30,0.0
simMed_test.mat,simMed_test.mat#92,92,61,0.5262870451331599,0.4445698729504313,low_rank_residual_k30,0.08171717218272861
simMed_test.mat,simMed_test.mat#93,93,63,0.42167267477760095,0.39545975144723416,low_rank_residual_k30,0.02621292333036679
simMed_test.mat,simMed_test.mat#94,94,20,0.3428106039306835,0.19281060393068353,low_rank_residual_k30,0.15
simMed_test.mat,simMed_test.mat#95,95,34,0.5881394786808191,0.4538963106729841,low_rank_residual_k30,0.13424316800783498
simMed_test.mat,simMed_test.mat#97,97,60,0.4600584958853792,0.43941581876271546,low_rank_residual_k30,0.020642677122663766
simMed_test.mat,simMed_test.mat#99,99,40,0.48779986930003516,0.4381811817213741,low_rank_residual_k30,0.04961868757866106
simWind_test.mat,simWind_test.mat#0,0,43,0.5242441805978726,0.5009883666443842,low_rank_residual_k30,0.023255813953488413
simWind_test.mat,simWind_test.mat#100,100,53,0.5407575701313653,0.4892305063779115,low_rank_residual_k30,0.05152706375345378
simWind_test.mat,simWind_test.mat#101,101,51,0.5534199790044853,0.513093675791944,low_rank_residual_k30,0.04032630321254127
simWind_test.mat,simWind_test.mat#102,102,39,0.545472670375425,0.520222734397311,low_rank_residual_k30,0.02524993597811398
simWind_test.mat,simWind_test.mat#104,104,25,0.6888020162261648,0.4894121161003071,low_rank_residual_k30,0.19938990012585767
simWind_test.mat,simWind_test.mat#105,105,26,0.6341967702585026,0.5188121548738872,low_rank_residual_k30,0.11538461538461542
simWind_test.mat,simWind_test.mat#107,107,49,0.4500025717170469,0.42975004617473633,low_rank_residual_k30,0.02025252554231055
simWind_test.mat,simWind_test.mat#108,108,25,0.5662313077355093,0.5630504993707116,low_rank_residual_k30,0.003180808364797727
simWind_test.mat,simWind_test.mat#11,11,58,0.5161524670078635,0.48604579673568066,low_rank_residual_k30,0.03010667027218289
simWind_test.mat,simWind_test.mat#110,110,63,0.48601209920597316,0.4293153696711611,low_rank_residual_k30,0.056696729534812085
simWind_test.mat,simWind_test.mat#111,111,43,0.42073290653770573,0.42073290653770573,low_rank_residual_k30,0.0
simWind_test.mat,simWind_test.mat#112,112,47,0.5120293300210396,0.49075273427635874,low_rank_residual_k30,0.021276595744680826
simWind_test.mat,simWind_test.mat#113,113,14,0.4239808776952582,0.28112373483811526,low_rank_residual_k30,0.14285714285714296
simWind_test.mat,simWind_test.mat#114,114,36,0.5880843108400359,0.5880843108400359,low_rank_residual_k30,0.0
simWind_test.mat,simWind_test.mat#115,115,22,0.45593204516850533,0.45593204516850533,low_rank_residual_k30,0.0
simWind_test.mat,simWind_test.mat#116,116,27,0.5371988342064676,0.5251356088395581,low_rank_residual_k30,0.012063225366909514
simWind_test.mat,simWind_test.mat#117,117,56,0.46343027827338656,0.4501055126343399,low_rank_residual_k30,0.013324765639046665
simWind_test.mat,simWind_test.mat#118,118,57,0.45184077057782207,0.435959589980866,low_rank_residual_k30,0.01588118059695609
simWind_test.mat,simWind_test.mat#12,12,57,0.4689832487307987,0.4284489577123251,low_rank_residual_k30,0.04053429101847361
simWind_test.mat,simWind_test.mat#121,121,37,0.5483428822025712,0.5213158551755441,low_rank_residual_k30,0.027027027027027084
simWind_test.mat,simWind_test.mat#122,122,15,0.45177945796624847,0.38511279129958176,low_rank_residual_k30,0.06666666666666671
simWind_test.mat,simWind_test.mat#123,123,42,0.5608988633943354,0.5213979010552903,low_rank_residual_k30,0.0395009623390451
simWind_test.mat,simWind_test.mat#124,124,25,0.41198282459096264,0.41198282459096264,low_rank_residual_k30,0.0
simWind_test.mat,simWind_test.mat#125,125,59,0.488331616725008,0.4785092402992462,low_rank_residual_k30,0.009822376425761836
simWind_test.mat,simWind_test.mat#126,126,26,0.5307527159528487,0.47976398191798114,low_rank_residual_k30,0.05098873403486753
simWind_test.mat,simWind_test.mat#127,127,33,0.5532782317511521,0.4979537746327716,low_rank_residual_k30,0.05532445711838052
simWind_test.mat,simWind_test.mat#13,13,17,0.5704218623749285,0.48731283046591206,low_rank_residual_k30,0.08310903190901647
simWind_test.mat,simWind_test.mat#14,14,30,0.5742558884693633,0.5522878745280336,low_rank_residual_k30,0.021968013941329634
simWind_test.mat,simWind_test.mat#15,15,43,0.4718299218952356,0.4469021553674876,low_rank_residual_k30,0.024927766527747974
simWind_test.mat,simWind_test.mat#16,16,23,0.4912856789032201,0.40432915716408974,low_rank_residual_k30,0.08695652173913038
simWind_test.mat,simWind_test.mat#17,17,29,0.46134795944462104,0.3578996835825519,low_rank_residual_k30,0.10344827586206912
simWind_test.mat,simWind_test.mat#18,18,52,0.6244347270195262,0.4968162333087655,low_rank_residual_k30,0.12761849371076067
simWind_test.mat,simWind_test.mat#19,19,24,0.5898242788911556,0.5064909455578223,low_rank_residual_k30,0.08333333333333337
simWind_test.mat,simWind_test.mat#20,20,24,0.3358754161422597,0.294208749475593,low_rank_residual_k30,0.041666666666666685
simWind_test.mat,simWind_test.mat#21,21,17,0.7319622668329643,0.5554916785976702,low_rank_residual_k30,0.17647058823529405
simWind_test.mat,simWind_test.mat#22,22,52,0.5717700995702986,0.5178695545774867,low_rank_residual_k30,0.05390054499281183
simWind_test.mat,simWind_test.mat#23,23,55,0.4803925561745915,0.45931909402477533,low_rank_residual_k30,0.021073462149816147
simWind_test.mat,simWind_test.mat#24,24,37,0.5818174937528369,0.5301187493622077,low_rank_residual_k30,0.05169874439062916
simWind_test.mat,simWind_test.mat#25,25,30,0.5310824854293821,0.5035589159324969,low_rank_residual_k30,0.02752356949688517
simWind_test.mat,simWind_test.mat#26,26,63,0.4991185608711566,0.44909611373126596,low_rank_residual_k30,0.050022447139890625
simWind_test.mat,simWind_test.mat#27,27,59,0.5067578278698677,0.4324807338233226,low_rank_residual_k30,0.07427709404654509
simWind_test.mat,simWind_test.mat#28,28,26,0.596028549044148,0.4971095505559493,low_rank_residual_k30,0.09891899848819874
simWind_test.mat,simWind_test.mat#29,29,26,0.35738247562874176,0.3030419547651541,low_rank_residual_k30,0.05434052086358765
simWind_test.mat,simWind_test.mat#3,3,28,0.5976893893752743,0.5684722166438537,low_rank_residual_k30,0.02921717273142055
simWind_test.mat,simWind_test.mat#31,31,25,0.4951636329557603,0.4551636329557604,low_rank_residual_k30,0.039999999999999925
simWind_test.mat,simWind_test.mat#32,32,27,0.5616077385857227,0.48753366451164865,low_rank_residual_k30,0.07407407407407401
simWind_test.mat,simWind_test.mat#33,33,36,0.588296151074113,0.5814576267467072,low_rank_residual_k30,0.006838524327405837
simWind_test.mat,simWind_test.mat#34,34,59,0.4831989330025297,0.4678560975105552,low_rank_residual_k30,0.015342835491974516
simWind_test.mat,simWind_test.mat#35,35,55,0.5575959539161661,0.5076652834473186,low_rank_residual_k30,0.04993067046884747
simWind_test.mat,simWind_test.mat#36,36,13,0.7849844545231202,0.6311383006769664,low_rank_residual_k30,0.15384615384615374
simWind_test.mat,simWind_test.mat#38,38,43,0.572427761079109,0.560977208716941,low_rank_residual_k30,0.011450552362167965
simWind_test.mat,simWind_test.mat#39,39,36,0.5025420828089264,0.4910739288518909,low_rank_residual_k30,0.011468153957035543
simWind_test.mat,simWind_test.mat#40,40,28,0.5653598431600422,0.500700750729578,low_rank_residual_k30,0.0646590924304642
simWind_test.mat,simWind_test.mat#41,41,55,0.5288774046594399,0.5001588554027137,low_rank_residual_k30,0.028718549256726233
simWind_test.mat,simWind_test.mat#42,42,31,0.5938579296000362,0.4919533999793948,low_rank_residual_k30,0.10190452962064145
simWind_test.mat,simWind_test.mat#43,43,49,0.6076211049926852,0.5807214960849346,low_rank_residual_k30,0.02689960890775056
simWind_test.mat,simWind_test.mat#44,44,38,0.6387745827537256,0.5445766825137272,low_rank_residual_k30,0.09419790023999841
simWind_test.mat,simWind_test.mat#45,45,35,0.5667914816259417,0.45521355893947035,low_rank_residual_k30,0.11157792268647138
simWind_test.mat,simWind_test.mat#46,46,51,0.40495146997128595,0.39685630247220205,low_rank_residual_k30,0.0080951674990839
simWind_test.mat,simWind_test.mat#47,47,28,0.5560227227086075,0.5472303342876571,low_rank_residual_k30,0.008792388420950425
simWind_test.mat,simWind_test.mat#48,48,25,0.5957737328299026,0.5957737328299026,low_rank_residual_k30,0.0
simWind_test.mat,simWind_test.mat#49,49,33,0.4693671523248808,0.46190694396771087,low_rank_residual_k30,0.0074602083571699285
simWind_test.mat,simWind_test.mat#50,50,25,0.6462313077355094,0.6297171660373784,low_rank_residual_k30,0.016514141698131035
simWind_test.mat,simWind_test.mat#51,51,16,0.5232165359667018,0.5232165359667018,low_rank_residual_k30,0.0
simWind_test.mat,simWind_test.mat#52,52,59,0.4887193920687425,0.47177023952636965,low_rank_residual_k30,0.016949152542372836
simWind_test.mat,simWind_test.mat#53,53,49,0.5335693616348736,0.49453153423786783,low_rank_residual_k30,0.03903782739700573
simWind_test.mat,simWind_test.mat#54,54,36,0.5309553812889357,0.48950055485634625,low_rank_residual_k30,0.041454826432589464
simWind_test.mat,simWind_test.mat#55,55,24,0.35275988672669717,0.31109322006003043,low_rank_residual_k30,0.04166666666666674
simWind_test.mat,simWind_test.mat#56,56,19,0.5721823460772225,0.5504532122638922,low_rank_residual_k30,0.021729133813330304
simWind_test.mat,simWind_test.mat#59,59,39,0.709318177995244,0.6223957472985019,low_rank_residual_k30,0.0869224306967421
simWind_test.mat,simWind_test.mat#61,61,51,0.5490413882102445,0.4855401994384832,low_rank_residual_k30,0.06350118877176131
simWind_test.mat,simWind_test.mat#62,62,26,0.4669434690974683,0.4669434690974683,low_rank_residual_k30,0.0
simWind_test.mat,simWind_test.mat#63,63,58,0.5921046617324585,0.46031521481200444,low_rank_residual_k30,0.13178944692045402
simWind_test.mat,simWind_test.mat#64,64,16,0.5644065621066948,0.5019065621066948,low_rank_residual_k30,0.0625
simWind_test.mat,simWind_test.mat#65,65,30,0.39887457604802434,0.3322079093813577,low_rank_residual_k30,0.06666666666666665
simWind_test.mat,simWind_test.mat#67,67,44,0.4914095448824651,0.48202650982670886,low_rank_residual_k30,0.009383035055756217
simWind_test.mat,simWind_test.mat#69,69,41,0.506483119419873,0.4904089628774367,low_rank_residual_k30,0.016074156542436324
simWind_test.mat,simWind_test.mat#7,7,50,0.5746409035531106,0.496383832704045,low_rank_residual_k30,0.07825707084906558
simWind_test.mat,simWind_test.mat#70,70,43,0.5997368986394216,0.49728975226671235,low_rank_residual_k30,0.10244714637270924
simWind_test.mat,simWind_test.mat#71,71,27,0.4193499762983111,0.41023194386177003,low_rank_residual_k30,0.00911803243654108
simWind_test.mat,simWind_test.mat#72,72,37,0.6554204161989524,0.5640055905571643,low_rank_residual_k30,0.09141482564178816
simWind_test.mat,simWind_test.mat#74,74,35,0.5960165886339513,0.5533773385890022,low_rank_residual_k30,0.04263925004494917
simWind_test.mat,simWind_test.mat#75,75,60,0.5168122841191541,0.4822807181076015,low_rank_residual_k30,0.03453156601155266
simWind_test.mat,simWind_test.mat#76,76,27,0.6289440658627514,0.5833539036800458,low_rank_residual_k30,0.04559016218270562
simWind_test.mat,simWind_test.mat#77,77,63,0.4745827276876538,0.4431998506286116,low_rank_residual_k30,0.03138287705904219
simWind_test.mat,simWind_test.mat#78,78,25,0.5630504993707116,0.5598696910059139,low_rank_residual_k30,0.003180808364797727
simWind_test.mat,simWind_test.mat#79,79,26,0.5405147591918252,0.4635916822687482,low_rank_residual_k30,0.07692307692307704
simWind_test.mat,simWind_test.mat#8,8,24,0.6348042876044867,0.6142887146222691,low_rank_residual_k30,0.020515572982217622
simWind_test.mat,simWind_test.mat#80,80,15,0.6141616104818227,0.5866380409849375,low_rank_residual_k30,0.02752356949688517
simWind_test.mat,simWind_test.mat#82,82,31,0.48682306390714025,0.46275251952692703,low_rank_residual_k30,0.02407054438021322
simWind_test.mat,simWind_test.mat#84,84,40,0.6090145150547074,0.47407448891471454,low_rank_residual_k30,0.13494002613999284
simWind_test.mat,simWind_test.mat#85,85,31,0.6422450263742298,0.48401188785724597,low_rank_residual_k30,0.15823313851698378
simWind_test.mat,simWind_test.mat#86,86,44,0.6447319738776154,0.5429792180885321,low_rank_residual_k30,0.10175275578908327
simWind_test.mat,simWind_test.mat#87,87,47,0.4478750215773468,0.43216096567607387,low_rank_residual_k30,0.01571405590127295
simWind_test.mat,simWind_test.mat#88,88,43,0.45245007693399536,0.45245007693399536,low_rank_residual_k30,0.0
simWind_test.mat,simWind_test.mat#89,89,50,0.5862313077355094,0.5033555493077828,low_rank_residual_k30,0.08287575842772654
simWind_test.mat,simWind_test.mat#9,9,23,0.6582839215884425,0.6148056607188772,low_rank_residual_k30,0.0434782608695653
simWind_test.mat,simWind_test.mat#90,90,15,0.5401599302933521,0.34015993029335206,low_rank_residual_k30,0.2
simWind_test.mat,simWind_test.mat#91,91,46,0.47399867692062375,0.47399867692062375,low_rank_residual_k30,0.0
simWind_test.mat,simWind_test.mat#92,92,61,0.5182153442876973,0.4446948934164441,low_rank_residual_k30,0.07352045087125325
simWind_test.mat,simWind_test.mat#93,93,63,0.4442199730455383,0.4036383625084017,low_rank_residual_k30,0.0405816105371366
simWind_test.mat,simWind_test.mat#94,94,20,0.37216792680801963,0.22216792680801967,low_rank_residual_k30,0.14999999999999997
simWind_test.mat,simWind_test.mat#95,95,34,0.5832375178965054,0.46370023224161167,low_rank_residual_k30,0.11953728565489369
simWind_test.mat,simWind_test.mat#97,97,60,0.45728071810760146,0.43941581876271546,low_rank_residual_k30,0.017864899344886
simWind_test.mat,simWind_test.mat#99,99,40,0.5294665359667018,0.47587183793204363,low_rank_residual_k30,0.05359469803465816
