asset,pfa_target,method,method_family,pd_mean,empirical_pfa_mean,n_items
simMed_test.mat,1e-05,low_rank_residual_k30_ca_cfar_local,classical_local_cfar,0.08825666226075345,0.0,105
simMed_test.mat,1e-05,low_rank_residual_k30_global_topk,global,0.09885361114797112,0.0,105
simMed_test.mat,1e-05,low_rank_residual_k30_goca_cfar_local,classical_local_cfar,0.08896681357733874,0.0,105
simMed_test.mat,1e-05,low_rank_residual_k30_os75_cfar_local,classical_local_cfar,0.09204693641187521,0.0,105
simMed_test.mat,1e-05,low_rank_residual_k30_soca_cfar_local,classical_local_cfar,0.004073994204156571,0.0,105
simMed_test.mat,1e-05,raw_ca_cfar_local,classical_local_cfar,0.07634087668228712,0.0,105
simMed_test.mat,1e-05,raw_global_topk,global,0.0783311427619855,0.0,105
simMed_test.mat,1e-05,raw_goca_cfar_local,classical_local_cfar,0.07090285405382506,0.0,105
simMed_test.mat,1e-05,raw_os75_cfar_local,classical_local_cfar,0.079991727611155,0.0,105
simMed_test.mat,1e-05,raw_soca_cfar_local,classical_local_cfar,0.004357927161146121,0.0,105
simMed_test.mat,1e-05,tpsscs_finished_detector,proposed,0.18454489041963204,0.0,105
simMed_test.mat,3e-05,low_rank_residual_k30_ca_cfar_local,classical_local_cfar,0.14527509161538488,1.526753812803079e-05,105
simMed_test.mat,3e-05,low_rank_residual_k30_global_topk,global,0.1503500214703694,1.526753812803079e-05,105
simMed_test.mat,3e-05,low_rank_residual_k30_goca_cfar_local,classical_local_cfar,0.1415894007914991,1.526753812803079e-05,105
simMed_test.mat,3e-05,low_rank_residual_k30_os75_cfar_local,classical_local_cfar,0.1451408551035935,1.526753812803079e-05,105
simMed_test.mat,3e-05,low_rank_residual_k30_soca_cfar_local,classical_local_cfar,0.00480941658706091,1.526753812803079e-05,105
simMed_test.mat,3e-05,raw_ca_cfar_local,classical_local_cfar,0.11269203822272986,1.526753812803079e-05,105
simMed_test.mat,3e-05,raw_global_topk,global,0.11489453378068927,1.526753812803079e-05,105
simMed_test.mat,3e-05,raw_goca_cfar_local,classical_local_cfar,0.1076274088906929,1.526753812803079e-05,105
simMed_test.mat,3e-05,raw_os75_cfar_local,classical_local_cfar,0.11592608743611071,1.526753812803079e-05,105
simMed_test.mat,3e-05,raw_soca_cfar_local,classical_local_cfar,0.005327378470220072,1.526753812803079e-05,105
simMed_test.mat,3e-05,tpsscs_finished_detector,proposed,0.23292866331646775,1.526753812803079e-05,105
simMed_test.mat,0.0001,low_rank_residual_k30_ca_cfar_local,classical_local_cfar,0.2935145957420575,9.160522876818475e-05,105
simMed_test.mat,0.0001,low_rank_residual_k30_global_topk,global,0.2943857234377076,9.160522876818475e-05,105
simMed_test.mat,0.0001,low_rank_residual_k30_goca_cfar_local,classical_local_cfar,0.28952948313921983,9.160522876818475e-05,105
simMed_test.mat,0.0001,low_rank_residual_k30_os75_cfar_local,classical_local_cfar,0.29888625522916534,9.160522876818475e-05,105
simMed_test.mat,0.0001,low_rank_residual_k30_soca_cfar_local,classical_local_cfar,0.0055109584650733755,9.160522876818475e-05,105
simMed_test.mat,0.0001,raw_ca_cfar_local,classical_local_cfar,0.20567502719181355,9.160522876818475e-05,105
simMed_test.mat,0.0001,raw_global_topk,global,0.19556315067817254,9.160522876818475e-05,105
simMed_test.mat,0.0001,raw_goca_cfar_local,classical_local_cfar,0.1991552630082605,9.160522876818475e-05,105
simMed_test.mat,0.0001,raw_os75_cfar_local,classical_local_cfar,0.21504703268337666,9.160522876818475e-05,105
simMed_test.mat,0.0001,raw_soca_cfar_local,classical_local_cfar,0.006473999514470589,9.160522876818475e-05,105
simMed_test.mat,0.0001,tpsscs_finished_detector,proposed,0.3631281887560889,9.160522876818475e-05,105
simMed_test.mat,0.0003,low_rank_residual_k30_ca_cfar_local,classical_local_cfar,0.4577281769626305,0.00029008322443258505,105
simMed_test.mat,0.0003,low_rank_residual_k30_global_topk,global,0.45748134897575243,0.00029008322443258505,105
simMed_test.mat,0.0003,low_rank_residual_k30_goca_cfar_local,classical_local_cfar,0.4488996759063244,0.00029008322443258505,105
simMed_test.mat,0.0003,low_rank_residual_k30_os75_cfar_local,classical_local_cfar,0.45909349605340555,0.00029008322443258505,105
simMed_test.mat,0.0003,low_rank_residual_k30_soca_cfar_local,classical_local_cfar,0.0055109584650733755,0.00029008322443258505,105
simMed_test.mat,0.0003,raw_ca_cfar_local,classical_local_cfar,0.333570157859788,0.00029008322443258505,105
simMed_test.mat,0.0003,raw_global_topk,global,0.2685671393591548,0.00029008322443258505,105
simMed_test.mat,0.0003,raw_goca_cfar_local,classical_local_cfar,0.3267179834775907,0.00029008322443258505,105
simMed_test.mat,0.0003,raw_os75_cfar_local,classical_local_cfar,0.3434777902930234,0.00029008322443258505,105
simMed_test.mat,0.0003,raw_soca_cfar_local,classical_local_cfar,0.007928332897248444,0.00029008322443258505,105
simMed_test.mat,0.0003,tpsscs_finished_detector,proposed,0.5154646610355453,0.00029008322443258505,105
simMed_test.mat,0.001,low_rank_residual_k30_ca_cfar_local,classical_local_cfar,0.6638353269610386,0.0009923899783220015,105
simMed_test.mat,0.001,low_rank_residual_k30_global_topk,global,0.6488084401825713,0.0009923899783220015,105
simMed_test.mat,0.001,low_rank_residual_k30_goca_cfar_local,classical_local_cfar,0.651187922712495,0.0009923899783220015,105
simMed_test.mat,0.001,low_rank_residual_k30_os75_cfar_local,classical_local_cfar,0.6662843162471395,0.0009923899783220015,105
simMed_test.mat,0.001,low_rank_residual_k30_soca_cfar_local,classical_local_cfar,0.006170299124414035,0.0009923899783220015,105
simMed_test.mat,0.001,raw_ca_cfar_local,classical_local_cfar,0.5379912978290595,0.0009923899783220015,105
simMed_test.mat,0.001,raw_global_topk,global,0.35694212605591935,0.0009923899783220015,105
simMed_test.mat,0.001,raw_goca_cfar_local,classical_local_cfar,0.5120814138898979,0.0009923899783220015,105
simMed_test.mat,0.001,raw_os75_cfar_local,classical_local_cfar,0.516576003990256,0.0009923899783220015,105
simMed_test.mat,0.001,raw_soca_cfar_local,classical_local_cfar,0.008593038138612723,0.0009923899783220015,105
simMed_test.mat,0.001,tpsscs_finished_detector,proposed,0.6957533928816516,0.0009923899783220015,105
simMed_test.mat,0.003,low_rank_residual_k30_ca_cfar_local,classical_local_cfar,0.7826915597718721,0.002992437473094035,105
simMed_test.mat,0.003,low_rank_residual_k30_global_topk,global,0.7763674110573479,0.002992437473094035,105
simMed_test.mat,0.003,low_rank_residual_k30_goca_cfar_local,classical_local_cfar,0.7690288147914014,0.002992437473094035,105
simMed_test.mat,0.003,low_rank_residual_k30_os75_cfar_local,classical_local_cfar,0.7882172721197522,0.002992437473094035,105
simMed_test.mat,0.003,low_rank_residual_k30_soca_cfar_local,classical_local_cfar,0.006170299124414035,0.002992437473094035,105
simMed_test.mat,0.003,raw_ca_cfar_local,classical_local_cfar,0.6599231651023713,0.002992437473094035,105
simMed_test.mat,0.003,raw_global_topk,global,0.4673269223287094,0.002992437473094035,105
simMed_test.mat,0.003,raw_goca_cfar_local,classical_local_cfar,0.6295428365372249,0.002992437473094035,105
simMed_test.mat,0.003,raw_os75_cfar_local,classical_local_cfar,0.6423787688905932,0.002992437473094035,105
simMed_test.mat,0.003,raw_soca_cfar_local,classical_local_cfar,0.0090692286148032,0.002992437473094035,105
simMed_test.mat,0.003,tpsscs_finished_detector,proposed,0.8138666025670929,0.002992437473094035,105
simMed_test.mat,0.01,low_rank_residual_k30_ca_cfar_local,classical_local_cfar,0.8406785561742827,0.009992820396478995,105
simMed_test.mat,0.01,low_rank_residual_k30_global_topk,global,0.8382638287231589,0.009992820396478995,105
simMed_test.mat,0.01,low_rank_residual_k30_goca_cfar_local,classical_local_cfar,0.8302791969544315,0.009992820396478995,105
simMed_test.mat,0.01,low_rank_residual_k30_os75_cfar_local,classical_local_cfar,0.8476619257223119,0.009992820396478995,105
simMed_test.mat,0.01,low_rank_residual_k30_soca_cfar_local,classical_local_cfar,0.00736210216141831,0.009992820396478995,105
simMed_test.mat,0.01,raw_ca_cfar_local,classical_local_cfar,0.7753874013216602,0.009992820396478995,105
simMed_test.mat,0.01,raw_global_topk,global,0.6340198282838332,0.009992820396478995,105
simMed_test.mat,0.01,raw_goca_cfar_local,classical_local_cfar,0.7532850524057834,0.009992820396478995,105
simMed_test.mat,0.01,raw_os75_cfar_local,classical_local_cfar,0.7736590909634624,0.009992820396478995,105
simMed_test.mat,0.01,raw_soca_cfar_local,classical_local_cfar,0.0090692286148032,0.009992820396478995,105
simMed_test.mat,0.01,tpsscs_finished_detector,proposed,0.8692331860864192,0.009992820396478995,105
simWind_test.mat,1e-05,low_rank_residual_k30_ca_cfar_local,classical_local_cfar,0.09138533890598528,0.0,105
simWind_test.mat,1e-05,low_rank_residual_k30_global_topk,global,0.10406778999802849,0.0,105
simWind_test.mat,1e-05,low_rank_residual_k30_goca_cfar_local,classical_local_cfar,0.09303911380666288,0.0,105
simWind_test.mat,1e-05,low_rank_residual_k30_os75_cfar_local,classical_local_cfar,0.08893086283791657,0.0,105
simWind_test.mat,1e-05,low_rank_residual_k30_soca_cfar_local,classical_local_cfar,0.004073994204156571,0.0,105
simWind_test.mat,1e-05,raw_ca_cfar_local,classical_local_cfar,0.07416598258980198,0.0,105
simWind_test.mat,1e-05,raw_global_topk,global,0.0815710388412704,0.0,105
simWind_test.mat,1e-05,raw_goca_cfar_local,classical_local_cfar,0.07382804854956966,0.0,105
simWind_test.mat,1e-05,raw_os75_cfar_local,classical_local_cfar,0.07814808261955117,0.0,105
simWind_test.mat,1e-05,raw_soca_cfar_local,classical_local_cfar,0.004357927161146121,0.0,105
simWind_test.mat,1e-05,tpsscs_finished_detector,proposed,0.184519215649939,0.0,105
simWind_test.mat,3e-05,low_rank_residual_k30_ca_cfar_local,classical_local_cfar,0.14742523112947958,1.526753812803079e-05,105
simWind_test.mat,3e-05,low_rank_residual_k30_global_topk,global,0.163758064783849,1.526753812803079e-05,105
simWind_test.mat,3e-05,low_rank_residual_k30_goca_cfar_local,classical_local_cfar,0.1457879054081044,1.526753812803079e-05,105
simWind_test.mat,3e-05,low_rank_residual_k30_os75_cfar_local,classical_local_cfar,0.1479025331788767,1.526753812803079e-05,105
simWind_test.mat,3e-05,low_rank_residual_k30_soca_cfar_local,classical_local_cfar,0.00480941658706091,1.526753812803079e-05,105
simWind_test.mat,3e-05,raw_ca_cfar_local,classical_local_cfar,0.1115557299352657,1.526753812803079e-05,105
simWind_test.mat,3e-05,raw_global_topk,global,0.12712998216772955,1.526753812803079e-05,105
simWind_test.mat,3e-05,raw_goca_cfar_local,classical_local_cfar,0.10815980159408951,1.526753812803079e-05,105
simWind_test.mat,3e-05,raw_os75_cfar_local,classical_local_cfar,0.11874432974599186,1.526753812803079e-05,105
simWind_test.mat,3e-05,raw_soca_cfar_local,classical_local_cfar,0.0051686483114899125,1.526753812803079e-05,105
simWind_test.mat,3e-05,tpsscs_finished_detector,proposed,0.23871466421913765,1.526753812803079e-05,105
simWind_test.mat,0.0001,low_rank_residual_k30_ca_cfar_local,classical_local_cfar,0.29741652070345204,9.160522876818475e-05,105
simWind_test.mat,0.0001,low_rank_residual_k30_global_topk,global,0.31075641617749705,9.160522876818475e-05,105
simWind_test.mat,0.0001,low_rank_residual_k30_goca_cfar_local,classical_local_cfar,0.2918840177794008,9.160522876818475e-05,105
simWind_test.mat,0.0001,low_rank_residual_k30_os75_cfar_local,classical_local_cfar,0.2955315080417721,9.160522876818475e-05,105
simWind_test.mat,0.0001,low_rank_residual_k30_soca_cfar_local,classical_local_cfar,0.005324217101861425,9.160522876818475e-05,105
simWind_test.mat,0.0001,raw_ca_cfar_local,classical_local_cfar,0.21247618502501958,9.160522876818475e-05,105
simWind_test.mat,0.0001,raw_global_topk,global,0.21430520549964138,9.160522876818475e-05,105
simWind_test.mat,0.0001,raw_goca_cfar_local,classical_local_cfar,0.2085579623603874,9.160522876818475e-05,105
simWind_test.mat,0.0001,raw_os75_cfar_local,classical_local_cfar,0.22108762165820933,9.160522876818475e-05,105
simWind_test.mat,0.0001,raw_soca_cfar_local,classical_local_cfar,0.006473999514470589,9.160522876818475e-05,105
simWind_test.mat,0.0001,tpsscs_finished_detector,proposed,0.37324521082765943,9.160522876818475e-05,105
simWind_test.mat,0.0003,low_rank_residual_k30_ca_cfar_local,classical_local_cfar,0.4765116413498008,0.00029008322443258505,105
simWind_test.mat,0.0003,low_rank_residual_k30_global_topk,global,0.486945497023541,0.00029008322443258505,105
simWind_test.mat,0.0003,low_rank_residual_k30_goca_cfar_local,classical_local_cfar,0.4641234573763571,0.00029008322443258505,105
simWind_test.mat,0.0003,low_rank_residual_k30_os75_cfar_local,classical_local_cfar,0.4711969676070305,0.00029008322443258505,105
simWind_test.mat,0.0003,low_rank_residual_k30_soca_cfar_local,classical_local_cfar,0.0055109584650733755,0.00029008322443258505,105
simWind_test.mat,0.0003,raw_ca_cfar_local,classical_local_cfar,0.3485400919788131,0.00029008322443258505,105
simWind_test.mat,0.0003,raw_global_topk,global,0.29322671847155846,0.00029008322443258505,105
simWind_test.mat,0.0003,raw_goca_cfar_local,classical_local_cfar,0.33924569000205856,0.00029008322443258505,105
simWind_test.mat,0.0003,raw_os75_cfar_local,classical_local_cfar,0.35503144898456684,0.00029008322443258505,105
simWind_test.mat,0.0003,raw_soca_cfar_local,classical_local_cfar,0.007928332897248444,0.00029008322443258505,105
simWind_test.mat,0.0003,tpsscs_finished_detector,proposed,0.5368152651851739,0.00029008322443258505,105
simWind_test.mat,0.001,low_rank_residual_k30_ca_cfar_local,classical_local_cfar,0.6787585226814273,0.0009923899783220015,105
simWind_test.mat,0.001,low_rank_residual_k30_global_topk,global,0.6696725698476255,0.0009923899783220015,105
simWind_test.mat,0.001,low_rank_residual_k30_goca_cfar_local,classical_local_cfar,0.6720604569437125,0.0009923899783220015,105
simWind_test.mat,0.001,low_rank_residual_k30_os75_cfar_local,classical_local_cfar,0.67688291198698,0.0009923899783220015,105
simWind_test.mat,0.001,low_rank_residual_k30_soca_cfar_local,classical_local_cfar,0.006170299124414035,0.0009923899783220015,105
simWind_test.mat,0.001,raw_ca_cfar_local,classical_local_cfar,0.5612123125225824,0.0009923899783220015,105
simWind_test.mat,0.001,raw_global_topk,global,0.397208550062243,0.0009923899783220015,105
simWind_test.mat,0.001,raw_goca_cfar_local,classical_local_cfar,0.5424811761268213,0.0009923899783220015,105
simWind_test.mat,0.001,raw_os75_cfar_local,classical_local_cfar,0.5438449772932431,0.0009923899783220015,105
simWind_test.mat,0.001,raw_soca_cfar_local,classical_local_cfar,0.008593038138612723,0.0009923899783220015,105
simWind_test.mat,0.001,tpsscs_finished_detector,proposed,0.709979513423963,0.0009923899783220015,105
simWind_test.mat,0.003,low_rank_residual_k30_ca_cfar_local,classical_local_cfar,0.7873591109307742,0.002992437473094035,105
simWind_test.mat,0.003,low_rank_residual_k30_global_topk,global,0.7791822124386072,0.002992437473094035,105
simWind_test.mat,0.003,low_rank_residual_k30_goca_cfar_local,classical_local_cfar,0.7764591097849384,0.002992437473094035,105
simWind_test.mat,0.003,low_rank_residual_k30_os75_cfar_local,classical_local_cfar,0.7878200383562802,0.002992437473094035,105
simWind_test.mat,0.003,low_rank_residual_k30_soca_cfar_local,classical_local_cfar,0.006170299124414035,0.002992437473094035,105
simWind_test.mat,0.003,raw_ca_cfar_local,classical_local_cfar,0.6834677607278513,0.002992437473094035,105
simWind_test.mat,0.003,raw_global_topk,global,0.5055982782592047,0.002992437473094035,105
simWind_test.mat,0.003,raw_goca_cfar_local,classical_local_cfar,0.658685177990422,0.002992437473094035,105
simWind_test.mat,0.003,raw_os75_cfar_local,classical_local_cfar,0.6742150909938487,0.002992437473094035,105
simWind_test.mat,0.003,raw_soca_cfar_local,classical_local_cfar,0.0090692286148032,0.002992437473094035,105
simWind_test.mat,0.003,tpsscs_finished_detector,proposed,0.8122135397335509,0.002992437473094035,105
simWind_test.mat,0.01,low_rank_residual_k30_ca_cfar_local,classical_local_cfar,0.8453874220628611,0.009992820396478995,105
simWind_test.mat,0.01,low_rank_residual_k30_global_topk,global,0.8393465413357233,0.009992820396478995,105
simWind_test.mat,0.01,low_rank_residual_k30_goca_cfar_local,classical_local_cfar,0.8359488253176012,0.009992820396478995,105
simWind_test.mat,0.01,low_rank_residual_k30_os75_cfar_local,classical_local_cfar,0.8470051964175529,0.009992820396478995,105
simWind_test.mat,0.01,low_rank_residual_k30_soca_cfar_local,classical_local_cfar,0.0071114755950022705,0.009992820396478995,105
simWind_test.mat,0.01,raw_ca_cfar_local,classical_local_cfar,0.8020353048379435,0.009992820396478995,105
simWind_test.mat,0.01,raw_global_topk,global,0.6761250342301373,0.009992820396478995,105
simWind_test.mat,0.01,raw_goca_cfar_local,classical_local_cfar,0.7804716388024998,0.009992820396478995,105
simWind_test.mat,0.01,raw_os75_cfar_local,classical_local_cfar,0.7946190488240411,0.009992820396478995,105
simWind_test.mat,0.01,raw_soca_cfar_local,classical_local_cfar,0.0090692286148032,0.009992820396478995,105
simWind_test.mat,0.01,tpsscs_finished_detector,proposed,0.8663473290962684,0.009992820396478995,105
combined,1e-05,low_rank_residual_k30_ca_cfar_local,classical_local_cfar,0.08982100058336938,0.0,210
combined,1e-05,low_rank_residual_k30_global_topk,global,0.1014607005729998,0.0,210
combined,1e-05,low_rank_residual_k30_goca_cfar_local,classical_local_cfar,0.09100296369200082,0.0,210
combined,1e-05,low_rank_residual_k30_os75_cfar_local,classical_local_cfar,0.0904888996248959,0.0,210
combined,1e-05,low_rank_residual_k30_soca_cfar_local,classical_local_cfar,0.004073994204156571,0.0,210
combined,1e-05,raw_ca_cfar_local,classical_local_cfar,0.07525342963604455,0.0,210
combined,1e-05,raw_global_topk,global,0.07995109080162795,0.0,210
combined,1e-05,raw_goca_cfar_local,classical_local_cfar,0.07236545130169736,0.0,210
combined,1e-05,raw_os75_cfar_local,classical_local_cfar,0.07906990511535307,0.0,210
combined,1e-05,raw_soca_cfar_local,classical_local_cfar,0.004357927161146121,0.0,210
combined,1e-05,tpsscs_finished_detector,proposed,0.1845320530347855,0.0,210
combined,3e-05,low_rank_residual_k30_ca_cfar_local,classical_local_cfar,0.1463501613724322,1.526753812803079e-05,210
combined,3e-05,low_rank_residual_k30_global_topk,global,0.15705404312710922,1.526753812803079e-05,210
combined,3e-05,low_rank_residual_k30_goca_cfar_local,classical_local_cfar,0.14368865309980175,1.526753812803079e-05,210
combined,3e-05,low_rank_residual_k30_os75_cfar_local,classical_local_cfar,0.1465216941412351,1.526753812803079e-05,210
combined,3e-05,low_rank_residual_k30_soca_cfar_local,classical_local_cfar,0.00480941658706091,1.526753812803079e-05,210
combined,3e-05,raw_ca_cfar_local,classical_local_cfar,0.11212388407899777,1.526753812803079e-05,210
combined,3e-05,raw_global_topk,global,0.12101225797420942,1.526753812803079e-05,210
combined,3e-05,raw_goca_cfar_local,classical_local_cfar,0.10789360524239121,1.526753812803079e-05,210
combined,3e-05,raw_os75_cfar_local,classical_local_cfar,0.11733520859105129,1.526753812803079e-05,210
combined,3e-05,raw_soca_cfar_local,classical_local_cfar,0.005248013390854993,1.526753812803079e-05,210
combined,3e-05,tpsscs_finished_detector,proposed,0.23582166376780267,1.526753812803079e-05,210
combined,0.0001,low_rank_residual_k30_ca_cfar_local,classical_local_cfar,0.2954655582227548,9.160522876818475e-05,210
combined,0.0001,low_rank_residual_k30_global_topk,global,0.30257106980760234,9.160522876818475e-05,210
combined,0.0001,low_rank_residual_k30_goca_cfar_local,classical_local_cfar,0.2907067504593103,9.160522876818475e-05,210
combined,0.0001,low_rank_residual_k30_os75_cfar_local,classical_local_cfar,0.2972088816354687,9.160522876818475e-05,210
combined,0.0001,low_rank_residual_k30_soca_cfar_local,classical_local_cfar,0.0054175877834674,9.160522876818475e-05,210
combined,0.0001,raw_ca_cfar_local,classical_local_cfar,0.20907560610841655,9.160522876818475e-05,210
combined,0.0001,raw_global_topk,global,0.20493417808890696,9.160522876818475e-05,210
combined,0.0001,raw_goca_cfar_local,classical_local_cfar,0.20385661268432395,9.160522876818475e-05,210
combined,0.0001,raw_os75_cfar_local,classical_local_cfar,0.218067327170793,9.160522876818475e-05,210
combined,0.0001,raw_soca_cfar_local,classical_local_cfar,0.006473999514470589,9.160522876818475e-05,210
combined,0.0001,tpsscs_finished_detector,proposed,0.3681866997918742,9.160522876818475e-05,210
combined,0.0003,low_rank_residual_k30_ca_cfar_local,classical_local_cfar,0.46711990915621565,0.00029008322443258505,210
combined,0.0003,low_rank_residual_k30_global_topk,global,0.47221342299964675,0.00029008322443258505,210
combined,0.0003,low_rank_residual_k30_goca_cfar_local,classical_local_cfar,0.45651156664134074,0.00029008322443258505,210
combined,0.0003,low_rank_residual_k30_os75_cfar_local,classical_local_cfar,0.465145231830218,0.00029008322443258505,210
combined,0.0003,low_rank_residual_k30_soca_cfar_local,classical_local_cfar,0.0055109584650733755,0.00029008322443258505,210
combined,0.0003,raw_ca_cfar_local,classical_local_cfar,0.3410551249193005,0.00029008322443258505,210
combined,0.0003,raw_global_topk,global,0.2808969289153566,0.00029008322443258505,210
combined,0.0003,raw_goca_cfar_local,classical_local_cfar,0.3329818367398246,0.00029008322443258505,210
combined,0.0003,raw_os75_cfar_local,classical_local_cfar,0.3492546196387951,0.00029008322443258505,210
combined,0.0003,raw_soca_cfar_local,classical_local_cfar,0.007928332897248444,0.00029008322443258505,210
combined,0.0003,tpsscs_finished_detector,proposed,0.5261399631103596,0.00029008322443258505,210
combined,0.001,low_rank_residual_k30_ca_cfar_local,classical_local_cfar,0.6712969248212329,0.0009923899783220015,210
combined,0.001,low_rank_residual_k30_global_topk,global,0.6592405050150983,0.0009923899783220015,210
combined,0.001,low_rank_residual_k30_goca_cfar_local,classical_local_cfar,0.6616241898281038,0.0009923899783220015,210
combined,0.001,low_rank_residual_k30_os75_cfar_local,classical_local_cfar,0.6715836141170598,0.0009923899783220015,210
combined,0.001,low_rank_residual_k30_soca_cfar_local,classical_local_cfar,0.006170299124414035,0.0009923899783220015,210
combined,0.001,raw_ca_cfar_local,classical_local_cfar,0.549601805175821,0.0009923899783220015,210
combined,0.001,raw_global_topk,global,0.37707533805908117,0.0009923899783220015,210
combined,0.001,raw_goca_cfar_local,classical_local_cfar,0.5272812950083596,0.0009923899783220015,210
combined,0.001,raw_os75_cfar_local,classical_local_cfar,0.5302104906417496,0.0009923899783220015,210
combined,0.001,raw_soca_cfar_local,classical_local_cfar,0.008593038138612723,0.0009923899783220015,210
combined,0.001,tpsscs_finished_detector,proposed,0.7028664531528073,0.0009923899783220015,210
combined,0.003,low_rank_residual_k30_ca_cfar_local,classical_local_cfar,0.7850253353513232,0.002992437473094035,210
combined,0.003,low_rank_residual_k30_global_topk,global,0.7777748117479776,0.002992437473094035,210
combined,0.003,low_rank_residual_k30_goca_cfar_local,classical_local_cfar,0.7727439622881699,0.002992437473094035,210
combined,0.003,low_rank_residual_k30_os75_cfar_local,classical_local_cfar,0.7880186552380163,0.002992437473094035,210
combined,0.003,low_rank_residual_k30_soca_cfar_local,classical_local_cfar,0.006170299124414035,0.002992437473094035,210
combined,0.003,raw_ca_cfar_local,classical_local_cfar,0.6716954629151112,0.002992437473094035,210
combined,0.003,raw_global_topk,global,0.48646260029395705,0.002992437473094035,210
combined,0.003,raw_goca_cfar_local,classical_local_cfar,0.6441140072638234,0.002992437473094035,210
combined,0.003,raw_os75_cfar_local,classical_local_cfar,0.6582969299422209,0.002992437473094035,210
combined,0.003,raw_soca_cfar_local,classical_local_cfar,0.0090692286148032,0.002992437473094035,210
combined,0.003,tpsscs_finished_detector,proposed,0.813040071150322,0.002992437473094035,210
combined,0.01,low_rank_residual_k30_ca_cfar_local,classical_local_cfar,0.8430329891185718,0.009992820396478995,210
combined,0.01,low_rank_residual_k30_global_topk,global,0.8388051850294409,0.009992820396478995,210
combined,0.01,low_rank_residual_k30_goca_cfar_local,classical_local_cfar,0.8331140111360165,0.009992820396478995,210
combined,0.01,low_rank_residual_k30_os75_cfar_local,classical_local_cfar,0.8473335610699323,0.009992820396478995,210
combined,0.01,low_rank_residual_k30_soca_cfar_local,classical_local_cfar,0.00723678887821029,0.009992820396478995,210
combined,0.01,raw_ca_cfar_local,classical_local_cfar,0.7887113530798018,0.009992820396478995,210
combined,0.01,raw_global_topk,global,0.6550724312569852,0.009992820396478995,210
combined,0.01,raw_goca_cfar_local,classical_local_cfar,0.7668783456041416,0.009992820396478995,210
combined,0.01,raw_os75_cfar_local,classical_local_cfar,0.7841390698937518,0.009992820396478995,210
combined,0.01,raw_soca_cfar_local,classical_local_cfar,0.0090692286148032,0.009992820396478995,210
combined,0.01,tpsscs_finished_detector,proposed,0.8677902575913439,0.009992820396478995,210
