asset,comparator,pfa_target,n_items,target_pd_mean,comparator_pd_mean,mean_delta_pd,median_delta_pd,q05_delta_pd,min_delta_pd,max_delta_pd,bootstrap_ci95_low,bootstrap_ci95_high,wins,ties,losses,win_fraction,nonnegative_fraction,matched_sign_effect,one_sided_sign_p,bh_fdr_q_all_tests,positive_bootstrap_ci,significant_bh_0p05
combined,low_rank_residual_k30,1e-05,210,0.1845320530347855,0.10146070057299979,0.08307135246178572,0.0714690867838911,0.0,0.0,0.2666666666666667,0.07529104530054878,0.09105972380775279,195,15,0,0.9285714285714286,1.0,1.0,1.9913648889155653e-59,1.2545598800168062e-57,True,True
combined,low_rank_residual_k30,3e-05,210,0.23582166376780267,0.1570540431271092,0.07876762064069348,0.06666666666666671,0.0,0.0,0.26666666666666666,0.07089966464109333,0.08660742861037146,191,19,0,0.9095238095238095,1.0,1.0,3.1861838222649046e-58,6.6909860267563e-57,True,True
combined,low_rank_residual_k30,0.0001,210,0.36818669979187413,0.3025710698076023,0.06561562998427185,0.051315789473684245,0.0,0.0,0.26666666666666666,0.05844265396694595,0.07292118717162047,182,28,0,0.8666666666666667,1.0,1.0,1.6313261169996311e-55,2.0554709074195352e-54,True,True
combined,low_rank_residual_k30,0.0003,210,0.5261399631103596,0.47221342299964675,0.053926540110712906,0.040000000000000036,0.0,0.0,0.26666666666666666,0.04657418263122856,0.06148734293034752,154,56,0,0.7333333333333333,1.0,1.0,4.3790577010150533e-47,3.0653403907105373e-46,True,True
combined,low_rank_residual_k30,0.001,210,0.7028664531528074,0.6592405050150985,0.04362594813770896,0.03102453102453101,0.0,0.0,0.26666666666666666,0.03689680209048602,0.05083810288936379,127,83,0,0.6047619047619047,1.0,1.0,5.877471754111438e-39,3.0856726709085047e-38,True,True
combined,low_rank_residual_k30,0.003,210,0.8130400711503218,0.7777748117479776,0.03526525940234438,0.01694915254237289,0.0,0.0,0.2666666666666666,0.028988041356893254,0.04186534382926046,109,101,0,0.5190476190476191,1.0,1.0,1.5407439555097887e-33,6.933347799794049e-33,True,True
combined,low_rank_residual_k30,0.01,210,0.8677902575913439,0.8388051850294411,0.0289850725619028,0.0,0.0,0.0,0.2666666666666666,0.02308196272170227,0.03519703976402051,96,114,0,0.45714285714285713,1.0,1.0,1.262177448353619e-29,3.7865323450608567e-29,True,True
combined,raw,1e-05,210,0.1845320530347855,0.07995109080162792,0.10458096223315758,0.08850250626566415,0.0,-0.12,0.3529411764705882,0.09382342032823625,0.1151244778486677,188,18,4,0.8952380952380953,0.9809523809523809,0.9583333333333334,8.929326202253627e-51,7.031844384274731e-50,True,True
combined,raw,3e-05,210,0.23582166376780267,0.12101225797420938,0.11480940579359332,0.1071428571428572,-0.04266304347826093,-0.1612903225806451,0.4000000000000001,0.10188160641252766,0.12777886287820311,187,9,14,0.8904761904761904,0.9333333333333333,0.8606965174129353,4.261157658078178e-40,2.440481204172047e-39,True,True
combined,raw,0.0001,210,0.36818669979187413,0.20493417808890693,0.16325252170296725,0.16064516129032258,-0.03415898617511521,-0.10000000000000003,0.5384615384615385,0.1474227714790623,0.17961623310656497,188,9,13,0.8952380952380953,0.9380952380952381,0.8706467661691543,3.1539791668671114e-41,1.9870068751262804e-40,True,True
combined,raw,0.0003,210,0.5261399631103596,0.2808969289153566,0.245243034195003,0.229020979020979,0.04545454545454536,-0.15000000000000002,0.7692307692307694,0.22545429890874114,0.26537129368585,200,5,5,0.9523809523809523,0.9761904761904762,0.9512195121951219,5.727697822814494e-53,5.154928040533045e-52,True,True
combined,raw,0.001,210,0.7028664531528074,0.37707533805908117,0.32579111509372616,0.3247518610421837,0.05554711246200618,-0.2,0.84,0.30262068637050116,0.3486835357881112,205,2,3,0.9761904761904762,0.9857142857142858,0.9711538461538461,3.6462809983143623e-57,5.742892572345121e-56,True,True
combined,raw,0.003,210,0.8130400711503218,0.48646260029395705,0.32657747085636485,0.3304597701149426,0.0,-0.10344827586206895,0.6799999999999999,0.3031757359226338,0.34979895079803225,198,9,3,0.9428571428571428,0.9857142857142858,0.9701492537313433,4.2117429630716986e-55,4.4223301112252835e-54,True,True
combined,raw,0.01,210,0.8677902575913439,0.6550724312569852,0.2127178263343586,0.20454545454545453,-0.060812390414961934,-0.2142857142857143,0.5925925925925926,0.19055982296877755,0.23456125884039342,188,3,19,0.8952380952380953,0.9095238095238095,0.8164251207729468,1.9093285496418127e-36,9.252899894418015e-36,True,True
combined,tpsscs_trainable_gate,1e-05,210,0.1845320530347855,0.09611760418569967,0.08841444884908586,0.07915622389306601,0.0,0.0,0.3043478260869565,0.08015412085434345,0.09707370747510326,193,17,0,0.919047619047619,1.0,1.0,7.965459555662261e-59,2.5091197600336123e-57,True,True
combined,tpsscs_trainable_gate,3e-05,210,0.23582166376780267,0.15616376675173585,0.07965789701606682,0.07999999999999999,-0.08044871794871802,-0.2083333333333334,0.3076923076923077,0.06738756552531994,0.09197656211165704,169,18,23,0.8047619047619048,0.8904761904761904,0.7604166666666666,5.919128498788191e-29,1.4916203816946242e-28,True,True
combined,tpsscs_trainable_gate,0.0001,210,0.36818669979187413,0.3116588041687341,0.05652789562314004,0.06897463002114167,-0.12169117647058826,-0.1666666666666667,0.47058823529411775,0.04331609921594659,0.07034560063233074,138,17,55,0.6571428571428571,0.7380952380952381,0.43005181347150256,1.0178380698200557e-09,1.3086489469115002e-09,True,True
combined,tpsscs_trainable_gate,0.0003,210,0.5261399631103596,0.5344817686526311,-0.008341805542271392,0.0,-0.20208333333333328,-0.35000000000000003,0.2666666666666667,-0.023338610903881986,0.006773473086959823,96,17,97,0.45714285714285713,0.5380952380952381,-0.0051813471502590676,1.0,1.0,False,False
combined,tpsscs_trainable_gate,0.001,210,0.7028664531528074,0.774403563373356,-0.07153711022054865,-0.05381274131274133,-0.25960729312762976,-0.45,0.14814814814814814,-0.08612624987904348,-0.0574092077108208,41,25,144,0.19523809523809524,0.3142857142857143,-0.5567567567567567,1.0,1.0,False,False
combined,tpsscs_trainable_gate,0.003,210,0.8130400711503218,0.8834424913814292,-0.07040242023110717,-0.04819976771196288,-0.23911290322580644,-0.4285714285714286,0.07407407407407407,-0.08225612913572652,-0.0595342099655422,8,42,160,0.0380952380952381,0.23809523809523808,-0.9047619047619048,1.0,1.0,False,False
combined,tpsscs_trainable_gate,0.01,210,0.8677902575913439,0.9209625489677481,-0.05317229137640411,-0.032522474881015284,-0.20016447368421056,-0.4285714285714286,0.02857142857142858,-0.06384730471499592,-0.043268020358213574,4,61,145,0.01904761904761905,0.30952380952380953,-0.9463087248322147,1.0,1.0,False,False
simMed_test.mat,low_rank_residual_k30,1e-05,105,0.184544890419632,0.09885361114797109,0.08569127927166094,0.0769230769230769,0.0033898305084745814,0.0,0.2666666666666667,0.07427184487004294,0.09755807812828513,99,6,0,0.9428571428571428,1.0,1.0,1.5777218104420236e-30,6.6264316038565e-30,True,True
simMed_test.mat,low_rank_residual_k30,3e-05,105,0.23292866331646772,0.1503500214703694,0.08257864184609832,0.0754716981132075,0.0,0.0,0.26666666666666666,0.0714087858154841,0.09439344235945744,97,8,0,0.9238095238095239,1.0,1.0,6.310887241768095e-30,2.208810534618833e-29,True,True
simMed_test.mat,low_rank_residual_k30,0.0001,105,0.3631281887560888,0.2943857234377076,0.06874246531838131,0.054054054054054,0.0,0.0,0.26666666666666666,0.0586543098210896,0.07946928217230605,94,11,0,0.8952380952380953,1.0,1.0,5.048709793414476e-29,1.3252863207712998e-28,True,True
simMed_test.mat,low_rank_residual_k30,0.0003,105,0.5154646610355453,0.45748134897575243,0.05798331205979292,0.04166666666666674,0.0,0.0,0.26666666666666666,0.047941847379345086,0.06882355744456356,83,22,0,0.7904761904761904,1.0,1.0,1.0339757656912846e-25,2.0356397887047165e-25,True,True
simMed_test.mat,low_rank_residual_k30,0.001,105,0.6957533928816516,0.6488084401825716,0.04694495269908025,0.03448275862068961,0.0,0.0,0.26666666666666666,0.037229744663629584,0.05754619665941892,67,38,0,0.638095238095238,1.0,1.0,6.776263578034403e-21,1.1537962308545064e-20,True,True
simMed_test.mat,low_rank_residual_k30,0.003,105,0.8138666025670929,0.7763674110573479,0.037499191509744983,0.016949152542372947,0.0,0.0,0.2666666666666666,0.02845410699830423,0.047153032302900334,55,50,0,0.5238095238095238,1.0,1.0,2.7755575615628914e-17,4.06651456694098e-17,True,True
simMed_test.mat,low_rank_residual_k30,0.01,105,0.8692331860864192,0.8382638287231589,0.030969357363260376,0.0,0.0,0.0,0.2666666666666666,0.022431626869153398,0.040435280023156696,49,56,0,0.4666666666666667,1.0,1.0,1.7763568394002505e-15,2.4868995751603505e-15,True,True
simMed_test.mat,raw,1e-05,105,0.184544890419632,0.07833114276198547,0.10621374765764653,0.09090909090909088,0.0,-0.12,0.3333333333333334,0.09050688721359786,0.12187627053821001,93,10,2,0.8857142857142857,0.9809523809523809,0.9578947368421052,1.1513582683881712e-25,2.1980476032865085e-25,True,True
simMed_test.mat,raw,3e-05,105,0.23292866331646772,0.11489453378068923,0.1180341295357785,0.10638297872340419,0.0,-0.0740740740740741,0.4000000000000001,0.10173613448175062,0.13481713361365985,98,2,5,0.9333333333333333,0.9523809523809523,0.9029126213592233,9.086171692677989e-24,1.6836141665844508e-23,True,True
simMed_test.mat,raw,0.0001,105,0.3631281887560888,0.19556315067817245,0.16756503807791637,0.163265306122449,0.0,-0.0833333333333334,0.5384615384615385,0.14500004334563715,0.1905918548953564,95,5,5,0.9047619047619048,0.9523809523809523,0.9,6.26162256269268e-23,1.1270920612846825e-22,True,True
simMed_test.mat,raw,0.0003,105,0.5154646610355453,0.2685671393591548,0.2468975216763906,0.22413793103448268,0.00909090909090908,-0.15000000000000002,0.64,0.21897675160955987,0.2747384221558919,99,3,3,0.9428571428571428,0.9714285714285714,0.9411764705882353,3.489802315561973e-26,7.092178899367881e-26,True,True
simMed_test.mat,raw,0.001,105,0.6957533928816516,0.35694212605591935,0.33881126682573226,0.3461538461538462,0.08405797101449275,-0.2,0.72,0.3081952169637026,0.3702987721030915,103,1,1,0.9809523809523809,0.9904761904761905,0.9807692307692307,5.17689969051289e-30,2.0384042531394504e-29,True,True
simMed_test.mat,raw,0.003,105,0.8138666025670929,0.4673269223287094,0.34653968023838333,0.3650793650793651,0.04022598870056498,-0.10000000000000003,0.6799999999999999,0.3135161108203102,0.3786930414630085,100,4,1,0.9523809523809523,0.9904761904761905,0.9801980198019802,4.02319061662716e-29,1.152095494761414e-28,True,True
simMed_test.mat,raw,0.01,105,0.8692331860864192,0.6340198282838332,0.235213357802586,0.2333333333333335,-0.0635057471264367,-0.2142857142857143,0.5925925925925926,0.2036108566517927,0.26743440642578015,93,2,10,0.8857142857142857,0.9047619047619048,0.8058252427184466,2.5993049519088795e-18,3.994053950494132e-18,True,True
simMed_test.mat,tpsscs_trainable_gate,1e-05,105,0.184544890419632,0.0954637840306099,0.08908110638902213,0.07894736842105261,0.0,0.0,0.3043478260869565,0.07738743315604554,0.10154349986500787,97,8,0,0.9238095238095239,1.0,1.0,6.310887241768095e-30,2.208810534618833e-29,True,True
simMed_test.mat,tpsscs_trainable_gate,3e-05,105,0.23292866331646772,0.15267499882744245,0.08025366448902524,0.08108108108108109,-0.07487179487179495,-0.1363636363636363,0.3043478260869565,0.06342371078762592,0.09656542115485192,85,8,12,0.8095238095238095,0.8857142857142857,0.7525773195876289,5.215882984834034e-15,6.991502724352003e-15,True,True
simMed_test.mat,tpsscs_trainable_gate,0.0001,105,0.3631281887560888,0.3057189210176154,0.057409267738473484,0.06666666666666665,-0.12352941176470596,-0.1666666666666667,0.47058823529411775,0.037677436524466756,0.0774542550438055,69,11,25,0.6571428571428571,0.7619047619047619,0.46808510638297873,3.169632353688242e-06,3.993736765647185e-06,True,True
simMed_test.mat,tpsscs_trainable_gate,0.0003,105,0.5154646610355453,0.5261980970561063,-0.010733436020560932,0.0,-0.2055555555555555,-0.35000000000000003,0.2666666666666667,-0.03318427467814987,0.011374655450038244,49,8,48,0.4666666666666667,0.5428571428571428,0.010309278350515464,0.5,0.6057692307692307,False,False
simMed_test.mat,tpsscs_trainable_gate,0.001,105,0.6957533928816516,0.7706760841863128,-0.07492269130466127,-0.054545454545454564,-0.2849462365591398,-0.45,0.12727272727272732,-0.09641976685614671,-0.05414847284175679,22,11,72,0.20952380952380953,0.3142857142857143,-0.5319148936170213,1.0,1.0,False,False
simMed_test.mat,tpsscs_trainable_gate,0.003,105,0.8138666025670929,0.890412847181967,-0.07654624461487414,-0.05882352941176461,-0.24516129032258063,-0.4285714285714286,0.03703703703703698,-0.09372253912516833,-0.060381854917604484,5,20,80,0.047619047619047616,0.23809523809523808,-0.8823529411764706,1.0,1.0,False,False
simMed_test.mat,tpsscs_trainable_gate,0.01,105,0.8692331860864192,0.9271913880914379,-0.057958202005018764,-0.033333333333333215,-0.20592105263157903,-0.4285714285714286,0.020408163265306256,-0.07372895879608511,-0.04399605226387469,1,29,75,0.009523809523809525,0.2857142857142857,-0.9736842105263158,1.0,1.0,False,False
simWind_test.mat,low_rank_residual_k30,1e-05,105,0.18451921564993898,0.10406778999802847,0.08045142565191052,0.06666666666666671,0.0,0.0,0.2432432432432432,0.06944454287575849,0.09197118676472528,96,9,0,0.9142857142857143,1.0,1.0,1.262177448353619e-29,3.7865323450608567e-29,True,True
simWind_test.mat,low_rank_residual_k30,3e-05,105,0.23871466421913762,0.16375806478384897,0.07495659943528865,0.06349206349206349,0.0,0.0,0.2432432432432432,0.06419434170461247,0.08618916828563807,94,11,0,0.8952380952380953,1.0,1.0,5.048709793414476e-29,1.3252863207712998e-28,True,True
simWind_test.mat,low_rank_residual_k30,0.0001,105,0.37324521082765943,0.31075641617749705,0.0624887946501624,0.047619047619047616,0.0,0.0,0.24000000000000005,0.05270194365610977,0.07294457974840704,88,17,0,0.8380952380952381,1.0,1.0,3.2311742677852644e-27,7.270142102516845e-27,True,True
simWind_test.mat,low_rank_residual_k30,0.0003,105,0.536815265185174,0.48694549702354095,0.049869768161632896,0.036363636363636265,0.0,0.0,0.24,0.03971109310840684,0.06063478348278535,71,34,0,0.6761904761904762,1.0,1.0,4.235164736271502e-22,7.411538288475128e-22,True,True
simWind_test.mat,low_rank_residual_k30,0.001,105,0.709979513423963,0.6696725698476255,0.04030694357633767,0.027027027027027084,0.0,0.0,0.2,0.03153741544814031,0.04992987570650677,60,45,0,0.5714285714285714,1.0,1.0,8.673617379884035e-19,1.3660947373317355e-18,True,True
simWind_test.mat,low_rank_residual_k30,0.003,105,0.8122135397335508,0.7791822124386072,0.03303132729494378,0.016949152542372836,0.0,0.0,0.19999999999999996,0.024766550730356496,0.042036668923538856,54,51,0,0.5142857142857142,1.0,1.0,5.551115123125783e-17,7.948187562657371e-17,True,True
simWind_test.mat,low_rank_residual_k30,0.01,105,0.8663473290962684,0.8393465413357233,0.027000787760545222,0.0,0.0,0.0,0.19999999999999996,0.01947688097177637,0.035557469873659694,47,58,0,0.44761904761904764,1.0,1.0,7.105427357601002e-15,9.325873406851315e-15,True,True
simWind_test.mat,raw,1e-05,105,0.18451921564993898,0.08157103884127036,0.10294817680866862,0.08571428571428569,0.0,-0.06666666666666671,0.3529411764705882,0.08872291482760976,0.11783418078811414,95,8,2,0.9047619047619048,0.9809523809523809,0.9587628865979382,3.000195794736552e-26,6.300411168946759e-26,True,True
simWind_test.mat,raw,3e-05,105,0.23871466421913762,0.12712998216772953,0.11158468205140809,0.1111111111111111,-0.05194805194805189,-0.1612903225806451,0.4,0.09215317687924954,0.13084636600296115,89,7,9,0.8476190476190476,0.9142857142857143,0.8163265306122449,5.5093719261937e-18,8.26405788929055e-18,True,True
simWind_test.mat,raw,0.0001,105,0.37324521082765943,0.21430520549964138,0.15894000532801814,0.1428571428571429,-0.040476190476190485,-0.10000000000000003,0.5384615384615385,0.13681830272990397,0.1811873400522468,93,4,8,0.8857142857142857,0.9238095238095239,0.8415841584158416,8.702945103811517e-20,1.4428566882634885e-19,True,True
simWind_test.mat,raw,0.0003,105,0.536815265185174,0.2932267184715584,0.24358854671361543,0.23076923076923078,0.05462184873949584,-0.15000000000000002,0.7692307692307694,0.2158909984082196,0.27235364127041023,101,2,2,0.9619047619047619,0.9809523809523809,0.9611650485436893,5.2824098365862e-28,1.2325622952034467e-27,True,True
simWind_test.mat,raw,0.001,105,0.709979513423963,0.397208550062243,0.31277096336172006,0.30769230769230765,0.04051063829787238,-0.10000000000000003,0.84,0.28050750747582714,0.3450837017437503,102,1,2,0.9714285714285714,0.9809523809523809,0.9615384615384616,2.692480877132466e-28,6.52408827920559e-28,True,True
simWind_test.mat,raw,0.003,105,0.8122135397335508,0.5055982782592047,0.3066152614743463,0.30232558139534876,0.0,-0.10344827586206895,0.64,0.27403078603935416,0.3393747014811953,98,5,2,0.9333333333333333,0.9809523809523809,0.96,3.9845364322713306e-27,8.656061904589443e-27,True,True
simWind_test.mat,raw,0.01,105,0.8663473290962684,0.6761250342301375,0.19022229486613113,0.1785714285714286,-0.049373618275607954,-0.2142857142857143,0.56,0.15980937225683686,0.21991432726061275,95,1,9,0.9047619047619048,0.9142857142857143,0.8269230769230769,1.4928725441433015e-19,2.411563340539179e-19,True,True
simWind_test.mat,tpsscs_trainable_gate,1e-05,105,0.18451921564993898,0.09677142434078942,0.08774779130914959,0.07999999999999999,0.0,0.0,0.2941176470588235,0.07618395718353621,0.09962151245831777,96,9,0,0.9142857142857143,1.0,1.0,1.262177448353619e-29,3.7865323450608567e-29,True,True
simWind_test.mat,tpsscs_trainable_gate,3e-05,105,0.23871466421913762,0.15965253467602922,0.07906212954310839,0.07843137254901959,-0.08062015503875973,-0.2083333333333334,0.3076923076923077,0.061125091513048235,0.09695520144010152,84,10,11,0.8,0.8952380952380953,0.7684210526315789,2.259222903172665e-15,3.094153106519085e-15,True,True
simWind_test.mat,tpsscs_trainable_gate,0.0001,105,0.37324521082765943,0.31759868731985286,0.0556465235078066,0.07272727272727272,-0.11719457013574666,-0.1666666666666667,0.3529411764705883,0.03668859757899187,0.07504385623725987,69,6,30,0.6571428571428571,0.7142857142857143,0.3939393939393939,5.5470181634062977e-05,6.852198907737192e-05,True,True
simWind_test.mat,tpsscs_trainable_gate,0.0003,105,0.536815265185174,0.5427654402491557,-0.00595017506398185,0.0,-0.19134615384615383,-0.35000000000000003,0.20000000000000007,-0.02628189731716967,0.013464826109332249,47,9,49,0.44761904761904764,0.5333333333333333,-0.020833333333333332,1.0,1.0,False,False
simWind_test.mat,tpsscs_trainable_gate,0.001,105,0.709979513423963,0.7781310425603991,-0.06815152913643605,-0.05084745762711862,-0.2482758620689655,-0.43333333333333335,0.14814814814814814,-0.08820978250990605,-0.04959730765071813,19,14,72,0.18095238095238095,0.3142857142857143,-0.5824175824175825,1.0,1.0,False,False
simWind_test.mat,tpsscs_trainable_gate,0.003,105,0.8122135397335508,0.8764721355808912,-0.0642585958473402,-0.03921568627451,-0.2152923538230885,-0.4285714285714286,0.07407407407407407,-0.08073787130653327,-0.049420000466387976,3,22,80,0.02857142857142857,0.23809523809523808,-0.927710843373494,1.0,1.0,False,False
simWind_test.mat,tpsscs_trainable_gate,0.01,105,0.8663473290962684,0.914733709844058,-0.048386380747789455,-0.032258064516129004,-0.17018909899888765,-0.4285714285714286,0.02857142857142858,-0.06288673166339404,-0.035191317394120174,3,32,70,0.02857142857142857,0.3333333333333333,-0.9178082191780822,1.0,1.0,False,False
