label_budget,asset,pfa_target,compact_pd,low_label_hgb_pd,delta_compact_minus_low_label_hgb,compact_empirical_pfa,low_label_hgb_empirical_pfa,n_items,n_pair_observations,n_seeds,compact_item_win_fraction,compact_pfa_calibrated,low_label_hgb_pfa_calibrated,compact_beats_low_label_hgb,pfa
1,simMed_test.mat,1e-05,0.184544890419632,0.0002962104381982678,0.18424867998143374,0.0,0.0,105,315,3,0.9904761904761905,True,True,True,1e-05
1,simMed_test.mat,3e-05,0.23292866331646772,0.001488571949254386,0.23144009136721336,1.526753812803079e-05,4.992002930348799e-06,105,315,3,1.0,True,True,True,3e-05
1,simMed_test.mat,0.0001,0.3631281887560889,0.007543662298826108,0.3555845264572628,9.160522876818475e-05,3.9307059545752926e-05,105,315,3,1.0,True,True,True,0.0001
1,simMed_test.mat,0.0003,0.5154646610355453,0.05111460374951759,0.4643500572860278,0.0002900832244325381,0.00018344935080404258,105,315,3,1.0,True,True,True,0.0003
1,simMed_test.mat,0.001,0.6957533928816516,0.1535069096720311,0.5422464832096204,0.0009923899783219553,0.0008016507246179078,105,315,3,0.9936507936507937,True,True,True,0.001
1,simMed_test.mat,0.003,0.8138666025670928,0.27359689096270784,0.540269711604385,0.0029924374730939812,0.0027308414416695763,105,315,3,0.9809523809523809,True,True,True,0.003
1,simMed_test.mat,0.01,0.8692331860864191,0.4279858847627752,0.4412473013236439,0.009992820396478945,0.009280564783146194,105,315,3,0.9396825396825397,True,True,True,0.01
1,simWind_test.mat,1e-05,0.18451921564993898,0.001660214003130117,0.18285900164680888,0.0,0.0,105,315,3,1.0,True,True,True,1e-05
1,simWind_test.mat,3e-05,0.23871466421913762,0.0026886699786083795,0.23602599424052922,1.526753812803079e-05,4.26499009789996e-06,105,315,3,1.0,True,True,True,3e-05
1,simWind_test.mat,0.0001,0.3732452108276595,0.009581876057622922,0.36366333477003654,9.160522876818475e-05,3.121377566828942e-05,105,315,3,0.9968253968253968,True,True,True,0.0001
1,simWind_test.mat,0.0003,0.5368152651851739,0.050350160391174084,0.4864651047939998,0.0002900832244325381,0.00014027067852703034,105,315,3,1.0,True,True,True,0.0003
1,simWind_test.mat,0.001,0.709979513423963,0.13888395877312704,0.5710955546508361,0.0009923899783219553,0.0005227794240927531,105,315,3,0.9968253968253968,True,True,True,0.001
1,simWind_test.mat,0.003,0.812213539733551,0.43803381452843826,0.3741797252051127,0.0029924374730939812,0.0023361657174631747,105,315,3,0.9873015873015873,True,True,True,0.003
1,simWind_test.mat,0.01,0.8663473290962685,0.5826436423438152,0.2837036867524533,0.009992820396478945,0.009428322728267288,105,315,3,0.9587301587301588,True,True,True,0.01
1,combined,0.003,0.813040071150322,0.355815352745573,0.4572247184047489,0.0029924374730939812,0.0025335035795663752,210,630,3,0.9841269841269841,True,True,True,0.003
1,combined,0.001,0.7028664531528073,0.14619543422257908,0.5566710189302283,0.0009923899783219553,0.0006622150743553304,210,630,3,0.9952380952380953,True,True,True,0.001
1,combined,1e-05,0.18453205303478548,0.0009782122206641924,0.18355384081412132,0.0,0.0,210,630,3,0.9952380952380953,True,True,True,1e-05
1,combined,0.01,0.8677902575913438,0.5053147635532952,0.36247549403804863,0.009992820396478945,0.00935444375570674,210,630,3,0.9492063492063492,True,True,True,0.01
1,combined,0.0001,0.3681866997918742,0.008562769178224515,0.35962393061364967,9.160522876818475e-05,3.526041760702117e-05,210,630,3,0.9984126984126984,True,True,True,0.0001
1,combined,0.0003,0.5261399631103596,0.05073238207034583,0.47540758104001385,0.0002900832244325381,0.00016186001466553644,210,630,3,1.0,True,True,True,0.0003
1,combined,3e-05,0.2358216637678027,0.0020886209639313824,0.2337330428038713,1.526753812803079e-05,4.628496514124379e-06,210,630,3,1.0,True,True,True,3e-05
2,simMed_test.mat,0.01,0.8692331860864191,0.5195434341995218,0.3496897518868974,0.009992820396478945,0.00976182002731544,105,315,3,0.9396825396825397,True,True,True,0.01
2,simWind_test.mat,0.003,0.812213539733551,0.5536510197772789,0.25856251995627205,0.0029924374730939812,0.002723656618722296,105,315,3,0.9396825396825397,True,True,True,0.003
2,simWind_test.mat,0.01,0.8663473290962685,0.7481510217487364,0.11819630734753211,0.009992820396478945,0.009817175029279604,105,315,3,0.8253968253968254,True,True,True,0.01
2,simMed_test.mat,0.001,0.6957533928816516,0.17274771382948126,0.5230056790521703,0.0009923899783219553,0.000843966455054099,105,315,3,0.9936507936507937,True,True,True,0.001
2,simWind_test.mat,1e-05,0.18451921564993898,0.0003205128205128205,0.18419870282942616,0.0,0.0,105,315,3,1.0,True,True,True,1e-05
2,simWind_test.mat,3e-05,0.23871466421913762,0.0007120672917636864,0.23800259692737394,1.526753812803079e-05,8.72215472820947e-07,105,315,3,1.0,True,True,True,3e-05
2,simWind_test.mat,0.0001,0.3732452108276595,0.023350042623123807,0.34989516820453564,9.160522876818475e-05,2.1662363749621143e-05,105,315,3,0.9904761904761905,True,True,True,0.0001
2,simWind_test.mat,0.0003,0.5368152651851739,0.15509285582669965,0.38172240935847424,0.0002900832244325381,0.00018412095919637602,105,315,3,0.9873015873015873,True,True,True,0.0003
2,simWind_test.mat,0.001,0.709979513423963,0.37739761912038194,0.3325818943035811,0.0009923899783219553,0.000885849783259421,105,315,3,0.9809523809523809,True,True,True,0.001
2,simMed_test.mat,0.0003,0.5154646610355453,0.06231862690324191,0.4531460341323034,0.0002900832244325381,0.00018504914364365856,105,315,3,1.0,True,True,True,0.0003
2,simMed_test.mat,0.0001,0.3631281887560889,0.027107566322768485,0.33602062243332037,9.160522876818475e-05,4.303793921873326e-05,105,315,3,0.9968253968253968,True,True,True,0.0001
2,combined,1e-05,0.18453205303478548,0.0016837224909024132,0.18284833054388308,0.0,0.0,210,630,3,0.9952380952380953,True,True,True,1e-05
2,simMed_test.mat,0.003,0.8138666025670928,0.3076679057034263,0.5061986968636666,0.0029924374730939812,0.002911250686877284,105,315,3,0.9904761904761905,True,True,True,0.003
2,combined,0.01,0.8677902575913438,0.6338472279741291,0.23394302961721475,0.009992820396478945,0.009789497528297521,210,630,3,0.8825396825396825,True,True,True,0.01
2,combined,0.003,0.813040071150322,0.4306594627403526,0.3823806084099693,0.0029924374730939812,0.00281745365279979,210,630,3,0.9650793650793651,True,True,True,0.003
2,combined,0.001,0.7028664531528073,0.2750726664749316,0.4277937866778757,0.0009923899783219553,0.0008649081191567599,210,630,3,0.9873015873015873,True,True,True,0.001
2,combined,0.0003,0.5261399631103596,0.10870574136497078,0.41743422174538886,0.0002900832244325381,0.0001845850514200173,210,630,3,0.9936507936507937,True,True,True,0.0003
2,combined,0.0001,0.3681866997918742,0.025228804472946145,0.342957895318928,9.160522876818475e-05,3.23501514841772e-05,210,630,3,0.9936507936507937,True,True,True,0.0001
2,combined,3e-05,0.2358216637678027,0.003591379234522654,0.23223028453328,1.526753812803079e-05,2.6413565455844473e-06,210,630,3,0.9984126984126984,True,True,True,3e-05
2,simMed_test.mat,3e-05,0.23292866331646772,0.0064706911772816214,0.22645797213918611,1.526753812803079e-05,4.410497618347948e-06,105,315,3,0.9968253968253968,True,True,True,3e-05
2,simMed_test.mat,1e-05,0.184544890419632,0.003046932161292006,0.18149795825834,0.0,0.0,105,315,3,0.9904761904761905,True,True,True,1e-05
4,simWind_test.mat,3e-05,0.23871466421913762,0.008576896248883574,0.23013776797025404,1.526753812803079e-05,2.229485751693837e-06,105,315,3,0.9936507936507937,True,True,True,3e-05
4,simWind_test.mat,0.0001,0.3732452108276595,0.043534623049571924,0.32971058777808754,9.160522876818475e-05,3.12608391798288e-05,105,315,3,0.9968253968253968,True,True,True,0.0001
4,combined,0.003,0.813040071150322,0.697406694564785,0.11563337658553695,0.0029924374730939812,0.002882917973022052,210,630,3,0.7571428571428571,True,True,True,0.003
4,combined,0.01,0.8677902575913438,0.8432331392576055,0.02455711833373831,0.009992820396478945,0.009747168938819079,210,630,3,0.5793650793650794,True,True,True,0.01
4,combined,0.001,0.7028664531528073,0.4458794202633051,0.2569870328895022,0.0009923899783219553,0.0007523068451434838,210,630,3,0.8253968253968254,True,True,True,0.001
4,combined,1e-05,0.18453205303478548,0.002997235429605384,0.18153481760518012,0.0,0.0,210,630,3,0.9873015873015873,True,True,True,1e-05
4,combined,0.0003,0.5261399631103596,0.19229135836245076,0.33384860474790884,0.0002900832244325381,0.0001518934439042274,210,630,3,0.9412698412698413,True,True,True,0.0003
4,combined,0.0001,0.3681866997918742,0.050972616836283666,0.3172140829555905,9.160522876818475e-05,2.5250457028197893e-05,210,630,3,0.9714285714285714,True,True,True,0.0001
4,simWind_test.mat,0.003,0.812213539733551,0.6687908017299609,0.14342273800359018,0.0029924374730939812,0.002912849980180831,105,315,3,0.7904761904761904,True,True,True,0.003
4,simWind_test.mat,0.01,0.8663473290962685,0.8379227805990159,0.02842454849725254,0.009992820396478945,0.009730871763361515,105,315,3,0.5650793650793651,True,True,True,0.01
4,simMed_test.mat,0.0003,0.5154646610355453,0.21439175486329942,0.30107290617224597,0.0002900832244325381,0.00015412048454691005,105,315,3,0.9301587301587302,True,True,True,0.0003
4,simMed_test.mat,0.0001,0.3631281887560889,0.05841061062299542,0.3047175781330934,9.160522876818475e-05,1.9240074876567e-05,105,315,3,0.946031746031746,True,True,True,0.0001
4,simMed_test.mat,3e-05,0.23292866331646772,0.009313588292546719,0.22361507502392103,1.526753812803079e-05,1.017694836217413e-06,105,315,3,0.9809523809523809,True,True,True,3e-05
4,simMed_test.mat,1e-05,0.184544890419632,0.0025168455256825706,0.18202804489394944,0.0,0.0,105,315,3,0.9777777777777777,True,True,True,1e-05
4,simWind_test.mat,0.0003,0.5368152651851739,0.1701909618616021,0.36662430332357177,0.0002900832244325381,0.00014966640326154478,105,315,3,0.9523809523809523,True,True,True,0.0003
4,simWind_test.mat,0.001,0.709979513423963,0.3967692897223211,0.3132102237016419,0.0009923899783219553,0.0007009770430736068,105,315,3,0.8698412698412699,True,True,True,0.001
4,simMed_test.mat,0.003,0.8138666025670928,0.7260225873996091,0.08784401516748373,0.0029924374730939812,0.0028529859658632728,105,315,3,0.7238095238095238,True,True,True,0.003
4,combined,3e-05,0.2358216637678027,0.008945242270715146,0.22687642149708753,1.526753812803079e-05,1.623590293955625e-06,210,630,3,0.9873015873015873,True,True,True,3e-05
4,simWind_test.mat,1e-05,0.18451921564993898,0.0034776253335281975,0.18104159031641076,0.0,0.0,105,315,3,0.9968253968253968,True,True,True,1e-05
4,simMed_test.mat,0.01,0.8692331860864191,0.848543497916195,0.020689688170224083,0.009992820396478945,0.009763466114276642,105,315,3,0.5936507936507937,True,True,True,0.01
4,simMed_test.mat,0.001,0.6957533928816516,0.4949895508042891,0.20076384207736248,0.0009923899783219553,0.0008036366472133611,105,315,3,0.780952380952381,True,True,True,0.001
8,simMed_test.mat,1e-05,0.184544890419632,0.014104022825475649,0.1704408675941564,0.0,0.0,105,315,3,0.9523809523809523,True,True,True,1e-05
8,simMed_test.mat,0.0003,0.5154646610355453,0.26655255548863,0.2489121055469154,0.0002900832244325381,0.0002418029101473321,105,315,3,0.9365079365079365,True,True,True,0.0003
8,simMed_test.mat,0.0001,0.3631281887560889,0.13129594596677369,0.2318322427893152,9.160522876818475e-05,5.811214152235944e-05,105,315,3,0.9238095238095239,True,True,True,0.0001
8,simWind_test.mat,1e-05,0.18451921564993898,0.01676602786333399,0.16775318778660497,0.0,0.0,105,315,3,0.9587301587301588,True,True,True,1e-05
8,simMed_test.mat,0.01,0.8692331860864191,0.8275222354666063,0.04171095061981293,0.009992820396478945,0.009756730967902983,105,315,3,0.6984126984126984,True,True,True,0.01
8,simMed_test.mat,0.003,0.8138666025670928,0.66536959879151,0.14849700377558273,0.0029924374730939812,0.0029619519897316317,105,315,3,0.8603174603174604,True,True,True,0.003
8,simMed_test.mat,0.001,0.6957533928816516,0.4501350813224334,0.24561831155921815,0.0009923899783219553,0.0009528850534304588,105,315,3,0.9174603174603174,True,True,True,0.001
8,simWind_test.mat,0.003,0.812213539733551,0.7227620434674664,0.08945149626608463,0.0029924374730939812,0.002924098822837019,105,315,3,0.6476190476190476,True,True,True,0.003
8,simWind_test.mat,0.0003,0.5368152651851739,0.3115525401868478,0.22526272499832609,0.0002900832244325381,0.00022828118926872888,105,315,3,0.726984126984127,True,True,True,0.0003
8,simWind_test.mat,0.0001,0.3732452108276595,0.13474212248422124,0.2385030883434382,9.160522876818475e-05,4.250523570002064e-05,105,315,3,0.8507936507936508,True,True,True,0.0001
8,simWind_test.mat,3e-05,0.23871466421913762,0.03460142608533078,0.2041132381338068,1.526753812803079e-05,3.2958298443655016e-06,105,315,3,0.9333333333333333,True,True,True,3e-05
8,simWind_test.mat,0.01,0.8663473290962685,0.8737810101380602,-0.007433681041791779,0.009992820396478945,0.009842817420531228,105,315,3,0.4095238095238095,True,True,False,0.01
8,simMed_test.mat,3e-05,0.23292866331646772,0.03127903884655336,0.20164962446991438,1.526753812803079e-05,4.701187005175655e-06,105,315,3,0.9587301587301588,True,True,True,3e-05
8,combined,0.01,0.8677902575913438,0.8506516228023332,0.017138634789010575,0.009992820396478945,0.009799774194217107,210,630,3,0.553968253968254,True,True,True,0.01
8,combined,0.001,0.7028664531528073,0.4799166497674158,0.22294980338539144,0.0009923899783219553,0.0009424395208780908,210,630,3,0.8047619047619048,True,True,True,0.001
8,simWind_test.mat,0.001,0.709979513423963,0.5096982182123982,0.20028129521156476,0.0009923899783219553,0.0009319939883257229,105,315,3,0.692063492063492,True,True,True,0.001
8,combined,0.0003,0.5261399631103596,0.28905254783773887,0.23708741527262076,0.0002900832244325381,0.0002350420497080305,210,630,3,0.8317460317460318,True,True,True,0.0003
8,combined,0.003,0.813040071150322,0.6940658211294882,0.11897425002083367,0.0029924374730939812,0.0029430254062843253,210,630,3,0.753968253968254,True,True,True,0.003
8,combined,1e-05,0.18453205303478548,0.01543502534440482,0.16909702769038068,0.0,0.0,210,630,3,0.9555555555555556,True,True,True,1e-05
8,combined,0.0001,0.3681866997918742,0.13301903422549746,0.23516766556637672,9.160522876818475e-05,5.0308688611190035e-05,210,630,3,0.8873015873015873,True,True,True,0.0001
8,combined,3e-05,0.2358216637678027,0.032940232465942076,0.2028814313018606,1.526753812803079e-05,3.998508424770579e-06,210,630,3,0.946031746031746,True,True,True,3e-05
16,combined,3e-05,0.2358216637678027,0.07713233807290662,0.15868932569489605,1.526753812803079e-05,8.893718601471577e-06,210,630,3,0.8809523809523809,True,True,True,3e-05
16,combined,0.0003,0.5261399631103596,0.45188348930398425,0.07425647380637533,0.0002900832244325381,0.000270765944067309,210,630,3,0.6571428571428571,True,True,True,0.0003
16,combined,0.001,0.7028664531528073,0.6867446487636935,0.01612180438911385,0.0009923899783219553,0.0009827923344237622,210,630,3,0.4857142857142857,True,True,True,0.001
16,combined,1e-05,0.18453205303478548,0.03957888634280319,0.1449531666919823,0.0,0.0,210,630,3,0.9,True,True,True,1e-05
16,simWind_test.mat,0.01,0.8663473290962685,0.9007364840728422,-0.03438915497657372,0.009992820396478945,0.009795379989878875,105,315,3,0.2857142857142857,True,True,False,0.01
16,combined,0.0001,0.3681866997918742,0.23430777869071615,0.133878921101158,9.160522876818475e-05,7.417942459514662e-05,210,630,3,0.7968253968253968,True,True,True,0.0001
16,combined,0.01,0.8677902575913438,0.8787185075709072,-0.010928249979563435,0.009992820396478945,0.009879513116127005,210,630,3,0.4174603174603175,True,True,False,0.01
16,combined,0.003,0.813040071150322,0.8120605109181597,0.000979560232162297,0.0029924374730939812,0.002974769984706161,210,630,3,0.4777777777777778,True,True,True,0.003
16,simMed_test.mat,0.0001,0.3631281887560889,0.1965454051262336,0.16658278362985526,9.160522876818475e-05,7.492976555707462e-05,105,315,3,0.8666666666666667,True,True,True,0.0001
16,simMed_test.mat,0.0003,0.5154646610355453,0.42990250852408957,0.08556215251145582,0.0002900832244325381,0.0002767526310421345,105,315,3,0.6857142857142857,True,True,True,0.0003
16,simMed_test.mat,3e-05,0.23292866331646772,0.06270429755958079,0.17022436575688696,1.526753812803079e-05,8.820950045372635e-06,105,315,3,0.9206349206349206,True,True,True,3e-05
16,simMed_test.mat,1e-05,0.184544890419632,0.032213753478308814,0.1523311369413232,0.0,0.0,105,315,3,0.9206349206349206,True,True,True,1e-05
16,simMed_test.mat,0.001,0.6957533928816516,0.6788844190131478,0.0168689738685038,0.0009923899783219553,0.000986621978728173,105,315,3,0.5047619047619047,True,True,True,0.001
16,simWind_test.mat,0.003,0.812213539733551,0.8286820645644485,-0.016468524830897623,0.0029924374730939812,0.002969802296347183,105,315,3,0.38095238095238093,True,True,False,0.003
16,simMed_test.mat,0.01,0.8692331860864191,0.8567005310689723,0.012532655017446851,0.009992820396478945,0.009963646242375133,105,315,3,0.5492063492063493,True,True,True,0.01
16,simWind_test.mat,1e-05,0.18451921564993898,0.04694401920729757,0.1375751964426414,0.0,0.0,105,315,3,0.8793650793650793,True,True,True,1e-05
16,simWind_test.mat,3e-05,0.23871466421913762,0.09156037858623245,0.14715428563290517,1.526753812803079e-05,8.96648715757052e-06,105,315,3,0.8412698412698413,True,True,True,3e-05
16,simWind_test.mat,0.0001,0.3732452108276595,0.2720701522551987,0.10117505857246076,9.160522876818475e-05,7.342908363321861e-05,105,315,3,0.726984126984127,True,True,True,0.0001
16,simWind_test.mat,0.0003,0.5368152651851739,0.47386447008387905,0.06295079510129485,0.0002900832244325381,0.0002647792570924835,105,315,3,0.6285714285714286,True,True,True,0.0003
16,simWind_test.mat,0.001,0.709979513423963,0.6946048785142392,0.015374634909723899,0.0009923899783219553,0.0009789626901193515,105,315,3,0.4666666666666667,True,True,True,0.001
16,simMed_test.mat,0.003,0.8138666025670928,0.7954389572718706,0.018427645295222214,0.0029924374730939812,0.002979737673065139,105,315,3,0.5746031746031746,True,True,True,0.003
32,simWind_test.mat,0.003,0.812213539733551,0.8697545578954339,-0.057541018161882854,0.0029924374730939812,0.0029909351378434516,105,315,3,0.2,True,True,False,0.003
32,combined,0.001,0.7028664531528073,0.7327873178738478,-0.0299208647210405,0.0009923899783219553,0.0009886083164221883,210,630,3,0.32063492063492066,True,True,False,0.001
32,combined,0.003,0.813040071150322,0.8297453342426356,-0.016705263092313665,0.0029924374730939812,0.0029913227346659633,210,630,3,0.34285714285714286,True,True,False,0.003
32,combined,0.0001,0.3681866997918742,0.36652481255646924,0.0016618872354048856,9.160522876818475e-05,8.399499474552117e-05,210,630,3,0.4634920634920635,True,True,True,0.0001
32,combined,1e-05,0.18453205303478548,0.09712220942233957,0.08740984361244593,0.0,0.0,210,630,3,0.7301587301587301,True,True,True,1e-05
32,combined,0.0003,0.5261399631103596,0.5638452336092213,-0.03770527049886171,0.0002900832244325381,0.0002850658889080793,210,630,3,0.33015873015873015,True,True,False,0.0003
32,combined,0.01,0.8677902575913438,0.906473232482699,-0.03868297489135519,0.009992820396478945,0.00998756137086375,210,630,3,0.20634920634920634,True,True,False,0.01
32,combined,3e-05,0.2358216637678027,0.16720730165709397,0.06861436211070869,1.526753812803079e-05,1.097795771829844e-05,210,630,3,0.6317460317460317,True,True,True,3e-05
32,simWind_test.mat,0.01,0.8663473290962685,0.9149062712516851,-0.048558942155416694,0.009992820396478945,0.009984386376801832,105,315,3,0.17777777777777778,True,True,False,0.01
32,simWind_test.mat,1e-05,0.18451921564993898,0.13294414913069466,0.051575066519244296,0.0,0.0,105,315,3,0.6349206349206349,True,True,True,1e-05
32,simMed_test.mat,0.01,0.8692331860864191,0.8980401937137128,-0.028807007627293695,0.009992820396478945,0.009990736364925668,105,315,3,0.23492063492063492,True,True,False,0.01
32,simMed_test.mat,1e-05,0.184544890419632,0.06130026971398445,0.12324462070564758,0.0,0.0,105,315,3,0.8253968253968254,True,True,True,1e-05
32,simMed_test.mat,3e-05,0.23292866331646772,0.12050408606561883,0.11242457725084891,1.526753812803079e-05,9.838872092259584e-06,105,315,3,0.7714285714285715,True,True,True,3e-05
32,simWind_test.mat,0.0001,0.3732452108276595,0.4325368602930792,-0.05929164946541972,9.160522876818475e-05,8.855136652301407e-05,105,315,3,0.2984126984126984,True,True,False,0.0001
32,simWind_test.mat,3e-05,0.23871466421913762,0.21391051724856913,0.024804146970568493,1.526753812803079e-05,1.2117043344337293e-05,105,315,3,0.49206349206349204,True,True,True,3e-05
32,simMed_test.mat,0.003,0.8138666025670928,0.7897361105898373,0.024130491977255523,0.0029924374730939812,0.002991710331488475,105,315,3,0.4857142857142857,True,True,True,0.003
32,simMed_test.mat,0.001,0.6957533928816516,0.6833074430707557,0.012445949810895793,0.0009923899783219553,0.0009852144315596215,105,315,3,0.44126984126984126,True,True,True,0.001
32,simWind_test.mat,0.001,0.709979513423963,0.7822671926769399,-0.0722876792529768,0.0009923899783219553,0.0009920022012847554,105,315,3,0.2,True,True,False,0.001
32,simWind_test.mat,0.0003,0.5368152651851739,0.6183584541283784,-0.0815431889432045,0.0002900832244325381,0.00028615647326719277,105,315,3,0.20634920634920634,True,True,False,0.0003
32,simMed_test.mat,0.0003,0.5154646610355453,0.5093320130900643,0.006132647945481087,0.0002900832244325381,0.00028397530454896575,105,315,3,0.45396825396825397,True,True,True,0.0003
32,simMed_test.mat,0.0001,0.3631281887560889,0.3005127648198594,0.06261542393622949,9.160522876818475e-05,7.943862296802827e-05,105,315,3,0.6285714285714286,True,True,True,0.0001
64,simWind_test.mat,0.01,0.8663473290962685,0.9146960489995375,-0.048348719903269104,0.009992820396478945,0.009990929593640696,105,315,3,0.14603174603174604,True,True,False,0.01
64,simWind_test.mat,0.003,0.812213539733551,0.871236993315171,-0.059023453581620124,0.0029924374730939812,0.002992388985882901,105,315,3,0.19682539682539682,True,True,False,0.003
64,simWind_test.mat,0.0001,0.3732452108276595,0.4640893190367085,-0.09084410820904903,9.160522876818475e-05,9.078119933482639e-05,105,315,3,0.23809523809523808,True,True,False,0.0001
64,simWind_test.mat,3e-05,0.23871466421913762,0.2641553792148317,-0.025440714995694093,1.526753812803079e-05,1.4782836246257374e-05,105,315,3,0.43492063492063493,True,True,False,3e-05
64,simMed_test.mat,1e-05,0.184544890419632,0.14570211591818577,0.038842774501446235,0.0,0.0,105,315,3,0.6095238095238096,True,True,True,1e-05
64,simMed_test.mat,3e-05,0.23292866331646772,0.22417198076442238,0.008756682552045328,1.526753812803079e-05,1.4976742170601973e-05,105,315,3,0.5111111111111111,True,True,True,3e-05
64,simMed_test.mat,0.001,0.6957533928816516,0.7516293992506557,-0.05587600636900422,0.0009923899783219553,0.0009919538554190174,105,315,3,0.2920634920634921,True,True,False,0.001
64,simMed_test.mat,0.003,0.8138666025670928,0.8519771774819863,-0.03811057491489341,0.0029924374730939812,0.0029920497641388417,105,315,3,0.3111111111111111,True,True,False,0.003
64,combined,0.001,0.7028664531528073,0.7782312437560118,-0.07536479060320447,0.0009923899783219553,0.0009920749727990261,210,630,3,0.22063492063492063,True,True,False,0.001
64,combined,0.0001,0.3681866997918742,0.4349214837694981,-0.06673478397762385,9.160522876818475e-05,9.090237480134936e-05,210,630,3,0.27936507936507937,True,True,False,0.0001
64,combined,3e-05,0.2358216637678027,0.24416367998962707,-0.008342016221824384,1.526753812803079e-05,1.4879789208429673e-05,210,630,3,0.473015873015873,True,True,False,3e-05
64,combined,0.003,0.813040071150322,0.8616070853985786,-0.048567014248256775,0.0029924374730939812,0.0029922193750108713,210,630,3,0.25396825396825395,True,True,False,0.003
64,simWind_test.mat,0.001,0.709979513423963,0.8048330882613678,-0.09485357483740472,0.0009923899783219553,0.000992196090179035,105,315,3,0.1492063492063492,True,True,False,0.001
64,simWind_test.mat,0.0003,0.5368152651851739,0.6578038281621269,-0.120988562976953,0.0002900832244325381,0.00028930780726355796,105,315,3,0.15873015873015872,True,True,False,0.0003
64,simWind_test.mat,1e-05,0.18451921564993898,0.17917902409404413,0.005340191555894834,0.0,0.0,105,315,3,0.526984126984127,True,True,True,1e-05
64,simMed_test.mat,0.01,0.8692331860864191,0.9200506152141016,-0.050817429127682424,0.009992820396478945,0.009990736506332674,105,315,3,0.20634920634920634,True,True,False,0.01
64,simMed_test.mat,0.0001,0.3631281887560889,0.40575364850228757,-0.04262545974619868,9.160522876818475e-05,9.102355026787231e-05,105,315,3,0.32063492063492066,True,True,False,0.0001
64,simMed_test.mat,0.0003,0.5154646610355453,0.5913496294013594,-0.07588496836581404,0.0002900832244325381,0.000289162178415364,105,315,3,0.26031746031746034,True,True,False,0.0003
64,combined,0.01,0.8677902575913438,0.9173733321068196,-0.049583074515475764,0.009992820396478945,0.009990833049986686,210,630,3,0.1761904761904762,True,True,False,0.01
64,combined,1e-05,0.18453205303478548,0.16244057000611498,0.022091483028670533,0.0,0.0,210,630,3,0.5682539682539682,True,True,True,1e-05
64,combined,0.0003,0.5261399631103596,0.6245767287817432,-0.09843676567138351,0.0002900832244325381,0.00028923499283946096,210,630,3,0.20952380952380953,True,True,False,0.0003
128,combined,0.01,0.8677902575913438,0.924241077289723,-0.05645081969837936,0.009992820396478945,0.009992359931923728,210,630,3,0.1349206349206349,True,True,False,0.01
128,combined,1e-05,0.18453205303478548,0.26852630914560266,-0.08399425611081719,0.0,0.0,210,630,3,0.27936507936507937,True,True,False,1e-05
128,simMed_test.mat,3e-05,0.23292866331646772,0.3125550151437375,-0.07962635182726976,1.526753812803079e-05,1.4976747352735467e-05,105,315,3,0.24126984126984127,True,True,False,3e-05
128,simMed_test.mat,0.0003,0.5154646610355453,0.6540591304573891,-0.1385944694218437,0.0002900832244325381,0.0002899377746453755,105,315,3,0.1619047619047619,True,True,False,0.0003
128,simMed_test.mat,0.0001,0.3631281887560889,0.49472522295712734,-0.13159703420103852,9.160522876818475e-05,9.141130213523774e-05,105,315,3,0.1365079365079365,True,True,False,0.0001
128,simMed_test.mat,0.003,0.8138666025670928,0.8741929808673045,-0.06032637830021166,0.0029924374730939812,0.002992437473094035,105,315,3,0.2126984126984127,True,True,False,0.003
128,simMed_test.mat,0.001,0.6957533928816516,0.8003646613854486,-0.10461126850379697,0.0009923899783219553,0.0009922445603624533,105,315,3,0.1492063492063492,True,True,False,0.001
128,combined,0.0001,0.3681866997918742,0.5464257871025514,-0.17823908731067728,9.160522876818475e-05,9.14840355389147e-05,210,630,3,0.08571428571428572,True,True,False,0.0001
128,combined,0.0003,0.5261399631103596,0.692908129376443,-0.16676816626608332,0.0002900832244325381,0.0002899135713727165,210,630,3,0.10158730158730159,True,True,False,0.0003
128,simMed_test.mat,1e-05,0.184544890419632,0.22957686957414125,-0.04503197915450925,0.0,0.0,105,315,3,0.3492063492063492,True,True,False,1e-05
128,simWind_test.mat,1e-05,0.18451921564993898,0.3074757487170641,-0.12295653306712513,0.0,0.0,105,315,3,0.20952380952380953,True,True,False,1e-05
128,simWind_test.mat,3e-05,0.23871466421913762,0.40719289060219543,-0.16847822638305784,1.526753812803079e-05,1.526753812803079e-05,105,315,3,0.13968253968253969,True,True,False,3e-05
128,simWind_test.mat,0.0001,0.3732452108276595,0.5981263512479755,-0.224881140420316,9.160522876818475e-05,9.155676894259166e-05,105,315,3,0.03492063492063492,True,True,False,0.0001
128,simWind_test.mat,0.0003,0.5368152651851739,0.7317571282954969,-0.19494186311032294,0.0002900832244325381,0.0002898893681000575,105,315,3,0.04126984126984127,True,True,False,0.0003
128,simWind_test.mat,0.001,0.709979513423963,0.8346676810783613,-0.1246881676543983,0.0009923899783219553,0.0009923415155373009,105,315,3,0.0761904761904762,True,True,False,0.001
128,simWind_test.mat,0.003,0.812213539733551,0.8908400002311457,-0.07862646049759466,0.0029924374730939812,0.002992437473094035,105,315,3,0.10158730158730159,True,True,False,0.003
128,simWind_test.mat,0.01,0.8663473290962685,0.9231179837931619,-0.0567706546968935,0.009992820396478945,0.009992287222210504,105,315,3,0.10793650793650794,True,True,False,0.01
128,simMed_test.mat,0.01,0.8692331860864191,0.9253641707862844,-0.05613098469986522,0.009992820396478945,0.009992432641636954,105,315,3,0.1619047619047619,True,True,False,0.01
128,combined,0.003,0.813040071150322,0.8825164905492252,-0.06947641939890317,0.0029924374730939812,0.002992437473094035,210,630,3,0.15714285714285714,True,True,False,0.003
128,combined,3e-05,0.2358216637678027,0.3598739528729665,-0.12405228910516382,1.526753812803079e-05,1.5122142740383129e-05,210,630,3,0.19047619047619047,True,True,False,3e-05
128,combined,0.001,0.7028664531528073,0.817516171231905,-0.11464971807909763,0.0009923899783219553,0.000992293037949877,210,630,3,0.1126984126984127,True,True,False,0.001
256,combined,0.0001,0.3681866997918742,0.5967963130197966,-0.22860961322792245,9.160522876818475e-05,9.129014147219605e-05,210,630,3,0.03968253968253968,True,True,False,0.0001
256,combined,0.0003,0.5261399631103596,0.7349252463634033,-0.20878528325304369,0.0002900832244325381,0.00028996206561363497,210,630,3,0.06031746031746032,True,True,False,0.0003
256,combined,0.01,0.8677902575913438,0.9317666876035346,-0.0639764300121909,0.009992820396478945,0.009989476717963235,210,630,3,0.1,True,True,False,0.01
256,simMed_test.mat,0.0003,0.5154646610355453,0.7185193712254001,-0.20305471018985471,0.0002900832244325381,0.00029003473722145066,105,315,3,0.07301587301587302,True,True,False,0.0003
256,combined,1e-05,0.18453205303478548,0.2584782331331894,-0.07394618009840394,0.0,0.0,210,630,3,0.3349206349206349,True,True,False,1e-05
256,combined,3e-05,0.2358216637678027,0.3823482227473449,-0.14652655897954225,1.526753812803079e-05,1.4807095773982148e-05,210,630,3,0.1634920634920635,True,True,False,3e-05
256,combined,0.001,0.7028664531528073,0.834324885284441,-0.13145843213163366,0.0009923899783219553,0.0009921719076257996,210,630,3,0.05714285714285714,True,True,False,0.001
256,combined,0.003,0.813040071150322,0.8909841227971623,-0.07794405164684032,0.0029924374730939812,0.002992243610475411,210,630,3,0.10793650793650794,True,True,False,0.003
256,simWind_test.mat,0.01,0.8663473290962685,0.9269084612861771,-0.06056113218990858,0.009992820396478945,0.009988894907833503,105,315,3,0.09841269841269841,True,True,False,0.01
256,simWind_test.mat,0.003,0.812213539733551,0.8901361727486286,-0.07792263301507756,0.0029924374730939812,0.002992195159157701,105,315,3,0.09841269841269841,True,True,False,0.003
256,simWind_test.mat,0.001,0.709979513423963,0.8441152829794576,-0.13413576955549447,0.0009923899783219553,0.0009920022960154705,105,315,3,0.05714285714285714,True,True,False,0.001
256,simWind_test.mat,0.0003,0.5368152651851739,0.7513311215014065,-0.21451585631623257,0.0002900832244325381,0.0002898893940058192,105,315,3,0.047619047619047616,True,True,False,0.0003
256,simMed_test.mat,0.001,0.6957533928816516,0.8245344875894245,-0.12878109470777285,0.0009923899783219553,0.0009923415192361288,105,315,3,0.05714285714285714,True,True,False,0.001
256,simMed_test.mat,0.003,0.8138666025670928,0.8918320728456959,-0.07796547027860308,0.0029924374730939812,0.0029922920617931207,105,315,3,0.11746031746031746,True,True,False,0.003
256,simMed_test.mat,0.01,0.8692331860864191,0.9366249139208924,-0.0673917278344732,0.009992820396478945,0.009990058528092965,105,315,3,0.10158730158730159,True,True,False,0.01
256,simWind_test.mat,1e-05,0.18451921564993898,0.27641620741289624,-0.09189699176295725,0.0,0.0,105,315,3,0.2920634920634921,True,True,False,1e-05
256,simMed_test.mat,1e-05,0.184544890419632,0.24054025885348262,-0.055995368433850605,0.0,0.0,105,315,3,0.37777777777777777,True,True,False,1e-05
256,simMed_test.mat,3e-05,0.23292866331646772,0.3647078999929362,-0.13177923667646846,1.526753812803079e-05,1.4443571592491783e-05,105,315,3,0.1619047619047619,True,True,False,3e-05
256,simMed_test.mat,0.0001,0.3631281887560889,0.580329877006724,-0.21720168825063524,9.160522876818475e-05,9.107202267431642e-05,105,315,3,0.03492063492063492,True,True,False,0.0001
256,simWind_test.mat,0.0001,0.3732452108276595,0.6132627490328691,-0.2400175382052097,9.160522876818475e-05,9.150826027007568e-05,105,315,3,0.044444444444444446,True,True,False,0.0001
256,simWind_test.mat,3e-05,0.23871466421913762,0.39998854550175367,-0.16127388128261605,1.526753812803079e-05,1.5170619955472511e-05,105,315,3,0.16507936507936508,True,True,False,3e-05
512,simWind_test.mat,0.01,0.8663473290962685,0.9304262235251356,-0.06407889442886704,0.009992820396478945,0.009992820396478997,105,315,3,0.12063492063492064,True,True,False,0.01
512,simWind_test.mat,0.003,0.812213539733551,0.8901651796983717,-0.07795163996482075,0.0029924374730939812,0.002992389011049145,105,315,3,0.11428571428571428,True,True,False,0.003
512,simWind_test.mat,0.0001,0.3732452108276595,0.6470123167184011,-0.27376710589074166,9.160522876818475e-05,9.145986482404433e-05,105,315,3,0.022222222222222223,True,True,False,0.0001
512,simMed_test.mat,0.01,0.8692331860864191,0.9395320001601467,-0.07029881407372751,0.009992820396478945,0.009991996673374748,105,315,3,0.08571428571428572,True,True,False,0.01
512,simWind_test.mat,1e-05,0.18451921564993898,0.32212175469697524,-0.13760253904703626,0.0,0.0,105,315,3,0.2507936507936508,True,True,False,1e-05
512,simMed_test.mat,1e-05,0.184544890419632,0.2817105765343773,-0.0971656861147453,0.0,0.0,105,315,3,0.3238095238095238,True,True,False,1e-05
512,simMed_test.mat,3e-05,0.23292866331646772,0.39381817865523305,-0.16088951533876536,1.526753812803079e-05,1.5073638884038107e-05,105,315,3,0.15873015873015872,True,True,False,3e-05
512,simMed_test.mat,0.0001,0.3631281887560889,0.6051162773574194,-0.24198808860133048,9.160522876818475e-05,9.160522876818475e-05,105,315,3,0.044444444444444446,True,True,False,0.0001
512,simMed_test.mat,0.0003,0.5154646610355453,0.7343347419093668,-0.2188700808738214,0.0002900832244325381,0.00029003477200318024,105,315,3,0.06031746031746032,True,True,False,0.0003
512,simMed_test.mat,0.001,0.6957533928816516,0.8353283360129321,-0.13957494313128044,0.0009923899783219553,0.0009923899783220013,105,315,3,0.06984126984126984,True,True,False,0.001
512,simMed_test.mat,0.003,0.8138666025670928,0.898906209136652,-0.08503960656955908,0.0029924374730939812,0.002992340551223552,105,315,3,0.12063492063492064,True,True,False,0.003
512,simWind_test.mat,0.0003,0.5368152651851739,0.7585107651301034,-0.22169549994492954,0.0002900832244325381,0.00029008322443258505,105,315,3,0.031746031746031744,True,True,False,0.0003
512,simWind_test.mat,0.001,0.709979513423963,0.8417256126275303,-0.13174609920356728,0.0009923899783219553,0.0009923415229343923,105,315,3,0.05396825396825397,True,True,False,0.001
512,simWind_test.mat,3e-05,0.23871466421913762,0.4385527496645035,-0.19983808544536596,1.526753812803079e-05,1.5170628831417927e-05,105,315,3,0.13968253968253969,True,True,False,3e-05
512,combined,0.001,0.7028664531528073,0.8385269743202313,-0.13566052116742386,0.0009923899783219553,0.0009923657506281968,210,630,3,0.06190476190476191,True,True,False,0.001
512,combined,1e-05,0.18453205303478548,0.30191616561567625,-0.11738411258089079,0.0,0.0,210,630,3,0.2873015873015873,True,True,False,1e-05
512,combined,0.0003,0.5261399631103596,0.7464227535197351,-0.22028279040937548,0.0002900832244325381,0.00029005899821788264,210,630,3,0.046031746031746035,True,True,False,0.0003
512,combined,0.0001,0.3681866997918742,0.6260642970379102,-0.2578775972460361,9.160522876818475e-05,9.153254679611455e-05,210,630,3,0.03333333333333333,True,True,False,0.0001
512,combined,3e-05,0.2358216637678027,0.4161854641598683,-0.18036380039206565,1.526753812803079e-05,1.5122133857728018e-05,210,630,3,0.1492063492063492,True,True,False,3e-05
512,combined,0.01,0.8677902575913438,0.9349791118426412,-0.06718885425129727,0.009992820396478945,0.009992408534926871,210,630,3,0.10317460317460317,True,True,False,0.01
512,combined,0.003,0.813040071150322,0.8945356944175118,-0.08149562326718991,0.0029924374730939812,0.0029923647811363487,210,630,3,0.11746031746031746,True,True,False,0.003
all,simWind_test.mat,0.001,0.709979513423963,0.8772960777616481,-0.16731656433768494,0.0009923899783219553,0.0009923899783220013,105,315,3,0.009523809523809525,True,True,False,0.001
all,simWind_test.mat,0.0003,0.5368152651851739,0.7899722774338765,-0.25315701224870263,0.0002900832244325381,0.00029008322443258505,105,315,3,0.0031746031746031746,True,True,False,0.0003
all,simMed_test.mat,0.0003,0.5154646610355453,0.7725716110523273,-0.25710695001678185,0.0002900832244325381,0.00029008322443258505,105,315,3,0.025396825396825397,True,True,False,0.0003
all,simMed_test.mat,0.0001,0.3631281887560889,0.6494112199238357,-0.2862830311677468,9.160522876818475e-05,9.160522876818475e-05,105,315,3,0.01904761904761905,True,True,False,0.0001
all,simMed_test.mat,3e-05,0.23292866331646772,0.4631556436882731,-0.23022698037180533,1.526753812803079e-05,1.526753812803079e-05,105,315,3,0.10476190476190476,True,True,False,3e-05
all,simMed_test.mat,1e-05,0.184544890419632,0.3526293400052769,-0.1680844495856449,0.0,0.0,105,315,3,0.20952380952380953,True,True,False,1e-05
all,simWind_test.mat,1e-05,0.18451921564993898,0.35660944830504854,-0.1720902326551096,0.0,0.0,105,315,3,0.18095238095238095,True,True,False,1e-05
all,simMed_test.mat,0.01,0.8692331860864191,0.9620623898319849,-0.0928292037455657,0.009992820396478945,0.009992820396478997,105,315,3,0.025396825396825397,True,True,False,0.01
all,simWind_test.mat,0.0001,0.3732452108276595,0.6681851479247665,-0.29493993709710703,9.160522876818475e-05,9.160522876818475e-05,105,315,3,0.01904761904761905,True,True,False,0.0001
all,simWind_test.mat,3e-05,0.23871466421913762,0.4597193823336102,-0.22100471811447264,1.526753812803079e-05,1.526753812803079e-05,105,315,3,0.1111111111111111,True,True,False,3e-05
all,simWind_test.mat,0.003,0.812213539733551,0.920276090111507,-0.10806255037795608,0.0029924374730939812,0.002992437473094035,105,315,3,0.02857142857142857,True,True,False,0.003
all,simWind_test.mat,0.01,0.8663473290962685,0.9596801331951181,-0.09333280409884964,0.009992820396478945,0.009992820396478997,105,315,3,0.022222222222222223,True,True,False,0.01
all,simMed_test.mat,0.001,0.6957533928816516,0.8596329159422603,-0.16387952306060877,0.0009923899783219553,0.0009923899783220013,105,315,3,0.012698412698412698,True,True,False,0.001
all,simMed_test.mat,0.003,0.8138666025670928,0.9215548901501261,-0.1076882875830333,0.0029924374730939812,0.002992437473094035,105,315,3,0.044444444444444446,True,True,False,0.003
all,combined,1e-05,0.18453205303478548,0.35461939415516275,-0.17008734112037724,0.0,0.0,210,630,3,0.19523809523809524,True,True,False,1e-05
all,combined,3e-05,0.2358216637678027,0.46143751301094166,-0.22561584924313902,1.526753812803079e-05,1.526753812803079e-05,210,630,3,0.10793650793650794,True,True,False,3e-05
all,combined,0.0001,0.3681866997918742,0.6587981839243011,-0.2906114841324269,9.160522876818475e-05,9.160522876818475e-05,210,630,3,0.01904761904761905,True,True,False,0.0001
all,combined,0.0003,0.5261399631103596,0.7812719442431019,-0.25513198113274227,0.0002900832244325381,0.00029008322443258505,210,630,3,0.014285714285714285,True,True,False,0.0003
all,combined,0.001,0.7028664531528073,0.8684644968519541,-0.16559804369914685,0.0009923899783219553,0.0009923899783220013,210,630,3,0.011111111111111112,True,True,False,0.001
all,combined,0.003,0.813040071150322,0.9209154901308166,-0.10787541898049467,0.0029924374730939812,0.002992437473094035,210,630,3,0.03650793650793651,True,True,False,0.003
all,combined,0.01,0.8677902575913438,0.9608712615135515,-0.09308100392220767,0.009992820396478945,0.009992820396478997,210,630,3,0.023809523809523808,True,True,False,0.01
