asset,item_id,image_index,target_count,method,log_pfa_auc_pd,pfa_points
simMed_test.mat,simMed_test.mat#0,0,43,low_rank_residual_k30,0.5205455662202008,7
simMed_test.mat,simMed_test.mat#0,0,43,raw,0.17416548899351314,7
simMed_test.mat,simMed_test.mat#0,0,43,tpsscs_finished_detector,0.5438013801736892,7
simMed_test.mat,simMed_test.mat#0,0,43,tpsscs_trainable_gate,0.5037244469061014,7
simMed_test.mat,simMed_test.mat#100,100,53,low_rank_residual_k30,0.4953759230742616,7
simMed_test.mat,simMed_test.mat#100,100,53,raw,0.27666809324178326,7
simMed_test.mat,simMed_test.mat#100,100,53,tpsscs_finished_detector,0.5454026055235656,7
simMed_test.mat,simMed_test.mat#100,100,53,tpsscs_trainable_gate,0.5065980496020636,7
simMed_test.mat,simMed_test.mat#101,101,51,low_rank_residual_k30,0.4640740679488067,7
simMed_test.mat,simMed_test.mat#101,101,51,raw,0.41787383111324444,7
simMed_test.mat,simMed_test.mat#101,101,51,tpsscs_finished_detector,0.48991879023272383,7
simMed_test.mat,simMed_test.mat#101,101,51,tpsscs_trainable_gate,0.5554278016397849,7
simMed_test.mat,simMed_test.mat#102,102,39,low_rank_residual_k30,0.4667061585627797,7
simMed_test.mat,simMed_test.mat#102,102,39,raw,0.2884757794708009,7
simMed_test.mat,simMed_test.mat#102,102,39,tpsscs_finished_detector,0.5110890913559349,7
simMed_test.mat,simMed_test.mat#102,102,39,tpsscs_trainable_gate,0.4665106137313238,7
simMed_test.mat,simMed_test.mat#104,104,25,low_rank_residual_k30,0.44562120786136705,7
simMed_test.mat,simMed_test.mat#104,104,25,raw,0.3612201997482847,7
simMed_test.mat,simMed_test.mat#104,104,25,tpsscs_finished_detector,0.6354686828928315,7
simMed_test.mat,simMed_test.mat#104,104,25,tpsscs_trainable_gate,0.6230504993707117,7
simMed_test.mat,simMed_test.mat#105,105,26,low_rank_residual_k30,0.5316326676944001,7
simMed_test.mat,simMed_test.mat#105,105,26,raw,0.2804593987056648,7
simMed_test.mat,simMed_test.mat#105,105,26,tpsscs_finished_detector,0.6052039577887569,7
simMed_test.mat,simMed_test.mat#105,105,26,tpsscs_trainable_gate,0.5868531402995391,7
simMed_test.mat,simMed_test.mat#107,107,49,low_rank_residual_k30,0.43508554357555607,7
simMed_test.mat,simMed_test.mat#107,107,49,raw,0.3803524994220821,7
simMed_test.mat,simMed_test.mat#107,107,49,tpsscs_finished_detector,0.46538651302752426,7
simMed_test.mat,simMed_test.mat#107,107,49,tpsscs_trainable_gate,0.4776803692397749,7
simMed_test.mat,simMed_test.mat#108,108,25,low_rank_residual_k30,0.5395646410688427,7
simMed_test.mat,simMed_test.mat#108,108,25,raw,0.20152524968535582,7
simMed_test.mat,simMed_test.mat#108,108,25,tpsscs_finished_detector,0.572592924465105,7
simMed_test.mat,simMed_test.mat#108,108,25,tpsscs_trainable_gate,0.5065363576725807,7
simMed_test.mat,simMed_test.mat#11,11,58,low_rank_residual_k30,0.4857828226519986,7
simMed_test.mat,simMed_test.mat#11,11,58,raw,0.24485414110255876,7
simMed_test.mat,simMed_test.mat#11,11,58,tpsscs_finished_detector,0.5187630561425723,7
simMed_test.mat,simMed_test.mat#11,11,58,tpsscs_trainable_gate,0.5439115222290197,7
simMed_test.mat,simMed_test.mat#110,110,63,low_rank_residual_k30,0.4425428828986742,7
simMed_test.mat,simMed_test.mat#110,110,63,raw,0.3036451781469086,7
simMed_test.mat,simMed_test.mat#110,110,63,tpsscs_finished_detector,0.5006228895374026,7
simMed_test.mat,simMed_test.mat#110,110,63,tpsscs_trainable_gate,0.48372975124746004,7
simMed_test.mat,simMed_test.mat#111,111,43,low_rank_residual_k30,0.42883955375135435,7
simMed_test.mat,simMed_test.mat#111,111,43,raw,0.20385599758639053,7
simMed_test.mat,simMed_test.mat#111,111,43,tpsscs_finished_detector,0.42883955375135435,7
simMed_test.mat,simMed_test.mat#111,111,43,tpsscs_trainable_gate,0.37493069708903404,7
simMed_test.mat,simMed_test.mat#112,112,47,low_rank_residual_k30,0.5030829514916767,7
simMed_test.mat,simMed_test.mat#112,112,47,raw,0.21487534530953467,7
simMed_test.mat,simMed_test.mat#112,112,47,tpsscs_finished_detector,0.5243595472363576,7
simMed_test.mat,simMed_test.mat#112,112,47,tpsscs_trainable_gate,0.5179163910740976,7
simMed_test.mat,simMed_test.mat#113,113,14,low_rank_residual_k30,0.26921897293335334,7
simMed_test.mat,simMed_test.mat#113,113,14,raw,0.34741702336003205,7
simMed_test.mat,simMed_test.mat#113,113,14,tpsscs_finished_detector,0.41207611579049624,7
simMed_test.mat,simMed_test.mat#113,113,14,tpsscs_trainable_gate,0.6279960261676633,7
simMed_test.mat,simMed_test.mat#114,114,36,low_rank_residual_k30,0.5887198315422676,7
simMed_test.mat,simMed_test.mat#114,114,36,raw,0.2798961801185498,7
simMed_test.mat,simMed_test.mat#114,114,36,tpsscs_finished_detector,0.6068146695926316,7
simMed_test.mat,simMed_test.mat#114,114,36,tpsscs_trainable_gate,0.5470531648756009,7
simMed_test.mat,simMed_test.mat#115,115,22,low_rank_residual_k30,0.32060835177215696,7
simMed_test.mat,simMed_test.mat#115,115,22,raw,0.2217768556315458,7
simMed_test.mat,simMed_test.mat#115,115,22,tpsscs_finished_detector,0.32060835177215696,7
simMed_test.mat,simMed_test.mat#115,115,22,tpsscs_trainable_gate,0.37759985741822016,7
simMed_test.mat,simMed_test.mat#116,116,27,low_rank_residual_k30,0.49132621837832574,7
simMed_test.mat,simMed_test.mat#116,116,27,raw,0.12164141177483352,7
simMed_test.mat,simMed_test.mat#116,116,27,tpsscs_finished_detector,0.5066170903210396,7
simMed_test.mat,simMed_test.mat#116,116,27,tpsscs_trainable_gate,0.4634072137778298,7
simMed_test.mat,simMed_test.mat#117,117,56,low_rank_residual_k30,0.44218839591719,7
simMed_test.mat,simMed_test.mat#117,117,56,raw,0.30859036416193486,7
simMed_test.mat,simMed_test.mat#117,117,56,tpsscs_finished_detector,0.45551316155623667,7
simMed_test.mat,simMed_test.mat#117,117,56,tpsscs_trainable_gate,0.5201140803286266,7
simMed_test.mat,simMed_test.mat#118,118,57,low_rank_residual_k30,0.4402786579771223,7
simMed_test.mat,simMed_test.mat#118,118,57,raw,0.23911660040798668,7
simMed_test.mat,simMed_test.mat#118,118,57,tpsscs_finished_detector,0.4504456791897529,7
simMed_test.mat,simMed_test.mat#118,118,57,tpsscs_trainable_gate,0.4596189905104606,7
simMed_test.mat,simMed_test.mat#12,12,57,low_rank_residual_k30,0.4168868451116252,7
simMed_test.mat,simMed_test.mat#12,12,57,raw,0.346176231186939,7
simMed_test.mat,simMed_test.mat#12,12,57,tpsscs_finished_detector,0.4734361105591037,7
simMed_test.mat,simMed_test.mat#12,12,57,tpsscs_trainable_gate,0.4853996046559499,7
simMed_test.mat,simMed_test.mat#121,121,37,low_rank_residual_k30,0.5075962268396853,7
simMed_test.mat,simMed_test.mat#121,121,37,raw,0.24530439146669705,7
simMed_test.mat,simMed_test.mat#121,121,37,tpsscs_finished_detector,0.5346232538667123,7
simMed_test.mat,simMed_test.mat#121,121,37,tpsscs_trainable_gate,0.5442506073427574,7
simMed_test.mat,simMed_test.mat#122,122,15,low_rank_residual_k30,0.3575892218026966,7
simMed_test.mat,simMed_test.mat#122,122,15,raw,0.3580976383644819,7
simMed_test.mat,simMed_test.mat#122,122,15,tpsscs_finished_detector,0.4242558884693633,7
simMed_test.mat,simMed_test.mat#122,122,15,tpsscs_trainable_gate,0.4580976383644819,7
simMed_test.mat,simMed_test.mat#123,123,42,low_rank_residual_k30,0.5072366461511593,7
simMed_test.mat,simMed_test.mat#123,123,42,raw,0.1664075244457397,7
simMed_test.mat,simMed_test.mat#123,123,42,tpsscs_finished_detector,0.5488125241460786,7
simMed_test.mat,simMed_test.mat#123,123,42,tpsscs_trainable_gate,0.5195045627429107,7
simMed_test.mat,simMed_test.mat#124,124,25,low_rank_residual_k30,0.39228787452803376,7
simMed_test.mat,simMed_test.mat#124,124,25,raw,0.3853161579242959,7
simMed_test.mat,simMed_test.mat#124,124,25,tpsscs_finished_detector,0.39228787452803376,7
simMed_test.mat,simMed_test.mat#124,124,25,tpsscs_trainable_gate,0.49607878276697387,7
simMed_test.mat,simMed_test.mat#125,125,59,low_rank_residual_k30,0.46624978046015686,7
simMed_test.mat,simMed_test.mat#125,125,59,raw,0.37007532427213236,7
simMed_test.mat,simMed_test.mat#125,125,59,tpsscs_finished_detector,0.516709462743541,7
simMed_test.mat,simMed_test.mat#125,125,59,tpsscs_trainable_gate,0.5100997204185759,7
simMed_test.mat,simMed_test.mat#126,126,26,low_rank_residual_k30,0.4608265299343957,7
simMed_test.mat,simMed_test.mat#126,126,26,raw,0.31921425441438706,7
simMed_test.mat,simMed_test.mat#126,126,26,tpsscs_finished_detector,0.5182255203795196,7
simMed_test.mat,simMed_test.mat#126,126,26,tpsscs_trainable_gate,0.5026398552246544,7
simMed_test.mat,simMed_test.mat#127,127,33,low_rank_residual_k30,0.48521196278792145,7
simMed_test.mat,simMed_test.mat#127,127,33,raw,0.3938406750044802,7
simMed_test.mat,simMed_test.mat#127,127,33,tpsscs_finished_detector,0.6061929855628675,7
simMed_test.mat,simMed_test.mat#127,127,33,tpsscs_trainable_gate,0.6092959841810578,7
simMed_test.mat,simMed_test.mat#13,13,17,low_rank_residual_k30,0.5069206736031671,7
simMed_test.mat,simMed_test.mat#13,13,17,raw,0.2174806859043402,7
simMed_test.mat,simMed_test.mat#13,13,17,tpsscs_finished_detector,0.6096375486494382,7
simMed_test.mat,simMed_test.mat#13,13,17,tpsscs_trainable_gate,0.6203386759153339,7
simMed_test.mat,simMed_test.mat#14,14,30,low_rank_residual_k30,0.5144158187627154,7
simMed_test.mat,simMed_test.mat#14,14,30,raw,0.34382743705425406,7
simMed_test.mat,simMed_test.mat#14,14,30,tpsscs_finished_detector,0.5914309716978152,7
simMed_test.mat,simMed_test.mat#14,14,30,tpsscs_trainable_gate,0.5358754161422598,7
simMed_test.mat,simMed_test.mat#15,15,43,low_rank_residual_k30,0.4875111524788041,7
simMed_test.mat,simMed_test.mat#15,15,43,raw,0.2693927612254551,7
simMed_test.mat,simMed_test.mat#15,15,43,tpsscs_finished_detector,0.5067136428254682,7
simMed_test.mat,simMed_test.mat#15,15,43,tpsscs_trainable_gate,0.5090950138580328,7
simMed_test.mat,simMed_test.mat#16,16,23,low_rank_residual_k30,0.414369782335092,7
simMed_test.mat,simMed_test.mat#16,16,23,raw,0.4371036408255415,7
simMed_test.mat,simMed_test.mat#16,16,23,tpsscs_finished_detector,0.5013263040742225,7
simMed_test.mat,simMed_test.mat#16,16,23,tpsscs_trainable_gate,0.6192577891710633,7
simMed_test.mat,simMed_test.mat#17,17,29,low_rank_residual_k30,0.372398986716347,7
simMed_test.mat,simMed_test.mat#17,17,29,raw,0.36744078253061146,7
simMed_test.mat,simMed_test.mat#17,17,29,tpsscs_finished_detector,0.4758472625784161,7
simMed_test.mat,simMed_test.mat#17,17,29,tpsscs_trainable_gate,0.4971455884837208,7
simMed_test.mat,simMed_test.mat#18,18,52,low_rank_residual_k30,0.4681167380862035,7
simMed_test.mat,simMed_test.mat#18,18,52,raw,0.3755239859395185,7
simMed_test.mat,simMed_test.mat#18,18,52,tpsscs_finished_detector,0.6004695947928606,7
simMed_test.mat,simMed_test.mat#18,18,52,tpsscs_trainable_gate,0.5751218863990187,7
simMed_test.mat,simMed_test.mat#19,19,24,low_rank_residual_k30,0.47508206538226444,7
simMed_test.mat,simMed_test.mat#19,19,24,raw,0.27968433988447255,7
simMed_test.mat,simMed_test.mat#19,19,24,tpsscs_finished_detector,0.516748732048931,7
simMed_test.mat,simMed_test.mat#19,19,24,tpsscs_trainable_gate,0.6321264662600539,7
simMed_test.mat,simMed_test.mat#20,20,24,low_rank_residual_k30,0.29752209152225734,7
simMed_test.mat,simMed_test.mat#20,20,24,raw,0.27968433988447255,7
simMed_test.mat,simMed_test.mat#20,20,24,tpsscs_finished_detector,0.3808554248555907,7
simMed_test.mat,simMed_test.mat#20,20,24,tpsscs_trainable_gate,0.53063762093782,7
simMed_test.mat,simMed_test.mat#21,21,17,low_rank_residual_k30,0.5214022545317912,7
simMed_test.mat,simMed_test.mat#21,21,17,raw,0.3159685044392488,7
simMed_test.mat,simMed_test.mat#21,21,17,tpsscs_finished_detector,0.6978728427670853,7
simMed_test.mat,simMed_test.mat#21,21,17,tpsscs_trainable_gate,0.6254649381239645,7
simMed_test.mat,simMed_test.mat#22,22,52,low_rank_residual_k30,0.4971095505559493,7
simMed_test.mat,simMed_test.mat#22,22,52,raw,0.35032293616926863,7
simMed_test.mat,simMed_test.mat#22,22,52,tpsscs_finished_detector,0.5636839497456821,7
simMed_test.mat,simMed_test.mat#22,22,52,tpsscs_trainable_gate,0.5461290739292729,7
simMed_test.mat,simMed_test.mat#23,23,55,low_rank_residual_k30,0.4411372758429572,7
simMed_test.mat,simMed_test.mat#23,23,55,raw,0.3313530714405226,7
simMed_test.mat,simMed_test.mat#23,23,55,tpsscs_finished_detector,0.4652410410230763,7
simMed_test.mat,simMed_test.mat#23,23,55,tpsscs_trainable_gate,0.4564274500567774,7
simMed_test.mat,simMed_test.mat#24,24,37,low_rank_residual_k30,0.4829245094760832,7
simMed_test.mat,simMed_test.mat#24,24,37,raw,0.22943556828975856,7
simMed_test.mat,simMed_test.mat#24,24,37,tpsscs_finished_detector,0.5346232538667123,7
simMed_test.mat,simMed_test.mat#24,24,37,tpsscs_trainable_gate,0.553053501529421,7
simMed_test.mat,simMed_test.mat#25,25,30,low_rank_residual_k30,0.4675749089618321,7
simMed_test.mat,simMed_test.mat#25,25,30,raw,0.3776691869493727,7
simMed_test.mat,simMed_test.mat#25,25,30,tpsscs_finished_detector,0.519971374318271,7
simMed_test.mat,simMed_test.mat#25,25,30,tpsscs_trainable_gate,0.5062095895698283,7
simMed_test.mat,simMed_test.mat#26,26,63,low_rank_residual_k30,0.47290563754078985,7
simMed_test.mat,simMed_test.mat#26,26,63,raw,0.23209555515600733,7
simMed_test.mat,simMed_test.mat#26,26,63,tpsscs_finished_detector,0.4992396124334864,7
simMed_test.mat,simMed_test.mat#26,26,63,tpsscs_trainable_gate,0.4639490071873551,7
simMed_test.mat,simMed_test.mat#27,27,59,low_rank_residual_k30,0.4367826511828716,7
simMed_test.mat,simMed_test.mat#27,27,59,raw,0.4084048051643385,7
simMed_test.mat,simMed_test.mat#27,27,59,tpsscs_finished_detector,0.5040622275607171,7
simMed_test.mat,simMed_test.mat#27,27,59,tpsscs_trainable_gate,0.5084934033681775,7
simMed_test.mat,simMed_test.mat#28,28,26,low_rank_residual_k30,0.45529622526569075,7
simMed_test.mat,simMed_test.mat#28,28,26,raw,0.31644910208003457,7
simMed_test.mat,simMed_test.mat#28,28,26,tpsscs_finished_detector,0.563977266992866,7
simMed_test.mat,simMed_test.mat#28,28,26,tpsscs_trainable_gate,0.6476039175733831,7
simMed_test.mat,simMed_test.mat#29,29,26,low_rank_residual_k30,0.31556915033848315,7
simMed_test.mat,simMed_test.mat#29,29,26,raw,0.21329836502156438,7
simMed_test.mat,simMed_test.mat#29,29,26,tpsscs_finished_detector,0.3540306888000216,7
simMed_test.mat,simMed_test.mat#29,29,26,tpsscs_trainable_gate,0.4223649914728573,7
simMed_test.mat,simMed_test.mat#3,3,28,low_rank_residual_k30,0.5029960261676633,7
simMed_test.mat,simMed_test.mat#3,3,28,raw,0.3499846648133594,7
simMed_test.mat,simMed_test.mat#3,3,28,tpsscs_finished_detector,0.5679274846133695,7
simMed_test.mat,simMed_test.mat#3,3,28,tpsscs_trainable_gate,0.5296455574457565,7
simMed_test.mat,simMed_test.mat#31,31,25,low_rank_residual_k30,0.4624403994965693,7
simMed_test.mat,simMed_test.mat#31,31,25,raw,0.36274544943364057,7
simMed_test.mat,simMed_test.mat#31,31,25,tpsscs_finished_detector,0.5024403994965693,7
simMed_test.mat,simMed_test.mat#31,31,25,tpsscs_trainable_gate,0.4925929244651049,7
simMed_test.mat,simMed_test.mat#32,32,27,low_rank_residual_k30,0.5307435410548585,7
simMed_test.mat,simMed_test.mat#32,32,27,raw,0.2703544672138542,7
simMed_test.mat,simMed_test.mat#32,32,27,tpsscs_finished_detector,0.6048176151289325,7
simMed_test.mat,simMed_test.mat#32,32,27,tpsscs_trainable_gate,0.5930368434074594,7
simMed_test.mat,simMed_test.mat#33,33,36,low_rank_residual_k30,0.5585213188326362,7
simMed_test.mat,simMed_test.mat#33,33,36,raw,0.440148002925965,7
simMed_test.mat,simMed_test.mat#33,33,36,tpsscs_finished_detector,0.5699894727896718,7
simMed_test.mat,simMed_test.mat#33,33,36,tpsscs_trainable_gate,0.5655716833941193,7
simMed_test.mat,simMed_test.mat#34,34,59,low_rank_residual_k30,0.5086226618160891,7
simMed_test.mat,simMed_test.mat#34,34,59,raw,0.19672487250804926,7
simMed_test.mat,simMed_test.mat#34,34,59,tpsscs_finished_detector,0.5239654973080636,7
simMed_test.mat,simMed_test.mat#34,34,59,tpsscs_trainable_gate,0.48923642586038857,7
simMed_test.mat,simMed_test.mat#35,35,55,low_rank_residual_k30,0.4743319501139853,7
simMed_test.mat,simMed_test.mat#35,35,55,raw,0.3110321359631801,7
simMed_test.mat,simMed_test.mat#35,35,55,tpsscs_finished_detector,0.5242626205828328,7
simMed_test.mat,simMed_test.mat#35,35,55,tpsscs_trainable_gate,0.5171721697251429,7
simMed_test.mat,simMed_test.mat#36,36,13,low_rank_residual_k30,0.5859731885579876,7
simMed_test.mat,simMed_test.mat#36,36,13,raw,0.23194249975796596,7
simMed_test.mat,simMed_test.mat#36,36,13,tpsscs_finished_detector,0.6628962654810646,7
simMed_test.mat,simMed_test.mat#36,36,13,tpsscs_trainable_gate,0.6701864736328723,7
simMed_test.mat,simMed_test.mat#38,38,43,low_rank_residual_k30,0.5528705615032924,7
simMed_test.mat,simMed_test.mat#38,38,43,raw,0.28155273204592807,7
simMed_test.mat,simMed_test.mat#38,38,43,tpsscs_finished_detector,0.5720730518499565,7
simMed_test.mat,simMed_test.mat#38,38,43,tpsscs_trainable_gate,0.5052190448657848,7
simMed_test.mat,simMed_test.mat#39,39,36,low_rank_residual_k30,0.5118013420681856,7
simMed_test.mat,simMed_test.mat#39,39,36,raw,0.24748877271114234,7
simMed_test.mat,simMed_test.mat#39,39,36,tpsscs_finished_detector,0.5278991256548508,7
simMed_test.mat,simMed_test.mat#39,39,36,tpsscs_trainable_gate,0.53137906175709,7
simMed_test.mat,simMed_test.mat#40,40,28,low_rank_residual_k30,0.5273502820076713,7
simMed_test.mat,simMed_test.mat#40,40,28,raw,0.30831799814669275,7
simMed_test.mat,simMed_test.mat#40,40,28,tpsscs_finished_detector,0.5772646050648041,7
simMed_test.mat,simMed_test.mat#40,40,28,tpsscs_trainable_gate,0.5803769785486156,7
simMed_test.mat,simMed_test.mat#41,41,55,low_rank_residual_k30,0.5106955864776217,7
simMed_test.mat,simMed_test.mat#41,41,55,raw,0.21103213596318013,7
simMed_test.mat,simMed_test.mat#41,41,55,tpsscs_finished_detector,0.5470592228412581,7
simMed_test.mat,simMed_test.mat#41,41,55,tpsscs_trainable_gate,0.4854233174381137,7
simMed_test.mat,simMed_test.mat#42,42,31,low_rank_residual_k30,0.46788285559918147,7
simMed_test.mat,simMed_test.mat#42,42,31,raw,0.3271138773075541,7
simMed_test.mat,simMed_test.mat#42,42,31,tpsscs_finished_detector,0.5510931849256312,7
simMed_test.mat,simMed_test.mat#42,42,31,tpsscs_trainable_gate,0.621723682085212,7
simMed_test.mat,simMed_test.mat#43,43,49,low_rank_residual_k30,0.552199025766573,7
simMed_test.mat,simMed_test.mat#43,43,49,raw,0.4263486856305186,7
simMed_test.mat,simMed_test.mat#43,43,49,tpsscs_finished_detector,0.5959497996724165,7
simMed_test.mat,simMed_test.mat#43,43,49,tpsscs_trainable_gate,0.5521990257665731,7
simMed_test.mat,simMed_test.mat#44,44,38,low_rank_residual_k30,0.5138749281277623,7
simMed_test.mat,simMed_test.mat#44,44,38,raw,0.2209037715986201,7
simMed_test.mat,simMed_test.mat#44,44,38,tpsscs_finished_detector,0.619138086022499,7
simMed_test.mat,simMed_test.mat#44,44,38,tpsscs_trainable_gate,0.5999029707874187,7
simMed_test.mat,simMed_test.mat#45,45,35,low_rank_residual_k30,0.45521355893947035,7
simMed_test.mat,simMed_test.mat#45,45,35,raw,0.3974170233600321,7
simMed_test.mat,simMed_test.mat#45,45,35,tpsscs_finished_detector,0.5835670946987052,7
simMed_test.mat,simMed_test.mat#45,45,35,tpsscs_trainable_gate,0.6270779159924292,7
simMed_test.mat,simMed_test.mat#46,46,51,low_rank_residual_k30,0.3870523809035746,7
simMed_test.mat,simMed_test.mat#46,46,51,raw,0.27675281816473896,7
simMed_test.mat,simMed_test.mat#46,46,51,tpsscs_finished_detector,0.3984155222588676,7
simMed_test.mat,simMed_test.mat#46,46,51,tpsscs_trainable_gate,0.3952970826855365,7
simMed_test.mat,simMed_test.mat#47,47,28,low_rank_residual_k30,0.5262608179467029,7
simMed_test.mat,simMed_test.mat#47,47,28,raw,0.3060227227086076,7
simMed_test.mat,simMed_test.mat#47,47,28,tpsscs_finished_detector,0.5291008254152723,7
simMed_test.mat,simMed_test.mat#47,47,28,tpsscs_trainable_gate,0.5330302969448101,7
simMed_test.mat,simMed_test.mat#48,48,25,low_rank_residual_k30,0.5500222159744496,7
simMed_test.mat,simMed_test.mat#48,48,25,raw,0.18562120786136713,7
simMed_test.mat,simMed_test.mat#48,48,25,tpsscs_finished_detector,0.5894121161003072,7
simMed_test.mat,simMed_test.mat#48,48,25,tpsscs_trainable_gate,0.5328979744021761,7
simMed_test.mat,simMed_test.mat#49,49,33,low_rank_residual_k30,0.4500895258715612,7
simMed_test.mat,simMed_test.mat#49,49,33,raw,0.24932353497214843,7
simMed_test.mat,simMed_test.mat#49,49,33,tpsscs_finished_detector,0.4825711610440813,7
simMed_test.mat,simMed_test.mat#49,49,33,tpsscs_trainable_gate,0.434938010720046,7
simMed_test.mat,simMed_test.mat#50,50,25,low_rank_residual_k30,0.5932030243392473,7
simMed_test.mat,simMed_test.mat#50,50,25,raw,0.10501110798722474,7
simMed_test.mat,simMed_test.mat#50,50,25,tpsscs_finished_detector,0.6163838327040451,7
simMed_test.mat,simMed_test.mat#50,50,25,tpsscs_trainable_gate,0.5703272659115206,7
simMed_test.mat,simMed_test.mat#51,51,16,low_rank_residual_k30,0.507353215703365,7
simMed_test.mat,simMed_test.mat#51,51,16,raw,0.2102398954400281,7
simMed_test.mat,simMed_test.mat#51,51,16,tpsscs_finished_detector,0.507353215703365,7
simMed_test.mat,simMed_test.mat#51,51,16,tpsscs_trainable_gate,0.5712831372833861,7
simMed_test.mat,simMed_test.mat#52,52,59,low_rank_residual_k30,0.47581363999009557,7
simMed_test.mat,simMed_test.mat#52,52,59,raw,0.36442560675800806,7
simMed_test.mat,simMed_test.mat#52,52,59,tpsscs_finished_detector,0.4927627925324684,7
simMed_test.mat,simMed_test.mat#52,52,59,tpsscs_trainable_gate,0.4952739187182474,7
simMed_test.mat,simMed_test.mat#53,53,49,low_rank_residual_k30,0.5082926141377341,7
simMed_test.mat,simMed_test.mat#53,53,49,raw,0.14070088409688908,7
simMed_test.mat,simMed_test.mat#53,53,49,tpsscs_finished_detector,0.5491089406683464,7
simMed_test.mat,simMed_test.mat#53,53,49,tpsscs_trainable_gate,0.4881957263184189,7
simMed_test.mat,simMed_test.mat#54,54,36,low_rank_residual_k30,0.4361538939985669,7
simMed_test.mat,simMed_test.mat#54,54,36,raw,0.39143097169781527,7
simMed_test.mat,simMed_test.mat#54,54,36,tpsscs_finished_detector,0.4890768743881919,7
simMed_test.mat,simMed_test.mat#54,54,36,tpsscs_trainable_gate,0.5704131532578263,7
simMed_test.mat,simMed_test.mat#55,55,24,low_rank_residual_k30,0.27968433988447255,7
simMed_test.mat,simMed_test.mat#55,55,24,raw,0.3147243224578105,7
simMed_test.mat,simMed_test.mat#55,55,24,tpsscs_finished_detector,0.3213510065511392,7
simMed_test.mat,simMed_test.mat#55,55,24,tpsscs_trainable_gate,0.5309553812889357,7
simMed_test.mat,simMed_test.mat#56,56,19,low_rank_residual_k30,0.519550767129854,7
simMed_test.mat,simMed_test.mat#56,56,19,raw,0.19458798212493592,7
simMed_test.mat,simMed_test.mat#56,56,19,tpsscs_finished_detector,0.5412799009431845,7
simMed_test.mat,simMed_test.mat#56,56,19,tpsscs_trainable_gate,0.5692012164014538,7
simMed_test.mat,simMed_test.mat#59,59,39,low_rank_residual_k30,0.6012237707624365,7
simMed_test.mat,simMed_test.mat#59,59,39,raw,0.5175971201819193,7
simMed_test.mat,simMed_test.mat#59,59,39,tpsscs_finished_detector,0.6775602131911458,7
simMed_test.mat,simMed_test.mat#59,59,39,tpsscs_trainable_gate,0.6222002024670461,7
simMed_test.mat,simMed_test.mat#61,61,51,low_rank_residual_k30,0.46593235630122826,7
simMed_test.mat,simMed_test.mat#61,61,51,raw,0.2272846074729676,7
simMed_test.mat,simMed_test.mat#61,61,51,tpsscs_finished_detector,0.5197791577872403,7
simMed_test.mat,simMed_test.mat#61,61,51,tpsscs_trainable_gate,0.4839809796518176,7
simMed_test.mat,simMed_test.mat#62,62,26,low_rank_residual_k30,0.47976398191798114,7
simMed_test.mat,simMed_test.mat#62,62,26,raw,0.23952602515695762,7
simMed_test.mat,simMed_test.mat#62,62,26,tpsscs_finished_detector,0.4828224514995174,7
simMed_test.mat,simMed_test.mat#62,62,26,tpsscs_trainable_gate,0.4611198471815796,7
simMed_test.mat,simMed_test.mat#63,63,58,low_rank_residual_k30,0.4544366013333818,7
simMed_test.mat,simMed_test.mat#63,63,58,raw,0.36606974444233664,7
simMed_test.mat,simMed_test.mat#63,63,58,tpsscs_finished_detector,0.5877285733839517,7
simMed_test.mat,simMed_test.mat#63,63,58,tpsscs_trainable_gate,0.5017846509159095,7
simMed_test.mat,simMed_test.mat#64,64,16,low_rank_residual_k30,0.43940656210669476,7
simMed_test.mat,simMed_test.mat#64,64,16,raw,0.22610321570336497,7
simMed_test.mat,simMed_test.mat#64,64,16,tpsscs_finished_detector,0.5644065621066948,7
simMed_test.mat,simMed_test.mat#64,64,16,tpsscs_trainable_gate,0.5807465228967054,7
simMed_test.mat,simMed_test.mat#65,65,30,low_rank_residual_k30,0.34331902049246876,7
simMed_test.mat,simMed_test.mat#65,65,30,raw,0.43322474250492826,7
simMed_test.mat,simMed_test.mat#65,65,30,tpsscs_finished_detector,0.40998568715913547,7
simMed_test.mat,simMed_test.mat#65,65,30,tpsscs_trainable_gate,0.5533047076516043,7
simMed_test.mat,simMed_test.mat#67,67,44,low_rank_residual_k30,0.497697996461868,7
simMed_test.mat,simMed_test.mat#67,67,44,raw,0.3466035318036645,7
simMed_test.mat,simMed_test.mat#67,67,44,tpsscs_finished_detector,0.5164640665733806,7
simMed_test.mat,simMed_test.mat#67,67,44,tpsscs_trainable_gate,0.4845270826182329,7
simMed_test.mat,simMed_test.mat#69,69,41,low_rank_residual_k30,0.5172967422530533,7
simMed_test.mat,simMed_test.mat#69,69,41,raw,0.2641481855727117,7
simMed_test.mat,simMed_test.mat#69,69,41,tpsscs_finished_detector,0.5475055380423176,7
simMed_test.mat,simMed_test.mat#69,69,41,tpsscs_trainable_gate,0.50935266701143,7
simMed_test.mat,simMed_test.mat#7,7,50,low_rank_residual_k30,0.48115504525124164,7
simMed_test.mat,simMed_test.mat#7,7,50,raw,0.337211612043766,7
simMed_test.mat,simMed_test.mat#7,7,50,tpsscs_finished_detector,0.5594121161003072,7
simMed_test.mat,simMed_test.mat#7,7,50,tpsscs_trainable_gate,0.540174740942985,7
simMed_test.mat,simMed_test.mat#70,70,43,low_rank_residual_k30,0.4816085216831439,7
simMed_test.mat,simMed_test.mat#70,70,43,raw,0.34577225233988546,7
simMed_test.mat,simMed_test.mat#70,70,43,tpsscs_finished_detector,0.5726051156936852,7
simMed_test.mat,simMed_test.mat#70,70,43,tpsscs_trainable_gate,0.5790398103330742,7
simMed_test.mat,simMed_test.mat#71,71,27,low_rank_residual_k30,0.34204825564843255,7
simMed_test.mat,simMed_test.mat#71,71,27,raw,0.2768097603654633,7
simMed_test.mat,simMed_test.mat#71,71,27,tpsscs_finished_detector,0.3511662880849737,7
simMed_test.mat,simMed_test.mat#71,71,27,tpsscs_trainable_gate,0.3855405858370786,7
simMed_test.mat,simMed_test.mat#72,72,37,low_rank_residual_k30,0.5595010860526597,7
simMed_test.mat,simMed_test.mat#72,72,37,raw,0.5118946165218444,7
simMed_test.mat,simMed_test.mat#72,72,37,tpsscs_finished_detector,0.6419069026854389,7
simMed_test.mat,simMed_test.mat#72,72,37,tpsscs_trainable_gate,0.6464114071899433,7
simMed_test.mat,simMed_test.mat#74,74,35,low_rank_residual_k30,0.49147257668424027,7
simMed_test.mat,simMed_test.mat#74,74,35,raw,0.3574855649143258,7
simMed_test.mat,simMed_test.mat#74,74,35,tpsscs_finished_detector,0.5200440052556689,7
simMed_test.mat,simMed_test.mat#74,74,35,tpsscs_trainable_gate,0.5511053326141466,7
simMed_test.mat,simMed_test.mat#75,75,60,low_rank_residual_k30,0.46864603749960526,7
simMed_test.mat,simMed_test.mat#75,75,60,raw,0.3151056348791495,7
simMed_test.mat,simMed_test.mat#75,75,60,tpsscs_finished_detector,0.5087331590667135,7
simMed_test.mat,simMed_test.mat#75,75,60,tpsscs_trainable_gate,0.555011356891609,7
simMed_test.mat,simMed_test.mat#76,76,27,low_rank_residual_k30,0.5648353851615273,7
simMed_test.mat,simMed_test.mat#76,76,27,raw,0.31061915082669583,7
simMed_test.mat,simMed_test.mat#76,76,27,tpsscs_finished_detector,0.6227712263565787,7
simMed_test.mat,simMed_test.mat#76,76,27,tpsscs_trainable_gate,0.5766161568830005,7
simMed_test.mat,simMed_test.mat#77,77,63,low_rank_residual_k30,0.42227793258925006,7
simMed_test.mat,simMed_test.mat#77,77,63,raw,0.2281878269689183,7
simMed_test.mat,simMed_test.mat#77,77,63,tpsscs_finished_detector,0.4695338255213082,7
simMed_test.mat,simMed_test.mat#77,77,63,tpsscs_trainable_gate,0.43790884533760627,7
simMed_test.mat,simMed_test.mat#78,78,25,low_rank_residual_k30,0.5500222159744496,7
simMed_test.mat,simMed_test.mat#78,78,25,raw,0.22152524968535584,7
simMed_test.mat,simMed_test.mat#78,78,25,tpsscs_finished_detector,0.5598696910059139,7
simMed_test.mat,simMed_test.mat#78,78,25,tpsscs_trainable_gate,0.49668888264111616,7
simMed_test.mat,simMed_test.mat#79,79,26,low_rank_residual_k30,0.4345988697990025,7
simMed_test.mat,simMed_test.mat#79,79,26,raw,0.22306040826054088,7
simMed_test.mat,simMed_test.mat#79,79,26,tpsscs_finished_detector,0.5115219467220794,7
simMed_test.mat,simMed_test.mat#79,79,26,tpsscs_trainable_gate,0.4931711292328616,7
simMed_test.mat,simMed_test.mat#8,8,24,low_rank_residual_k30,0.6070265098267088,7
simMed_test.mat,simMed_test.mat#8,8,24,raw,0.31867318520670646,7
simMed_test.mat,simMed_test.mat#8,8,24,tpsscs_finished_detector,0.6311731852067065,7
simMed_test.mat,simMed_test.mat#8,8,24,tpsscs_trainable_gate,0.6003998257333801,7
simMed_test.mat,simMed_test.mat#80,80,15,low_rank_residual_k30,0.5586060549262672,7
simMed_test.mat,simMed_test.mat#80,80,15,raw,0.3967323189724781,7
simMed_test.mat,simMed_test.mat#80,80,15,tpsscs_finished_detector,0.6247643050311487,7
simMed_test.mat,simMed_test.mat#80,80,15,tpsscs_trainable_gate,0.6030504993707116,7
simMed_test.mat,simMed_test.mat#82,82,31,low_rank_residual_k30,0.45737617544090553,7
simMed_test.mat,simMed_test.mat#82,82,31,raw,0.36499429392347177,7
simMed_test.mat,simMed_test.mat#82,82,31,tpsscs_finished_detector,0.6745030908903589,7
simMed_test.mat,simMed_test.mat#82,82,31,tpsscs_trainable_gate,0.6291731781798267,7
simMed_test.mat,simMed_test.mat#84,84,40,low_rank_residual_k30,0.4593958274760464,7
simMed_test.mat,simMed_test.mat#84,84,40,raw,0.2977398954400281,7
simMed_test.mat,simMed_test.mat#84,84,40,tpsscs_finished_detector,0.5776691869493727,7
simMed_test.mat,simMed_test.mat#84,84,40,tpsscs_trainable_gate,0.5865744889147145,7
simMed_test.mat,simMed_test.mat#85,85,31,low_rank_residual_k30,0.45150781532734996,7
simMed_test.mat,simMed_test.mat#85,85,31,raw,0.37318181405938744,7
simMed_test.mat,simMed_test.mat#85,85,31,tpsscs_finished_detector,0.6017994417221849,7
simMed_test.mat,simMed_test.mat#85,85,31,tpsscs_trainable_gate,0.6240428421075722,7
simMed_test.mat,simMed_test.mat#86,86,44,low_rank_residual_k30,0.5523622531442884,7
simMed_test.mat,simMed_test.mat#86,86,44,raw,0.3126859465406367,7
simMed_test.mat,simMed_test.mat#86,86,44,tpsscs_finished_detector,0.6427513725697352,7
simMed_test.mat,simMed_test.mat#86,86,44,tpsscs_trainable_gate,0.6093537587903516,7
simMed_test.mat,simMed_test.mat#87,87,47,low_rank_residual_k30,0.4213604071989083,7
simMed_test.mat,simMed_test.mat#87,87,47,raw,0.32899956503379957,7
simMed_test.mat,simMed_test.mat#87,87,47,tpsscs_finished_detector,0.4372367237050064,7
simMed_test.mat,simMed_test.mat#87,87,47,tpsscs_trainable_gate,0.42539328830416373,7
simMed_test.mat,simMed_test.mat#88,88,43,low_rank_residual_k30,0.43324758658733126,7
simMed_test.mat,simMed_test.mat#88,88,43,raw,0.24428764008313078,7
simMed_test.mat,simMed_test.mat#88,88,43,tpsscs_finished_detector,0.43324758658733126,7
simMed_test.mat,simMed_test.mat#88,88,43,tpsscs_trainable_gate,0.43730091019415557,7
simMed_test.mat,simMed_test.mat#89,89,50,low_rank_residual_k30,0.47638383270404505,7
simMed_test.mat,simMed_test.mat#89,89,50,raw,0.22629646223255243,7
simMed_test.mat,simMed_test.mat#89,89,50,tpsscs_finished_detector,0.5725929244651049,7
simMed_test.mat,simMed_test.mat#89,89,50,tpsscs_trainable_gate,0.5032030243392472,7
simMed_test.mat,simMed_test.mat#9,9,23,low_rank_residual_k30,0.5961923546620583,7
simMed_test.mat,simMed_test.mat#9,9,23,raw,0.1396706155316235,7
simMed_test.mat,simMed_test.mat#9,9,23,tpsscs_finished_detector,0.6396706155316235,7
simMed_test.mat,simMed_test.mat#9,9,23,tpsscs_trainable_gate,0.5650757510933847,7
simMed_test.mat,simMed_test.mat#90,90,15,low_rank_residual_k30,0.26238215251557434,7
simMed_test.mat,simMed_test.mat#90,90,15,raw,0.2184461246329151,7
simMed_test.mat,simMed_test.mat#90,90,15,tpsscs_finished_detector,0.529048819182241,7
simMed_test.mat,simMed_test.mat#90,90,15,tpsscs_trainable_gate,0.4962239024106929,7
simMed_test.mat,simMed_test.mat#91,91,46,low_rank_residual_k30,0.5086676487896128,7
simMed_test.mat,simMed_test.mat#91,91,46,raw,0.33030247685916586,7
simMed_test.mat,simMed_test.mat#91,91,46,tpsscs_finished_detector,0.5086676487896128,7
simMed_test.mat,simMed_test.mat#91,91,46,tpsscs_trainable_gate,0.4581087991177313,7
simMed_test.mat,simMed_test.mat#92,92,61,low_rank_residual_k30,0.4445698729504313,7
simMed_test.mat,simMed_test.mat#92,92,61,raw,0.23529433366822158,7
simMed_test.mat,simMed_test.mat#92,92,61,tpsscs_finished_detector,0.5262870451331599,7
simMed_test.mat,simMed_test.mat#92,92,61,tpsscs_trainable_gate,0.4951788312708694,7
simMed_test.mat,simMed_test.mat#93,93,63,low_rank_residual_k30,0.39545975144723416,7
simMed_test.mat,simMed_test.mat#93,93,63,raw,0.24935184813293945,7
simMed_test.mat,simMed_test.mat#93,93,63,tpsscs_finished_detector,0.42167267477760095,7
simMed_test.mat,simMed_test.mat#93,93,63,tpsscs_trainable_gate,0.432617840046601,7
simMed_test.mat,simMed_test.mat#94,94,20,low_rank_residual_k30,0.19281060393068353,7
simMed_test.mat,simMed_test.mat#94,94,20,raw,0.4142159058960253,7
simMed_test.mat,simMed_test.mat#94,94,20,tpsscs_finished_detector,0.3428106039306835,7
simMed_test.mat,simMed_test.mat#94,94,20,tpsscs_trainable_gate,0.5736931764933756,7
simMed_test.mat,simMed_test.mat#95,95,34,low_rank_residual_k30,0.4538963106729841,7
simMed_test.mat,simMed_test.mat#95,95,34,raw,0.17079990774120124,7
simMed_test.mat,simMed_test.mat#95,95,34,tpsscs_finished_detector,0.5881394786808191,7
simMed_test.mat,simMed_test.mat#95,95,34,tpsscs_trainable_gate,0.5813472910651409,7
simMed_test.mat,simMed_test.mat#97,97,60,low_rank_residual_k30,0.43941581876271546,7
simMed_test.mat,simMed_test.mat#97,97,60,raw,0.3262167459902606,7
simMed_test.mat,simMed_test.mat#97,97,60,tpsscs_finished_detector,0.4600584958853792,7
simMed_test.mat,simMed_test.mat#97,97,60,tpsscs_trainable_gate,0.46599536386227375,7
simMed_test.mat,simMed_test.mat#99,99,40,low_rank_residual_k30,0.4381811817213741,7
simMed_test.mat,simMed_test.mat#99,99,40,raw,0.19915593203601825,7
simMed_test.mat,simMed_test.mat#99,99,40,tpsscs_finished_detector,0.48779986930003516,7
simMed_test.mat,simMed_test.mat#99,99,40,tpsscs_trainable_gate,0.46535984316004214,7
simWind_test.mat,simWind_test.mat#0,0,43,low_rank_residual_k30,0.5009883666443842,7
simWind_test.mat,simWind_test.mat#0,0,43,raw,0.2151291953339822,7
simWind_test.mat,simWind_test.mat#0,0,43,tpsscs_finished_detector,0.5242441805978726,7
simWind_test.mat,simWind_test.mat#0,0,43,tpsscs_trainable_gate,0.5210776300639296,7
simWind_test.mat,simWind_test.mat#100,100,53,low_rank_residual_k30,0.4892305063779115,7
simWind_test.mat,simWind_test.mat#100,100,53,raw,0.29567990924983567,7
simWind_test.mat,simWind_test.mat#100,100,53,tpsscs_finished_detector,0.5407575701313653,7
simWind_test.mat,simWind_test.mat#100,100,53,tpsscs_trainable_gate,0.5160320118662144,7
simWind_test.mat,simWind_test.mat#101,101,51,low_rank_residual_k30,0.513093675791944,7
simWind_test.mat,simWind_test.mat#101,101,51,raw,0.4718701668821345,7
simWind_test.mat,simWind_test.mat#101,101,51,tpsscs_finished_detector,0.5534199790044853,7
simWind_test.mat,simWind_test.mat#101,101,51,tpsscs_trainable_gate,0.5879580059189983,7
simWind_test.mat,simWind_test.mat#102,102,39,low_rank_residual_k30,0.520222734397311,7
simWind_test.mat,simWind_test.mat#102,102,39,raw,0.31654687449576246,7
simWind_test.mat,simWind_test.mat#102,102,39,tpsscs_finished_detector,0.545472670375425,7
simWind_test.mat,simWind_test.mat#102,102,39,tpsscs_trainable_gate,0.4921516393723495,7
simWind_test.mat,simWind_test.mat#104,104,25,low_rank_residual_k30,0.4894121161003071,7
simWind_test.mat,simWind_test.mat#104,104,25,raw,0.3916777746538915,7
simWind_test.mat,simWind_test.mat#104,104,25,tpsscs_finished_detector,0.6888020162261648,7
simWind_test.mat,simWind_test.mat#104,104,25,tpsscs_trainable_gate,0.6427454494336405,7
simWind_test.mat,simWind_test.mat#105,105,26,low_rank_residual_k30,0.5188121548738872,7
simWind_test.mat,simWind_test.mat#105,105,26,raw,0.3094522111754105,7
simWind_test.mat,simWind_test.mat#105,105,26,tpsscs_finished_detector,0.6341967702585026,7
simWind_test.mat,simWind_test.mat#105,105,26,tpsscs_trainable_gate,0.5963218662913318,7
simWind_test.mat,simWind_test.mat#107,107,49,low_rank_residual_k30,0.42975004617473633,7
simWind_test.mat,simWind_test.mat#107,107,49,raw,0.38375385996629974,7
simWind_test.mat,simWind_test.mat#107,107,49,tpsscs_finished_detector,0.4500025717170469,7
simWind_test.mat,simWind_test.mat#107,107,49,tpsscs_trainable_gate,0.4861059517388215,7
simWind_test.mat,simWind_test.mat#108,108,25,low_rank_residual_k30,0.5630504993707116,7
simWind_test.mat,simWind_test.mat#108,108,25,raw,0.22849696628909366,7
simWind_test.mat,simWind_test.mat#108,108,25,tpsscs_finished_detector,0.5662313077355093,7
simWind_test.mat,simWind_test.mat#108,108,25,tpsscs_trainable_gate,0.49668888264111616,7
simWind_test.mat,simWind_test.mat#11,11,58,low_rank_residual_k30,0.48604579673568066,7
simWind_test.mat,simWind_test.mat#11,11,58,raw,0.28534700024371207,7
simWind_test.mat,simWind_test.mat#11,11,58,tpsscs_finished_detector,0.5161524670078635,7
simWind_test.mat,simWind_test.mat#11,11,58,tpsscs_trainable_gate,0.5381643957922383,7
simWind_test.mat,simWind_test.mat#110,110,63,low_rank_residual_k30,0.4293153696711611,7
simWind_test.mat,simWind_test.mat#110,110,63,raw,0.3367744869968566,7
simWind_test.mat,simWind_test.mat#110,110,63,tpsscs_finished_detector,0.48601209920597316,7
simWind_test.mat,simWind_test.mat#110,110,63,tpsscs_trainable_gate,0.4770554688525385,7
simWind_test.mat,simWind_test.mat#111,111,43,low_rank_residual_k30,0.42073290653770573,7
simWind_test.mat,simWind_test.mat#111,111,43,raw,0.21566125917771103,7
simWind_test.mat,simWind_test.mat#111,111,43,tpsscs_finished_detector,0.42073290653770573,7
simWind_test.mat,simWind_test.mat#111,111,43,tpsscs_trainable_gate,0.39783180181336997,7
simWind_test.mat,simWind_test.mat#112,112,47,low_rank_residual_k30,0.49075273427635874,7
simWind_test.mat,simWind_test.mat#112,112,47,raw,0.2273678231296777,7
simWind_test.mat,simWind_test.mat#112,112,47,tpsscs_finished_detector,0.5120293300210396,7
simWind_test.mat,simWind_test.mat#112,112,47,tpsscs_trainable_gate,0.5143702917833174,7
simWind_test.mat,simWind_test.mat#113,113,14,low_rank_residual_k30,0.28112373483811526,7
simWind_test.mat,simWind_test.mat#113,113,14,raw,0.37122654716955594,7
simWind_test.mat,simWind_test.mat#113,113,14,tpsscs_finished_detector,0.4239808776952582,7
simWind_test.mat,simWind_test.mat#113,113,14,tpsscs_trainable_gate,0.6399007880724251,7
simWind_test.mat,simWind_test.mat#114,114,36,low_rank_residual_k30,0.5880843108400359,7
simWind_test.mat,simWind_test.mat#114,114,36,raw,0.30525322296447416,7
simWind_test.mat,simWind_test.mat#114,114,36,tpsscs_finished_detector,0.5880843108400359,7
simWind_test.mat,simWind_test.mat#114,114,36,tpsscs_trainable_gate,0.5329524357526348,7
simWind_test.mat,simWind_test.mat#115,115,22,low_rank_residual_k30,0.45593204516850533,7
simWind_test.mat,simWind_test.mat#115,115,22,raw,0.24450412835881852,7
simWind_test.mat,simWind_test.mat#115,115,22,tpsscs_finished_detector,0.45593204516850533,7
simWind_test.mat,simWind_test.mat#115,115,22,tpsscs_trainable_gate,0.4111707950254852,7
simWind_test.mat,simWind_test.mat#116,116,27,low_rank_residual_k30,0.5251356088395581,7
simWind_test.mat,simWind_test.mat#116,116,27,raw,0.13455199807805174,7
simWind_test.mat,simWind_test.mat#116,116,27,tpsscs_finished_detector,0.5371988342064676,7
simWind_test.mat,simWind_test.mat#116,116,27,tpsscs_trainable_gate,0.46312476013239356,7
simWind_test.mat,simWind_test.mat#117,117,56,low_rank_residual_k30,0.4501055126343399,7
simWind_test.mat,simWind_test.mat#117,117,56,raw,0.3550617740619399,7
simWind_test.mat,simWind_test.mat#117,117,56,tpsscs_finished_detector,0.46343027827338656,7
simWind_test.mat,simWind_test.mat#117,117,56,tpsscs_trainable_gate,0.5141616993762457,7
simWind_test.mat,simWind_test.mat#118,118,57,low_rank_residual_k30,0.435959589980866,7
simWind_test.mat,simWind_test.mat#118,118,57,raw,0.2654323898816709,7
simWind_test.mat,simWind_test.mat#118,118,57,tpsscs_finished_detector,0.45184077057782207,7
simWind_test.mat,simWind_test.mat#118,118,57,tpsscs_trainable_gate,0.4475217025815658,7
simWind_test.mat,simWind_test.mat#12,12,57,low_rank_residual_k30,0.4284489577123251,7
simWind_test.mat,simWind_test.mat#12,12,57,raw,0.3506290930152441,7
simWind_test.mat,simWind_test.mat#12,12,57,tpsscs_finished_detector,0.4689832487307987,7
simWind_test.mat,simWind_test.mat#12,12,57,tpsscs_trainable_gate,0.4824756280477627,7
simWind_test.mat,simWind_test.mat#121,121,37,low_rank_residual_k30,0.5213158551755441,7
simWind_test.mat,simWind_test.mat#121,121,37,raw,0.26567771914814003,7
simWind_test.mat,simWind_test.mat#121,121,37,tpsscs_finished_detector,0.5483428822025712,7
simWind_test.mat,simWind_test.mat#121,121,37,tpsscs_trainable_gate,0.5577641208562709,7
simWind_test.mat,simWind_test.mat#122,122,15,low_rank_residual_k30,0.38511279129958176,7
simWind_test.mat,simWind_test.mat#122,122,15,raw,0.3972407355342635,7
simWind_test.mat,simWind_test.mat#122,122,15,tpsscs_finished_detector,0.45177945796624847,7
simWind_test.mat,simWind_test.mat#122,122,15,tpsscs_trainable_gate,0.4803198605867041,7
simWind_test.mat,simWind_test.mat#123,123,42,low_rank_residual_k30,0.5213979010552903,7
simWind_test.mat,simWind_test.mat#123,123,42,raw,0.20834655712764846,7
simWind_test.mat,simWind_test.mat#123,123,42,tpsscs_finished_detector,0.5608988633943354,7
simWind_test.mat,simWind_test.mat#123,123,42,tpsscs_trainable_gate,0.5472823405206885,7
simWind_test.mat,simWind_test.mat#124,124,25,low_rank_residual_k30,0.41198282459096264,7
simWind_test.mat,simWind_test.mat#124,124,25,raw,0.39259292446510496,7
simWind_test.mat,simWind_test.mat#124,124,25,tpsscs_finished_detector,0.41198282459096264,7
simWind_test.mat,simWind_test.mat#124,124,25,tpsscs_trainable_gate,0.5128979744021761,7
simWind_test.mat,simWind_test.mat#125,125,59,low_rank_residual_k30,0.4785092402992462,7
simWind_test.mat,simWind_test.mat#125,125,59,raw,0.4027550876502142,7
simWind_test.mat,simWind_test.mat#125,125,59,tpsscs_finished_detector,0.488331616725008,7
simWind_test.mat,simWind_test.mat#125,125,59,tpsscs_trainable_gate,0.48076184958920204,7
simWind_test.mat,simWind_test.mat#126,126,26,low_rank_residual_k30,0.47976398191798114,7
simWind_test.mat,simWind_test.mat#126,126,26,raw,0.3448552800554127,7
simWind_test.mat,simWind_test.mat#126,126,26,tpsscs_finished_detector,0.5307527159528487,7
simWind_test.mat,simWind_test.mat#126,126,26,tpsscs_trainable_gate,0.5279875636184962,7
simWind_test.mat,simWind_test.mat#127,127,33,low_rank_residual_k30,0.4979537746327716,7
simWind_test.mat,simWind_test.mat#127,127,33,raw,0.42173400200084554,7
simWind_test.mat,simWind_test.mat#127,127,33,tpsscs_finished_detector,0.5532782317511521,7
simWind_test.mat,simWind_test.mat#127,127,33,tpsscs_trainable_gate,0.5943755674667178,7
simWind_test.mat,simWind_test.mat#13,13,17,low_rank_residual_k30,0.48731283046591206,7
simWind_test.mat,simWind_test.mat#13,13,17,raw,0.2319622668329643,7
simWind_test.mat,simWind_test.mat#13,13,17,tpsscs_finished_detector,0.5704218623749285,7
simWind_test.mat,simWind_test.mat#13,13,17,tpsscs_trainable_gate,0.5713190680721966,7
simWind_test.mat,simWind_test.mat#14,14,30,low_rank_residual_k30,0.5522878745280336,7
simWind_test.mat,simWind_test.mat#14,14,30,raw,0.3633989856391448,7
simWind_test.mat,simWind_test.mat#14,14,30,tpsscs_finished_detector,0.5742558884693633,7
simWind_test.mat,simWind_test.mat#14,14,30,tpsscs_trainable_gate,0.5057011730080431,7
simWind_test.mat,simWind_test.mat#15,15,43,low_rank_residual_k30,0.4469021553674876,7
simWind_test.mat,simWind_test.mat#15,15,43,raw,0.30612578934452356,7
simWind_test.mat,simWind_test.mat#15,15,43,tpsscs_finished_detector,0.4718299218952356,7
simWind_test.mat,simWind_test.mat#15,15,43,tpsscs_trainable_gate,0.4875111524788041,7
simWind_test.mat,simWind_test.mat#16,16,23,low_rank_residual_k30,0.40432915716408974,7
simWind_test.mat,simWind_test.mat#16,16,23,raw,0.4336462404290222,7
simWind_test.mat,simWind_test.mat#16,16,23,tpsscs_finished_detector,0.4912856789032201,7
simWind_test.mat,simWind_test.mat#16,16,23,tpsscs_trainable_gate,0.5830259051130923,7
simWind_test.mat,simWind_test.mat#17,17,29,low_rank_residual_k30,0.3578996835825519,7
simWind_test.mat,simWind_test.mat#17,17,29,raw,0.41341779402486445,7
simWind_test.mat,simWind_test.mat#17,17,29,tpsscs_finished_detector,0.46134795944462104,7
simWind_test.mat,simWind_test.mat#17,17,29,tpsscs_trainable_gate,0.49988766466027057,7
simWind_test.mat,simWind_test.mat#18,18,52,low_rank_residual_k30,0.4968162333087655,7
simWind_test.mat,simWind_test.mat#18,18,52,raw,0.40298756361849614,7
simWind_test.mat,simWind_test.mat#18,18,52,tpsscs_finished_detector,0.6244347270195262,7
simWind_test.mat,simWind_test.mat#18,18,52,tpsscs_trainable_gate,0.580002908018507,7
simWind_test.mat,simWind_test.mat#19,19,24,low_rank_residual_k30,0.5064909455578223,7
simWind_test.mat,simWind_test.mat#19,19,24,raw,0.31472432245781057,7
simWind_test.mat,simWind_test.mat#19,19,24,tpsscs_finished_detector,0.5898242788911556,7
simWind_test.mat,simWind_test.mat#19,19,24,tpsscs_trainable_gate,0.6354398083067182,7
simWind_test.mat,simWind_test.mat#20,20,24,low_rank_residual_k30,0.294208749475593,7
simWind_test.mat,simWind_test.mat#20,20,24,raw,0.2935732287733614,7
simWind_test.mat,simWind_test.mat#20,20,24,tpsscs_finished_detector,0.3358754161422597,7
simWind_test.mat,simWind_test.mat#20,20,24,tpsscs_trainable_gate,0.5064909455578223,7
simWind_test.mat,simWind_test.mat#21,21,17,low_rank_residual_k30,0.5554916785976702,7
simWind_test.mat,simWind_test.mat#21,21,17,raw,0.3257724260078762,7
simWind_test.mat,simWind_test.mat#21,21,17,tpsscs_finished_detector,0.7319622668329643,7
simWind_test.mat,simWind_test.mat#21,21,17,tpsscs_trainable_gate,0.635268859692592,7
simWind_test.mat,simWind_test.mat#22,22,52,low_rank_residual_k30,0.5178695545774867,7
simWind_test.mat,simWind_test.mat#22,22,52,raw,0.37931574863901435,7
simWind_test.mat,simWind_test.mat#22,22,52,tpsscs_finished_detector,0.5717700995702986,7
simWind_test.mat,simWind_test.mat#22,22,52,tpsscs_trainable_gate,0.5268983046985037,7
simWind_test.mat,simWind_test.mat#23,23,55,low_rank_residual_k30,0.45931909402477533,7
simWind_test.mat,simWind_test.mat#23,23,55,raw,0.3389981585474327,7
simWind_test.mat,simWind_test.mat#23,23,55,tpsscs_finished_detector,0.4803925561745915,7
simWind_test.mat,simWind_test.mat#23,23,55,tpsscs_trainable_gate,0.43060054476804904,7
simWind_test.mat,simWind_test.mat#24,24,37,low_rank_residual_k30,0.5301187493622077,7
simWind_test.mat,simWind_test.mat#24,24,37,raw,0.28410796681084877,7
simWind_test.mat,simWind_test.mat#24,24,37,tpsscs_finished_detector,0.5818174937528369,7
simWind_test.mat,simWind_test.mat#24,24,37,tpsscs_trainable_gate,0.5597072008750051,7
simWind_test.mat,simWind_test.mat#25,25,30,low_rank_residual_k30,0.5035589159324969,7
simWind_test.mat,simWind_test.mat#25,25,30,raw,0.402796291089819,7
simWind_test.mat,simWind_test.mat#25,25,30,tpsscs_finished_detector,0.5310824854293821,7
simWind_test.mat,simWind_test.mat#25,25,30,tpsscs_trainable_gate,0.522876256236495,7
simWind_test.mat,simWind_test.mat#26,26,63,low_rank_residual_k30,0.44909611373126596,7
simWind_test.mat,simWind_test.mat#26,26,63,raw,0.26522486400595535,7
simWind_test.mat,simWind_test.mat#26,26,63,tpsscs_finished_detector,0.4991185608711566,7
simWind_test.mat,simWind_test.mat#26,26,63,tpsscs_trainable_gate,0.4664734582705279,7
simWind_test.mat,simWind_test.mat#27,27,59,low_rank_residual_k30,0.4324807338233226,7
simWind_test.mat,simWind_test.mat#27,27,59,raw,0.4154023228330382,7
simWind_test.mat,simWind_test.mat#27,27,59,tpsscs_finished_detector,0.5067578278698677,7
simWind_test.mat,simWind_test.mat#27,27,59,tpsscs_trainable_gate,0.49289205098037997,7
simWind_test.mat,simWind_test.mat#28,28,26,low_rank_residual_k30,0.4971095505559493,7
simWind_test.mat,simWind_test.mat#28,28,26,raw,0.383610135764135,7
simWind_test.mat,simWind_test.mat#28,28,26,tpsscs_finished_detector,0.596028549044148,7
simWind_test.mat,simWind_test.mat#28,28,26,tpsscs_trainable_gate,0.6604244303938959,7
simWind_test.mat,simWind_test.mat#29,29,26,low_rank_residual_k30,0.3030419547651541,7
simWind_test.mat,simWind_test.mat#29,29,26,raw,0.2197086214318208,7
simWind_test.mat,simWind_test.mat#29,29,26,tpsscs_finished_detector,0.35738247562874176,7
simWind_test.mat,simWind_test.mat#29,29,26,tpsscs_trainable_gate,0.4190132046441372,7
simWind_test.mat,simWind_test.mat#3,3,28,low_rank_residual_k30,0.5684722166438537,7
simWind_test.mat,simWind_test.mat#3,3,28,raw,0.3950360709790797,7
simWind_test.mat,simWind_test.mat#3,3,28,tpsscs_finished_detector,0.5976893893752743,7
simWind_test.mat,simWind_test.mat#3,3,28,tpsscs_trainable_gate,0.5562950887238497,7
simWind_test.mat,simWind_test.mat#31,31,25,low_rank_residual_k30,0.4551636329557604,7
simWind_test.mat,simWind_test.mat#31,31,25,raw,0.36274544943364057,7
simWind_test.mat,simWind_test.mat#31,31,25,tpsscs_finished_detector,0.4951636329557603,7
simWind_test.mat,simWind_test.mat#31,31,25,tpsscs_trainable_gate,0.4792595911317716,7
simWind_test.mat,simWind_test.mat#32,32,27,low_rank_residual_k30,0.48753366451164865,7
simWind_test.mat,simWind_test.mat#32,32,27,raw,0.28298259987163615,7
simWind_test.mat,simWind_test.mat#32,32,27,tpsscs_finished_detector,0.5616077385857227,7
simWind_test.mat,simWind_test.mat#32,32,27,tpsscs_trainable_gate,0.605382522419805,7
simWind_test.mat,simWind_test.mat#33,33,36,low_rank_residual_k30,0.5814576267467072,7
simWind_test.mat,simWind_test.mat#33,33,36,raw,0.4864442992222613,7
simWind_test.mat,simWind_test.mat#33,33,36,tpsscs_finished_detector,0.588296151074113,7
simWind_test.mat,simWind_test.mat#33,33,36,tpsscs_trainable_gate,0.5862990966104141,7
simWind_test.mat,simWind_test.mat#34,34,59,low_rank_residual_k30,0.4678560975105552,7
simWind_test.mat,simWind_test.mat#34,34,59,raw,0.23666067045065386,7
simWind_test.mat,simWind_test.mat#34,34,59,tpsscs_finished_detector,0.4831989330025297,7
simWind_test.mat,simWind_test.mat#34,34,59,tpsscs_trainable_gate,0.4962339435290881,7
simWind_test.mat,simWind_test.mat#35,35,55,low_rank_residual_k30,0.5076652834473186,7
simWind_test.mat,simWind_test.mat#35,35,55,raw,0.33410605634621554,7
simWind_test.mat,simWind_test.mat#35,35,55,tpsscs_finished_detector,0.5575959539161661,7
simWind_test.mat,simWind_test.mat#35,35,55,tpsscs_trainable_gate,0.51414186669484,7
simWind_test.mat,simWind_test.mat#36,36,13,low_rank_residual_k30,0.6311383006769664,7
simWind_test.mat,simWind_test.mat#36,36,13,raw,0.2386460734154062,7
simWind_test.mat,simWind_test.mat#36,36,13,tpsscs_finished_detector,0.7849844545231202,7
simWind_test.mat,simWind_test.mat#36,36,13,tpsscs_trainable_gate,0.689123925616458,7
simWind_test.mat,simWind_test.mat#38,38,43,low_rank_residual_k30,0.560977208716941,7
simWind_test.mat,simWind_test.mat#38,38,43,raw,0.34762155952872137,7
simWind_test.mat,simWind_test.mat#38,38,43,tpsscs_finished_detector,0.572427761079109,7
simWind_test.mat,simWind_test.mat#38,38,43,tpsscs_trainable_gate,0.5052190448657848,7
simWind_test.mat,simWind_test.mat#39,39,36,low_rank_residual_k30,0.4910739288518909,7
simWind_test.mat,simWind_test.mat#39,39,36,raw,0.2686398663955915,7
simWind_test.mat,simWind_test.mat#39,39,36,tpsscs_finished_detector,0.5025420828089264,7
simWind_test.mat,simWind_test.mat#39,39,36,tpsscs_trainable_gate,0.5450561104119017,7
simWind_test.mat,simWind_test.mat#40,40,28,low_rank_residual_k30,0.500700750729578,7
simWind_test.mat,simWind_test.mat#40,40,28,raw,0.34714465734479,7
simWind_test.mat,simWind_test.mat#40,40,28,tpsscs_finished_detector,0.5653598431600422,7
simWind_test.mat,simWind_test.mat#40,40,28,tpsscs_trainable_gate,0.5832169860171851,7
simWind_test.mat,simWind_test.mat#41,41,55,low_rank_residual_k30,0.5001588554027137,7
simWind_test.mat,simWind_test.mat#41,41,55,raw,0.24133516626621043,7
simWind_test.mat,simWind_test.mat#41,41,55,tpsscs_finished_detector,0.5288774046594399,7
simWind_test.mat,simWind_test.mat#41,41,55,tpsscs_trainable_gate,0.500574832589629,7
simWind_test.mat,simWind_test.mat#42,42,31,low_rank_residual_k30,0.4919533999793948,7
simWind_test.mat,simWind_test.mat#42,42,31,raw,0.3598639578512173,7
simWind_test.mat,simWind_test.mat#42,42,31,tpsscs_finished_detector,0.5938579296000362,7
simWind_test.mat,simWind_test.mat#42,42,31,tpsscs_trainable_gate,0.6135361619492963,7
simWind_test.mat,simWind_test.mat#43,43,49,low_rank_residual_k30,0.5807214960849346,7
simWind_test.mat,simWind_test.mat#43,43,49,raw,0.44853534802943135,7
simWind_test.mat,simWind_test.mat#43,43,49,tpsscs_finished_detector,0.6076211049926852,7
simWind_test.mat,simWind_test.mat#43,43,49,tpsscs_trainable_gate,0.54199494413392,7
simWind_test.mat,simWind_test.mat#44,44,38,low_rank_residual_k30,0.5445766825137272,7
simWind_test.mat,simWind_test.mat#44,44,38,raw,0.2649641114695002,7
simWind_test.mat,simWind_test.mat#44,44,38,tpsscs_finished_detector,0.6387745827537256,7
simWind_test.mat,simWind_test.mat#44,44,38,tpsscs_trainable_gate,0.5999029707874187,7
simWind_test.mat,simWind_test.mat#45,45,35,low_rank_residual_k30,0.45521355893947035,7
simWind_test.mat,simWind_test.mat#45,45,35,raw,0.42869624353070357,7
simWind_test.mat,simWind_test.mat#45,45,35,tpsscs_finished_detector,0.5667914816259417,7
simWind_test.mat,simWind_test.mat#45,45,35,tpsscs_trainable_gate,0.6270779159924292,7
simWind_test.mat,simWind_test.mat#46,46,51,low_rank_residual_k30,0.39685630247220205,7
simWind_test.mat,simWind_test.mat#46,46,51,raw,0.29168300194199714,7
simWind_test.mat,simWind_test.mat#46,46,51,tpsscs_finished_detector,0.40495146997128595,7
simWind_test.mat,simWind_test.mat#46,46,51,tpsscs_trainable_gate,0.4149049258227914,7
simWind_test.mat,simWind_test.mat#47,47,28,low_rank_residual_k30,0.5472303342876571,7
simWind_test.mat,simWind_test.mat#47,47,28,raw,0.3360569934857544,7
simWind_test.mat,simWind_test.mat#47,47,28,tpsscs_finished_detector,0.5560227227086075,7
simWind_test.mat,simWind_test.mat#47,47,28,tpsscs_trainable_gate,0.5477750663181414,7
simWind_test.mat,simWind_test.mat#48,48,25,low_rank_residual_k30,0.5957737328299026,7
simWind_test.mat,simWind_test.mat#48,48,25,raw,0.22562120786136708,7
simWind_test.mat,simWind_test.mat#48,48,25,tpsscs_finished_detector,0.5957737328299026,7
simWind_test.mat,simWind_test.mat#48,48,25,tpsscs_trainable_gate,0.5297171660373784,7
simWind_test.mat,simWind_test.mat#49,49,33,low_rank_residual_k30,0.46190694396771087,7
simWind_test.mat,simWind_test.mat#49,49,33,raw,0.2721663569180088,7
simWind_test.mat,simWind_test.mat#49,49,33,tpsscs_finished_detector,0.4693671523248808,7
simWind_test.mat,simWind_test.mat#49,49,33,tpsscs_trainable_gate,0.43734771402671097,7
simWind_test.mat,simWind_test.mat#50,50,25,low_rank_residual_k30,0.6297171660373784,7
simWind_test.mat,simWind_test.mat#50,50,25,raw,0.1316777746538914,7
simWind_test.mat,simWind_test.mat#50,50,25,tpsscs_finished_detector,0.6462313077355094,7
simWind_test.mat,simWind_test.mat#50,50,25,tpsscs_trainable_gate,0.5903272659115206,7
simWind_test.mat,simWind_test.mat#51,51,16,low_rank_residual_k30,0.5232165359667018,7
simWind_test.mat,simWind_test.mat#51,51,16,raw,0.25190656210669476,7
simWind_test.mat,simWind_test.mat#51,51,16,tpsscs_finished_detector,0.5232165359667018,7
simWind_test.mat,simWind_test.mat#51,51,16,tpsscs_trainable_gate,0.5554198170200492,7
simWind_test.mat,simWind_test.mat#52,52,59,low_rank_residual_k30,0.47177023952636965,7
simWind_test.mat,simWind_test.mat#52,52,59,raw,0.38028547604162855,7
simWind_test.mat,simWind_test.mat#52,52,59,tpsscs_finished_detector,0.4887193920687425,7
simWind_test.mat,simWind_test.mat#52,52,59,tpsscs_trainable_gate,0.5037484949894339,7
simWind_test.mat,simWind_test.mat#53,53,49,low_rank_residual_k30,0.49453153423786783,7
simWind_test.mat,simWind_test.mat#53,53,49,raw,0.18004998693988572,7
simWind_test.mat,simWind_test.mat#53,53,49,tpsscs_finished_detector,0.5335693616348736,7
simWind_test.mat,simWind_test.mat#53,53,49,tpsscs_trainable_gate,0.4880400885954235,7
simWind_test.mat,simWind_test.mat#54,54,36,low_rank_residual_k30,0.48950055485634625,7
simWind_test.mat,simWind_test.mat#54,54,36,raw,0.41699985477781687,7
simWind_test.mat,simWind_test.mat#54,54,36,tpsscs_finished_detector,0.5309553812889357,7
simWind_test.mat,simWind_test.mat#54,54,36,tpsscs_trainable_gate,0.5820931474489388,7
simWind_test.mat,simWind_test.mat#55,55,24,low_rank_residual_k30,0.31109322006003043,7
simWind_test.mat,simWind_test.mat#55,55,24,raw,0.3355576557911439,7
simWind_test.mat,simWind_test.mat#55,55,24,tpsscs_finished_detector,0.35275988672669717,7
simWind_test.mat,simWind_test.mat#55,55,24,tpsscs_trainable_gate,0.5517887146222691,7
simWind_test.mat,simWind_test.mat#56,56,19,low_rank_residual_k30,0.5504532122638922,7
simWind_test.mat,simWind_test.mat#56,56,19,raw,0.22090377159862015,7
simWind_test.mat,simWind_test.mat#56,56,19,tpsscs_finished_detector,0.5721823460772225,7
simWind_test.mat,simWind_test.mat#56,56,19,tpsscs_trainable_gate,0.5867450760505766,7
simWind_test.mat,simWind_test.mat#59,59,39,low_rank_residual_k30,0.6223957472985019,7
simWind_test.mat,simWind_test.mat#59,59,39,raw,0.530417633002432,7
simWind_test.mat,simWind_test.mat#59,59,39,tpsscs_finished_detector,0.709318177995244,7
simWind_test.mat,simWind_test.mat#59,59,39,tpsscs_trainable_gate,0.6305516661825986,7
simWind_test.mat,simWind_test.mat#61,61,51,low_rank_residual_k30,0.4855401994384832,7
simWind_test.mat,simWind_test.mat#61,61,51,raw,0.27816250366852646,7
simWind_test.mat,simWind_test.mat#61,61,51,tpsscs_finished_detector,0.5490413882102445,7
simWind_test.mat,simWind_test.mat#61,61,51,tpsscs_trainable_gate,0.49036739308135796,7
simWind_test.mat,simWind_test.mat#62,62,26,low_rank_residual_k30,0.4669434690974683,7
simWind_test.mat,simWind_test.mat#62,62,26,raw,0.2523465379774705,7
simWind_test.mat,simWind_test.mat#62,62,26,tpsscs_finished_detector,0.4669434690974683,7
simWind_test.mat,simWind_test.mat#62,62,26,tpsscs_trainable_gate,0.48005729916516504,7
simWind_test.mat,simWind_test.mat#63,63,58,low_rank_residual_k30,0.46031521481200444,7
simWind_test.mat,simWind_test.mat#63,63,58,raw,0.3804375605342907,7
simWind_test.mat,simWind_test.mat#63,63,58,tpsscs_finished_detector,0.5921046617324585,7
simWind_test.mat,simWind_test.mat#63,63,58,tpsscs_trainable_gate,0.5190260302262545,7
simWind_test.mat,simWind_test.mat#64,64,16,low_rank_residual_k30,0.5019065621066948,7
simWind_test.mat,simWind_test.mat#64,64,16,raw,0.2469365490366983,7
simWind_test.mat,simWind_test.mat#64,64,16,tpsscs_finished_detector,0.5644065621066948,7
simWind_test.mat,simWind_test.mat#64,64,16,tpsscs_trainable_gate,0.5757765098267088,7
simWind_test.mat,simWind_test.mat#65,65,30,low_rank_residual_k30,0.3322079093813577,7
simWind_test.mat,simWind_test.mat#65,65,30,raw,0.4387802980604838,7
simWind_test.mat,simWind_test.mat#65,65,30,tpsscs_finished_detector,0.39887457604802434,7
simWind_test.mat,simWind_test.mat#65,65,30,tpsscs_trainable_gate,0.5784318117920506,7
simWind_test.mat,simWind_test.mat#67,67,44,low_rank_residual_k30,0.48202650982670886,7
simWind_test.mat,simWind_test.mat#67,67,44,raw,0.37329200714669736,7
simWind_test.mat,simWind_test.mat#67,67,44,tpsscs_finished_detector,0.4914095448824651,7
simWind_test.mat,simWind_test.mat#67,67,44,tpsscs_trainable_gate,0.4728167985988339,7
simWind_test.mat,simWind_test.mat#69,69,41,low_rank_residual_k30,0.4904089628774367,7
simWind_test.mat,simWind_test.mat#69,69,41,raw,0.2887244355343404,7
simWind_test.mat,simWind_test.mat#69,69,41,tpsscs_finished_detector,0.506483119419873,7
simWind_test.mat,simWind_test.mat#69,69,41,tpsscs_trainable_gate,0.5010365796514274,7
simWind_test.mat,simWind_test.mat#7,7,50,low_rank_residual_k30,0.496383832704045,7
simWind_test.mat,simWind_test.mat#7,7,50,raw,0.3625929244651049,7
simWind_test.mat,simWind_test.mat#7,7,50,tpsscs_finished_detector,0.5746409035531106,7
simWind_test.mat,simWind_test.mat#7,7,50,tpsscs_trainable_gate,0.5435080742763184,7
simWind_test.mat,simWind_test.mat#70,70,43,low_rank_residual_k30,0.49728975226671235,7
simWind_test.mat,simWind_test.mat#70,70,43,raw,0.37898402069585835,7
simWind_test.mat,simWind_test.mat#70,70,43,tpsscs_finished_detector,0.5997368986394216,7
simWind_test.mat,simWind_test.mat#70,70,43,tpsscs_trainable_gate,0.5847650865141581,7
simWind_test.mat,simWind_test.mat#71,71,27,low_rank_residual_k30,0.41023194386177003,7
simWind_test.mat,simWind_test.mat#71,71,27,raw,0.32030209055410946,7
simWind_test.mat,simWind_test.mat#71,71,27,tpsscs_finished_detector,0.4193499762983111,7
simWind_test.mat,simWind_test.mat#71,71,27,tpsscs_trainable_gate,0.4287504623802885,7
simWind_test.mat,simWind_test.mat#72,72,37,low_rank_residual_k30,0.5640055905571643,7
simWind_test.mat,simWind_test.mat#72,72,37,raw,0.5163991210263489,7
simWind_test.mat,simWind_test.mat#72,72,37,tpsscs_finished_detector,0.6554204161989524,7
simWind_test.mat,simWind_test.mat#72,72,37,tpsscs_trainable_gate,0.6487667168533684,7
simWind_test.mat,simWind_test.mat#74,74,35,low_rank_residual_k30,0.5533773385890022,7
simWind_test.mat,simWind_test.mat#74,74,35,raw,0.36700937443813536,7
simWind_test.mat,simWind_test.mat#74,74,35,tpsscs_finished_detector,0.5960165886339513,7
simWind_test.mat,simWind_test.mat#74,74,35,tpsscs_trainable_gate,0.5794588683733816,7
simWind_test.mat,simWind_test.mat#75,75,60,low_rank_residual_k30,0.4822807181076015,7
simWind_test.mat,simWind_test.mat#75,75,60,raw,0.3709153987155977,7
simWind_test.mat,simWind_test.mat#75,75,60,tpsscs_finished_detector,0.5168122841191541,7
simWind_test.mat,simWind_test.mat#75,75,60,tpsscs_trainable_gate,0.5494558013360534,7
simWind_test.mat,simWind_test.mat#76,76,27,low_rank_residual_k30,0.5833539036800458,7
simWind_test.mat,simWind_test.mat#76,76,27,raw,0.3294201229906506,7
simWind_test.mat,simWind_test.mat#76,76,27,tpsscs_finished_detector,0.6289440658627514,7
simWind_test.mat,simWind_test.mat#76,76,27,tpsscs_trainable_gate,0.5548699917886775,7
simWind_test.mat,simWind_test.mat#77,77,63,low_rank_residual_k30,0.4431998506286116,7
simWind_test.mat,simWind_test.mat#77,77,63,raw,0.2376286635716723,7
simWind_test.mat,simWind_test.mat#77,77,63,tpsscs_finished_detector,0.4745827276876538,7
simWind_test.mat,simWind_test.mat#77,77,63,tpsscs_trainable_gate,0.4456032501494545,7
simWind_test.mat,simWind_test.mat#78,78,25,low_rank_residual_k30,0.5598696910059139,7
simWind_test.mat,simWind_test.mat#78,78,25,raw,0.2548585830186892,7
simWind_test.mat,simWind_test.mat#78,78,25,tpsscs_finished_detector,0.5630504993707116,7
simWind_test.mat,simWind_test.mat#78,78,25,tpsscs_trainable_gate,0.4833555493077828,7
simWind_test.mat,simWind_test.mat#79,79,26,low_rank_residual_k30,0.4635916822687482,7
simWind_test.mat,simWind_test.mat#79,79,26,raw,0.2392327079097738,7
simWind_test.mat,simWind_test.mat#79,79,26,tpsscs_finished_detector,0.5405147591918252,7
simWind_test.mat,simWind_test.mat#79,79,26,tpsscs_trainable_gate,0.5059916420533744,7
simWind_test.mat,simWind_test.mat#8,8,24,low_rank_residual_k30,0.6142887146222691,7
simWind_test.mat,simWind_test.mat#8,8,24,raw,0.3431376209378199,7
simWind_test.mat,simWind_test.mat#8,8,24,tpsscs_finished_detector,0.6348042876044867,7
simWind_test.mat,simWind_test.mat#8,8,24,tpsscs_trainable_gate,0.6040309281311603,7
simWind_test.mat,simWind_test.mat#80,80,15,low_rank_residual_k30,0.5866380409849375,7
simWind_test.mat,simWind_test.mat#80,80,15,raw,0.40254208280892634,7
simWind_test.mat,simWind_test.mat#80,80,15,tpsscs_finished_detector,0.6141616104818227,7
simWind_test.mat,simWind_test.mat#80,80,15,tpsscs_trainable_gate,0.6586060549262672,7
simWind_test.mat,simWind_test.mat#82,82,31,low_rank_residual_k30,0.46275251952692703,7
simWind_test.mat,simWind_test.mat#82,82,31,raw,0.38418051024519756,7
simWind_test.mat,simWind_test.mat#82,82,31,tpsscs_finished_detector,0.48682306390714025,7
simWind_test.mat,simWind_test.mat#82,82,31,tpsscs_trainable_gate,0.5950879696688717,7
simWind_test.mat,simWind_test.mat#84,84,40,low_rank_residual_k30,0.47407448891471454,7
simWind_test.mat,simWind_test.mat#84,84,40,raw,0.3124185568786962,7
simWind_test.mat,simWind_test.mat#84,84,40,tpsscs_finished_detector,0.6090145150547074,7
simWind_test.mat,simWind_test.mat#84,84,40,tpsscs_trainable_gate,0.588562494142713,7
simWind_test.mat,simWind_test.mat#85,85,31,low_rank_residual_k30,0.48401188785724597,7
simWind_test.mat,simWind_test.mat#85,85,31,raw,0.39493319841724056,7
simWind_test.mat,simWind_test.mat#85,85,31,tpsscs_finished_detector,0.6422450263742298,7
simWind_test.mat,simWind_test.mat#85,85,31,tpsscs_trainable_gate,0.6319843542297209,7
simWind_test.mat,simWind_test.mat#86,86,44,low_rank_residual_k30,0.5429792180885321,7
simWind_test.mat,simWind_test.mat#86,86,44,raw,0.3716580534945799,7
simWind_test.mat,simWind_test.mat#86,86,44,tpsscs_finished_detector,0.6447319738776154,7
simWind_test.mat,simWind_test.mat#86,86,44,tpsscs_trainable_gate,0.6035852786945927,7
simWind_test.mat,simWind_test.mat#87,87,47,low_rank_residual_k30,0.43216096567607387,7
simWind_test.mat,simWind_test.mat#87,87,47,raw,0.3647850791512512,7
simWind_test.mat,simWind_test.mat#87,87,47,tpsscs_finished_detector,0.4478750215773468,7
simWind_test.mat,simWind_test.mat#87,87,47,tpsscs_trainable_gate,0.4375612449146565,7
simWind_test.mat,simWind_test.mat#88,88,43,low_rank_residual_k30,0.45245007693399536,7
simWind_test.mat,simWind_test.mat#88,88,43,raw,0.255915547059875,7
simWind_test.mat,simWind_test.mat#88,88,43,tpsscs_finished_detector,0.45245007693399536,7
simWind_test.mat,simWind_test.mat#88,88,43,tpsscs_trainable_gate,0.43527424839074347,7
simWind_test.mat,simWind_test.mat#89,89,50,low_rank_residual_k30,0.5033555493077828,7
simWind_test.mat,simWind_test.mat#89,89,50,raw,0.27122019974828465,7
simWind_test.mat,simWind_test.mat#89,89,50,tpsscs_finished_detector,0.5862313077355094,7
simWind_test.mat,simWind_test.mat#89,89,50,tpsscs_trainable_gate,0.5116126201568484,7
simWind_test.mat,simWind_test.mat#9,9,23,low_rank_residual_k30,0.6148056607188772,7
simWind_test.mat,simWind_test.mat#9,9,23,raw,0.17244509919307527,7
simWind_test.mat,simWind_test.mat#9,9,23,tpsscs_finished_detector,0.6582839215884425,7
simWind_test.mat,simWind_test.mat#9,9,23,tpsscs_trainable_gate,0.60855401196295,7
simWind_test.mat,simWind_test.mat#90,90,15,low_rank_residual_k30,0.34015993029335206,7
simWind_test.mat,simWind_test.mat#90,90,15,raw,0.24596969412980027,7
simWind_test.mat,simWind_test.mat#90,90,15,tpsscs_finished_detector,0.5401599302933521,7
simWind_test.mat,simWind_test.mat#90,90,15,tpsscs_trainable_gate,0.5131447773582521,7
simWind_test.mat,simWind_test.mat#91,91,46,low_rank_residual_k30,0.47399867692062375,7
simWind_test.mat,simWind_test.mat#91,91,46,raw,0.34306653028409456,7
simWind_test.mat,simWind_test.mat#91,91,46,tpsscs_finished_detector,0.47399867692062375,7
simWind_test.mat,simWind_test.mat#91,91,46,tpsscs_trainable_gate,0.43620388067367083,7
simWind_test.mat,simWind_test.mat#92,92,61,low_rank_residual_k30,0.4446948934164441,7
simWind_test.mat,simWind_test.mat#92,92,61,raw,0.2709384798172944,7
simWind_test.mat,simWind_test.mat#92,92,61,tpsscs_finished_detector,0.5182153442876973,7
simWind_test.mat,simWind_test.mat#92,92,61,tpsscs_trainable_gate,0.4897143503965525,7
simWind_test.mat,simWind_test.mat#93,93,63,low_rank_residual_k30,0.4036383625084017,7
simWind_test.mat,simWind_test.mat#93,93,63,raw,0.2904176649193954,7
simWind_test.mat,simWind_test.mat#93,93,63,tpsscs_finished_detector,0.4442199730455383,7
simWind_test.mat,simWind_test.mat#93,93,63,tpsscs_trainable_gate,0.4523985841067059,7
simWind_test.mat,simWind_test.mat#94,94,20,low_rank_residual_k30,0.22216792680801967,7
simWind_test.mat,simWind_test.mat#94,94,20,raw,0.4392159058960254,7
simWind_test.mat,simWind_test.mat#94,94,20,tpsscs_finished_detector,0.37216792680801963,7
simWind_test.mat,simWind_test.mat#94,94,20,tpsscs_trainable_gate,0.5693358536160394,7
simWind_test.mat,simWind_test.mat#95,95,34,low_rank_residual_k30,0.46370023224161167,7
simWind_test.mat,simWind_test.mat#95,95,34,raw,0.19040775087845616,7
simWind_test.mat,simWind_test.mat#95,95,34,tpsscs_finished_detector,0.5832375178965054,7
simWind_test.mat,simWind_test.mat#95,95,34,tpsscs_trainable_gate,0.5813472910651409,7
simWind_test.mat,simWind_test.mat#97,97,60,low_rank_residual_k30,0.43941581876271546,7
simWind_test.mat,simWind_test.mat#97,97,60,raw,0.3348042876044866,7
simWind_test.mat,simWind_test.mat#97,97,60,tpsscs_finished_detector,0.45728071810760146,7
simWind_test.mat,simWind_test.mat#97,97,60,tpsscs_trainable_gate,0.444971374318271,7
simWind_test.mat,simWind_test.mat#99,99,40,low_rank_residual_k30,0.47587183793204363,7
simWind_test.mat,simWind_test.mat#99,99,40,raw,0.22037057779069058,7
simWind_test.mat,simWind_test.mat#99,99,40,tpsscs_finished_detector,0.5294665359667018,7
simWind_test.mat,simWind_test.mat#99,99,40,tpsscs_trainable_gate,0.47549052551070464,7
