label_budget,label_budget_positive_frames,asset,pfa_target,compact_pd,low_label_hgb_pd,delta_compact_minus_low_label_hgb,compact_empirical_pfa,low_label_hgb_empirical_pfa,n_items,n_pair_observations,n_seeds,compact_item_win_fraction,compact_pfa_calibrated,low_label_hgb_pfa_calibrated,compact_beats_low_label_hgb,pfa
1,1,simMed_test.mat,1e-05,0.184544890419632,0.05658382362215843,0.1279610667974736,0.0,0.0,105,315,3,0.8507936507936508,True,True,True,1e-05
1,1,simMed_test.mat,3e-05,0.23292866331646772,0.1016056917159536,0.13132297160051412,1.526753812803079e-05,9.35422052261904e-06,105,315,3,0.7904761904761904,True,True,True,3e-05
1,1,simMed_test.mat,0.0001,0.3631281887560889,0.28768220715079357,0.07544598160529531,9.160522876818475e-05,7.958338073915503e-05,105,315,3,0.6444444444444445,True,True,True,0.0001
1,1,simMed_test.mat,0.0003,0.5154646610355453,0.4633134405986729,0.052151220436872446,0.0002900832244325381,0.00028242457899277064,105,315,3,0.5492063492063493,True,True,True,0.0003
1,1,simMed_test.mat,0.001,0.6957533928816516,0.6211695768686232,0.07458381601302842,0.0009923899783219553,0.000986185502098304,105,315,3,0.5523809523809524,True,True,True,0.001
1,1,simMed_test.mat,0.003,0.8138666025670928,0.7641772839576455,0.04968931860944733,0.0029924374730939812,0.002989287357906325,105,315,3,0.5238095238095238,True,True,True,0.003
1,1,simMed_test.mat,0.01,0.8692331860864191,0.8917747120815518,-0.022541525995132657,0.009992820396478945,0.009977409414611641,105,315,3,0.3523809523809524,True,True,False,0.01
1,1,simWind_test.mat,1e-05,0.18451921564993898,0.10028220146595851,0.08423701418398047,0.0,0.0,105,315,3,0.7301587301587301,True,True,True,1e-05
1,1,simWind_test.mat,3e-05,0.23871466421913762,0.1553329840201487,0.08338168019898891,1.526753812803079e-05,1.1874642127884878e-05,105,315,3,0.6571428571428571,True,True,True,3e-05
1,1,simWind_test.mat,0.0001,0.3732452108276595,0.34817305845831736,0.025072152369342106,9.160522876818475e-05,7.706369115538513e-05,105,315,3,0.47619047619047616,True,True,True,0.0001
1,1,simWind_test.mat,0.0003,0.5368152651851739,0.592572526001299,-0.055757260816125066,0.0002900832244325381,0.00028542942789285864,105,315,3,0.2857142857142857,True,True,False,0.0003
1,1,simWind_test.mat,0.001,0.709979513423963,0.7589536594117199,-0.0489741459877568,0.0009923899783219553,0.0009907902734444618,105,315,3,0.3047619047619048,True,True,False,0.001
1,1,simWind_test.mat,0.003,0.812213539733551,0.8405481937034834,-0.028334653969932472,0.0029924374730939812,0.0029896264878686942,105,315,3,0.326984126984127,True,True,False,0.003
1,1,simWind_test.mat,0.01,0.8663473290962685,0.8976060033421032,-0.031258674245834735,0.009992820396478945,0.009979928576669697,105,315,3,0.2698412698412698,True,True,False,0.01
1,1,combined,1e-05,0.18453205303478548,0.07843301254405848,0.10609904049072702,0.0,0.0,210,630,3,0.7904761904761904,True,True,True,1e-05
1,1,combined,0.001,0.7028664531528073,0.6900616181401715,0.012804835012635815,0.0009923899783219553,0.0009884878877713828,210,630,3,0.42857142857142855,True,True,True,0.001
1,1,combined,3e-05,0.2358216637678027,0.12846933786805118,0.10735232589975151,1.526753812803079e-05,1.061443132525196e-05,210,630,3,0.7238095238095238,True,True,True,3e-05
1,1,combined,0.0003,0.5261399631103596,0.5279429832999859,-0.0018030201896263092,0.0002900832244325381,0.0002839270034428146,210,630,3,0.4174603174603175,True,True,False,0.0003
1,1,combined,0.003,0.813040071150322,0.8023627388305644,0.010677332319757427,0.0029924374730939812,0.0029894569228875096,210,630,3,0.4253968253968254,True,True,True,0.003
1,1,combined,0.01,0.8677902575913438,0.8946903577118276,-0.026900100120483692,0.009992820396478945,0.00997866899564067,210,630,3,0.3111111111111111,True,True,False,0.01
1,1,combined,0.0001,0.3681866997918742,0.31792763280455544,0.05025906698731871,9.160522876818475e-05,7.832353594727007e-05,210,630,3,0.5603174603174603,True,True,True,0.0001
2,2,simMed_test.mat,0.0001,0.3631281887560889,0.4128268833851575,-0.04969869462906861,9.160522876818475e-05,8.743651378663857e-05,105,315,3,0.33650793650793653,True,True,False,0.0001
2,2,simWind_test.mat,0.01,0.8663473290962685,0.9115137471797744,-0.04516641808350589,0.009992820396478945,0.009958789790573927,105,315,3,0.19365079365079366,True,True,False,0.01
2,2,simWind_test.mat,0.003,0.812213539733551,0.8705372177971761,-0.05832367806362513,0.0029924374730939812,0.0029922920736414837,105,315,3,0.20634920634920634,True,True,False,0.003
2,2,simWind_test.mat,0.001,0.709979513423963,0.7874046275530611,-0.07742511412909793,0.0009923899783219553,0.0009922930327685346,105,315,3,0.17142857142857143,True,True,False,0.001
2,2,simMed_test.mat,0.0003,0.5154646610355453,0.5799260622776609,-0.06446140124211543,0.0002900832244325381,0.0002867381413818963,105,315,3,0.2571428571428571,True,True,False,0.0003
2,2,simWind_test.mat,0.0001,0.3732452108276595,0.4408758600570067,-0.06763064922934721,9.160522876818475e-05,9.049041966850787e-05,105,315,3,0.31746031746031744,True,True,False,0.0001
2,2,simWind_test.mat,3e-05,0.23871466421913762,0.24685443097506343,-0.008139766755925804,1.526753812803079e-05,1.4443522741928612e-05,105,315,3,0.47619047619047616,True,True,False,3e-05
2,2,simWind_test.mat,1e-05,0.18451921564993898,0.1710162172518815,0.01350299839805747,0.0,0.0,105,315,3,0.546031746031746,True,True,True,1e-05
2,2,simMed_test.mat,0.01,0.8692331860864191,0.928226509039986,-0.05899332295356692,0.009992820396478945,0.009991948155847615,105,315,3,0.15873015873015872,True,True,False,0.01
2,2,simMed_test.mat,3e-05,0.23292866331646772,0.24101556163482846,-0.00808689831836072,1.526753812803079e-05,1.4249597611492117e-05,105,315,3,0.5079365079365079,True,True,False,3e-05
2,2,simMed_test.mat,1e-05,0.184544890419632,0.1703230075364029,0.014221882883229111,0.0,0.0,105,315,3,0.5587301587301587,True,True,True,1e-05
2,2,combined,1e-05,0.18453205303478548,0.17066961239414222,0.01386244064064329,0.0,0.0,210,630,3,0.5523809523809524,True,True,True,1e-05
2,2,simWind_test.mat,0.0003,0.5368152651851739,0.6313921597240382,-0.09457689453886421,0.0002900832244325381,0.00028765950567531906,105,315,3,0.19682539682539682,True,True,False,0.0003
2,2,simMed_test.mat,0.003,0.8138666025670928,0.8673424428601525,-0.05347584029305966,0.0029924374730939812,0.0029922435775482153,105,315,3,0.2698412698412698,True,True,False,0.003
2,2,simMed_test.mat,0.001,0.6957533928816516,0.7600370364149275,-0.06428364353327597,0.0009923899783219553,0.0009915173528982342,105,315,3,0.19047619047619047,True,True,False,0.001
2,2,combined,3e-05,0.2358216637678027,0.24393499630494592,-0.008113332537143261,1.526753812803079e-05,1.4346560176710363e-05,210,630,3,0.49206349206349204,True,True,False,3e-05
2,2,combined,0.001,0.7028664531528073,0.7737208319839942,-0.07085437883118695,0.0009923899783219553,0.0009919051928333844,210,630,3,0.18095238095238095,True,True,False,0.001
2,2,combined,0.0003,0.5261399631103596,0.6056591110008495,-0.07951914789048982,0.0002900832244325381,0.0002871988235286077,210,630,3,0.22698412698412698,True,True,False,0.0003
2,2,combined,0.0001,0.3681866997918742,0.42685137172108206,-0.05866467192920791,9.160522876818475e-05,8.896346672757321e-05,210,630,3,0.326984126984127,True,True,False,0.0001
2,2,combined,0.003,0.813040071150322,0.8689398303286644,-0.055899759178342404,0.0029924374730939812,0.0029922678255948497,210,630,3,0.23809523809523808,True,True,False,0.003
2,2,combined,0.01,0.8677902575913438,0.9198701281098802,-0.05207987051853641,0.009992820396478945,0.00997536897321077,210,630,3,0.1761904761904762,True,True,False,0.01
4,4,simMed_test.mat,0.01,0.8692331860864191,0.9327291503215572,-0.06349596423513813,0.009992820396478945,0.00999194814844707,105,315,3,0.11746031746031746,True,True,False,0.01
4,4,simMed_test.mat,1e-05,0.184544890419632,0.179462467438313,0.005082422981319022,0.0,0.0,105,315,3,0.5079365079365079,True,True,True,1e-05
4,4,simMed_test.mat,3e-05,0.23292866331646772,0.2673954450752945,-0.03446678175882675,1.526753812803079e-05,1.51221394069991e-05,105,315,3,0.40634920634920635,True,True,False,3e-05
4,4,simWind_test.mat,0.0001,0.3732452108276595,0.5904818575419327,-0.2172366467142732,9.160522876818475e-05,9.160522876818475e-05,105,315,3,0.047619047619047616,True,True,False,0.0001
4,4,simWind_test.mat,3e-05,0.23871466421913762,0.3774989880223193,-0.13878432380318165,1.526753812803079e-05,1.526753812803079e-05,105,315,3,0.2126984126984127,True,True,False,3e-05
4,4,simWind_test.mat,0.0003,0.5368152651851739,0.7374894104226336,-0.2006741452374597,0.0002900832244325381,0.00029003476904497586,105,315,3,0.047619047619047616,True,True,False,0.0003
4,4,simWind_test.mat,0.01,0.8663473290962685,0.9269531281224694,-0.06060579902620091,0.009992820396478945,0.009991608733585811,105,315,3,0.09841269841269841,True,True,False,0.01
4,4,simWind_test.mat,0.001,0.709979513423963,0.8391151593158623,-0.12913564589189935,0.0009923899783219553,0.0009921476096250465,105,315,3,0.05396825396825397,True,True,False,0.001
4,4,simWind_test.mat,0.003,0.812213539733551,0.8915641267573928,-0.07935058702384186,0.0029924374730939812,0.0029923890103093344,105,315,3,0.08888888888888889,True,True,False,0.003
4,4,simWind_test.mat,1e-05,0.18451921564993898,0.26961875692814186,-0.08509954127820286,0.0,0.0,105,315,3,0.33650793650793653,True,True,False,1e-05
4,4,combined,0.001,0.7028664531528073,0.791125107193107,-0.08825865404029966,0.0009923899783219553,0.0009921233556547387,210,630,3,0.15396825396825398,True,True,False,0.001
4,4,combined,0.003,0.813040071150322,0.8677551577921055,-0.054715086641783546,0.0029924374730939812,0.00299226782559068,210,630,3,0.1761904761904762,True,True,False,0.003
4,4,combined,0.01,0.8677902575913438,0.9298411392220133,-0.062050881630669526,0.009992820396478945,0.009991778441016438,210,630,3,0.10793650793650794,True,True,False,0.01
4,4,combined,1e-05,0.18453205303478548,0.2245406121832274,-0.040008559148441925,0.0,0.0,210,630,3,0.4222222222222222,True,True,False,1e-05
4,4,combined,0.0003,0.5261399631103596,0.6673644344940615,-0.1412244713837019,0.0002900832244325381,0.00028993782238407467,210,630,3,0.15714285714285714,True,True,False,0.0003
4,4,combined,0.0001,0.3681866997918742,0.5200633467697778,-0.15187664697790376,9.160522876818475e-05,9.153250276421979e-05,210,630,3,0.1634920634920635,True,True,False,0.0001
4,4,combined,3e-05,0.2358216637678027,0.32244721654880687,-0.0866255527810042,1.526753812803079e-05,1.5194838767514944e-05,210,630,3,0.30952380952380953,True,True,False,3e-05
4,4,simMed_test.mat,0.001,0.6957533928816516,0.7431350550703515,-0.04738166218869995,0.0009923899783219553,0.0009920991016844308,105,315,3,0.25396825396825395,True,True,False,0.001
4,4,simMed_test.mat,0.0003,0.5154646610355453,0.5972394585654895,-0.08177479752994414,0.0002900832244325381,0.0002898408757231735,105,315,3,0.26666666666666666,True,True,False,0.0003
4,4,simMed_test.mat,0.0001,0.3631281887560889,0.4496448359976231,-0.08651664724153427,9.160522876818475e-05,9.145977676025482e-05,105,315,3,0.27936507936507937,True,True,False,0.0001
4,4,simMed_test.mat,0.003,0.8138666025670928,0.843946188826818,-0.03007958625972523,0.0029924374730939812,0.0029921466408720245,105,315,3,0.2634920634920635,True,True,False,0.003
8,8,simWind_test.mat,0.0001,0.3732452108276595,0.617156919402023,-0.2439117085743635,9.160522876818475e-05,9.141139612144475e-05,105,315,3,0.06349206349206349,True,True,False,0.0001
8,8,simMed_test.mat,3e-05,0.23292866331646772,0.3628976406976455,-0.12996897738117777,1.526753812803079e-05,1.4976756231234052e-05,105,315,3,0.1873015873015873,True,True,False,3e-05
8,8,combined,0.0003,0.5261399631103596,0.7196348931084481,-0.1934949299980884,0.0002900832244325381,0.0002900105247019594,210,630,3,0.07777777777777778,True,True,False,0.0003
8,8,combined,1e-05,0.18453205303478548,0.28011353144117096,-0.09558147840638544,0.0,0.0,210,630,3,0.3126984126984127,True,True,False,1e-05
8,8,combined,0.001,0.7028664531528073,0.8310565986979376,-0.12819014554513028,0.0009923899783219553,0.0009923899783220013,210,630,3,0.08253968253968254,True,True,False,0.001
8,8,simMed_test.mat,0.0003,0.5154646610355453,0.6961121994874677,-0.18064753845192238,0.0002900832244325381,0.00028998628257783326,105,315,3,0.09523809523809523,True,True,False,0.0003
8,8,simMed_test.mat,0.0001,0.3631281887560889,0.5623655958287399,-0.19923740707265106,9.160522876818475e-05,9.145978194388041e-05,105,315,3,0.07936507936507936,True,True,False,0.0001
8,8,simMed_test.mat,0.003,0.8138666025670928,0.8872280297658605,-0.07336142719876765,0.0029924374730939812,0.002992437473094035,105,315,3,0.18095238095238095,True,True,False,0.003
8,8,simMed_test.mat,0.001,0.6957533928816516,0.8163336446439331,-0.12058025176228149,0.0009923899783219553,0.0009923899783220013,105,315,3,0.1111111111111111,True,True,False,0.001
8,8,simWind_test.mat,3e-05,0.23871466421913762,0.4063151867356915,-0.16760052251655394,1.526753812803079e-05,1.5122117940011571e-05,105,315,3,0.1873015873015873,True,True,False,3e-05
8,8,simWind_test.mat,0.003,0.812213539733551,0.8964669608938522,-0.08425342116030116,0.0029924374730939812,0.002992437473094035,105,315,3,0.09206349206349207,True,True,False,0.003
8,8,simWind_test.mat,0.01,0.8663473290962685,0.930176209211827,-0.0638288801155585,0.009992820396478945,0.009992578088462798,105,315,3,0.1111111111111111,True,True,False,0.01
8,8,simMed_test.mat,1e-05,0.184544890419632,0.2703718275080352,-0.08582693708840318,0.0,0.0,105,315,3,0.3238095238095238,True,True,False,1e-05
8,8,simWind_test.mat,1e-05,0.18451921564993898,0.2898552353743067,-0.10533601972436768,0.0,0.0,105,315,3,0.30158730158730157,True,True,False,1e-05
8,8,combined,0.01,0.8677902575913438,0.9325130699312031,-0.0647228123398593,0.009992820396478945,0.009992360043661023,210,630,3,0.11428571428571428,True,True,False,0.01
8,8,combined,3e-05,0.2358216637678027,0.3846064137166685,-0.14878474994886584,1.526753812803079e-05,1.5049437085622811e-05,210,630,3,0.1873015873015873,True,True,False,3e-05
8,8,combined,0.003,0.813040071150322,0.8918474953298562,-0.0788074241795344,0.0029924374730939812,0.002992437473094035,210,630,3,0.1365079365079365,True,True,False,0.003
8,8,combined,0.0001,0.3681866997918742,0.5897612576153815,-0.22157455782350727,9.160522876818475e-05,9.143558903266258e-05,210,630,3,0.07142857142857142,True,True,False,0.0001
8,8,simMed_test.mat,0.01,0.8692331860864191,0.9348499306505792,-0.0656167445641601,0.009992820396478945,0.009992141998859252,105,315,3,0.11746031746031746,True,True,False,0.01
8,8,simWind_test.mat,0.001,0.709979513423963,0.8457795527519422,-0.13580003932797907,0.0009923899783219553,0.0009923899783220013,105,315,3,0.05396825396825397,True,True,False,0.001
8,8,simWind_test.mat,0.0003,0.5368152651851739,0.7431575867294283,-0.20634232154425444,0.0002900832244325381,0.00029003476682608553,105,315,3,0.06031746031746032,True,True,False,0.0003
16,16,combined,0.01,0.8677902575913438,0.9393500576400573,-0.07155980004871347,0.009992820396478945,0.009992747698966957,210,630,3,0.08412698412698413,True,True,False,0.01
16,16,combined,0.003,0.813040071150322,0.9001441378450484,-0.08710406669472658,0.0029924374730939812,0.00299241324207159,210,630,3,0.09206349206349207,True,True,False,0.003
16,16,combined,1e-05,0.18453205303478548,0.28146295982235514,-0.09693090678756963,0.0,0.0,210,630,3,0.2904761904761905,True,True,False,1e-05
16,16,combined,0.001,0.7028664531528073,0.8473866506795733,-0.14452019752676612,0.0009923899783219553,0.0009923657361974798,210,630,3,0.03492063492063492,True,True,False,0.001
16,16,simWind_test.mat,0.01,0.8663473290962685,0.9340137273117209,-0.06766639821545248,0.009992820396478945,0.009992771936653403,105,315,3,0.08888888888888889,True,True,False,0.01
16,16,simWind_test.mat,0.003,0.812213539733551,0.8984408735923823,-0.08622733385883129,0.0029924374730939812,0.002992389011049145,105,315,3,0.07936507936507936,True,True,False,0.003
16,16,simWind_test.mat,1e-05,0.18451921564993898,0.29788300538578255,-0.11336378973584357,0.0,0.0,105,315,3,0.24444444444444444,True,True,False,1e-05
16,16,simMed_test.mat,0.01,0.8692331860864191,0.9446863879683937,-0.07545320188197448,0.009992820396478945,0.009992723461280507,105,315,3,0.07936507936507936,True,True,False,0.01
16,16,simMed_test.mat,0.0001,0.3631281887560889,0.6026257209045495,-0.2394975321484606,9.160522876818475e-05,9.160522876818475e-05,105,315,3,0.01904761904761905,True,True,False,0.0001
16,16,simMed_test.mat,0.0003,0.5154646610355453,0.7356258325156706,-0.22016117148012526,0.0002900832244325381,0.00029008322443258505,105,315,3,0.04126984126984127,True,True,False,0.0003
16,16,simMed_test.mat,0.001,0.6957533928816516,0.837578979171427,-0.14182558628977548,0.0009923899783219553,0.0009923899783220013,105,315,3,0.044444444444444446,True,True,False,0.001
16,16,simMed_test.mat,0.003,0.8138666025670928,0.9018474020977147,-0.08798079953062186,0.0029924374730939812,0.002992437473094035,105,315,3,0.10476190476190476,True,True,False,0.003
16,16,simWind_test.mat,0.0001,0.3732452108276595,0.6500692242774089,-0.27682401344974944,9.160522876818475e-05,9.155677559926271e-05,105,315,3,0.031746031746031744,True,True,False,0.0001
16,16,simWind_test.mat,3e-05,0.23871466421913762,0.4169014977453903,-0.1781868335262527,1.526753812803079e-05,1.5073651458153842e-05,105,315,3,0.13968253968253969,True,True,False,3e-05
16,16,simMed_test.mat,3e-05,0.23292866331646772,0.3827265090791043,-0.14979784576263655,1.526753812803079e-05,1.526753812803079e-05,105,315,3,0.13968253968253969,True,True,False,3e-05
16,16,simMed_test.mat,1e-05,0.184544890419632,0.2650429142589277,-0.08049802383929569,0.0,0.0,105,315,3,0.33650793650793653,True,True,False,1e-05
16,16,combined,3e-05,0.2358216637678027,0.39981400341224727,-0.16399233964444462,1.526753812803079e-05,1.5170594793092317e-05,210,630,3,0.13968253968253969,True,True,False,3e-05
16,16,combined,0.0001,0.3681866997918742,0.6263474725909792,-0.258160772799105,9.160522876818475e-05,9.158100218372373e-05,210,630,3,0.025396825396825397,True,True,False,0.0001
16,16,simWind_test.mat,0.001,0.709979513423963,0.8571943221877198,-0.14721480876375675,0.0009923899783219553,0.0009923414940729582,105,315,3,0.025396825396825397,True,True,False,0.001
16,16,simWind_test.mat,0.0003,0.5368152651851739,0.7773407593791867,-0.24052549419401273,0.0002900832244325381,0.0002900347660864103,105,315,3,0.0380952380952381,True,True,False,0.0003
16,16,combined,0.0003,0.5261399631103596,0.7564832959474287,-0.23034333283706898,0.0002900832244325381,0.00029005899525949764,210,630,3,0.03968253968253968,True,True,False,0.0003
32,32,combined,0.001,0.7028664531528073,0.8528920873160913,-0.15002563416328404,0.0009923899783219553,0.0009923899783220013,210,630,3,0.04126984126984127,True,True,False,0.001
32,32,combined,1e-05,0.18453205303478548,0.3224655873021685,-0.137933534267383,0.0,0.0,210,630,3,0.2365079365079365,True,True,False,1e-05
32,32,combined,3e-05,0.2358216637678027,0.4291939337001949,-0.1933722699323922,1.526753812803079e-05,1.5219072752569132e-05,210,630,3,0.12698412698412698,True,True,False,3e-05
32,32,combined,0.003,0.813040071150322,0.9073580469658711,-0.09431797581554925,0.0029924374730939812,0.0029923405678647557,210,630,3,0.07936507936507936,True,True,False,0.003
32,32,combined,0.0001,0.3681866997918742,0.6432172127775293,-0.2750305129856551,9.160522876818475e-05,9.160522876818475e-05,210,630,3,0.03015873015873016,True,True,False,0.0001
32,32,combined,0.01,0.8677902575913438,0.9464445140371464,-0.07865425644580244,0.009992820396478945,0.009992747720053338,210,630,3,0.05873015873015873,True,True,False,0.01
32,32,combined,0.0003,0.5261399631103596,0.7682883608538065,-0.2421483977434468,0.0002900832244325381,0.00029008322443258505,210,630,3,0.02857142857142857,True,True,False,0.0003
32,32,simMed_test.mat,0.01,0.8692331860864191,0.948025364148629,-0.07879217806220991,0.009992820396478945,0.009992820396478997,105,315,3,0.06349206349206349,True,True,False,0.01
32,32,simWind_test.mat,1e-05,0.18451921564993898,0.3516550924481597,-0.16713587679822065,0.0,0.0,105,315,3,0.15555555555555556,True,True,False,1e-05
32,32,simWind_test.mat,3e-05,0.23871466421913762,0.44920905349650025,-0.2104943892773627,1.526753812803079e-05,1.526753812803079e-05,105,315,3,0.09841269841269841,True,True,False,3e-05
32,32,simWind_test.mat,0.0001,0.3732452108276595,0.6528250769114986,-0.27957986608383917,9.160522876818475e-05,9.160522876818475e-05,105,315,3,0.03492063492063492,True,True,False,0.0001
32,32,simMed_test.mat,0.001,0.6957533928816516,0.8455532482320093,-0.1497998553503577,0.0009923899783219553,0.0009923899783220013,105,315,3,0.0380952380952381,True,True,False,0.001
32,32,simMed_test.mat,0.003,0.8138666025670928,0.9073716116760043,-0.09350500910891152,0.0029924374730939812,0.002992437473094035,105,315,3,0.09206349206349207,True,True,False,0.003
32,32,simWind_test.mat,0.0003,0.5368152651851739,0.7807638468545907,-0.24394858166941677,0.0002900832244325381,0.00029008322443258505,105,315,3,0.025396825396825397,True,True,False,0.0003
32,32,simWind_test.mat,0.001,0.709979513423963,0.8602309264001734,-0.1502514129762104,0.0009923899783219553,0.0009923899783220013,105,315,3,0.044444444444444446,True,True,False,0.001
32,32,simMed_test.mat,0.0001,0.3631281887560889,0.63360934864356,-0.27048115988747107,9.160522876818475e-05,9.160522876818475e-05,105,315,3,0.025396825396825397,True,True,False,0.0001
32,32,simMed_test.mat,0.0003,0.5154646610355453,0.7558128748530222,-0.2403482138174768,0.0002900832244325381,0.00029008322443258505,105,315,3,0.031746031746031744,True,True,False,0.0003
32,32,simMed_test.mat,1e-05,0.184544890419632,0.29327608215617734,-0.10873119173654533,0.0,0.0,105,315,3,0.31746031746031744,True,True,False,1e-05
32,32,simMed_test.mat,3e-05,0.23292866331646772,0.40917881390388944,-0.17625015058742172,1.526753812803079e-05,1.5170607377107475e-05,105,315,3,0.15555555555555556,True,True,False,3e-05
32,32,simWind_test.mat,0.003,0.812213539733551,0.9073444822557379,-0.09513094252218697,0.0029924374730939812,0.0029922436626354763,105,315,3,0.06666666666666667,True,True,False,0.003
32,32,simWind_test.mat,0.01,0.8663473290962685,0.9448636639256635,-0.07851633482939498,0.009992820396478945,0.009992675043627683,105,315,3,0.05396825396825397,True,True,False,0.01
64,64,simMed_test.mat,0.01,0.8692331860864191,0.9567021082964711,-0.08746892221005188,0.009992820396478945,0.009992820396478997,105,315,3,0.050793650793650794,True,True,False,0.01
64,64,simWind_test.mat,1e-05,0.18451921564993898,0.32085677597452794,-0.13633756032458896,0.0,0.0,105,315,3,0.23492063492063492,True,True,False,1e-05
64,64,combined,0.01,0.8677902575913438,0.9567392479879574,-0.08894899039661361,0.009992820396478945,0.009992820396478997,210,630,3,0.03968253968253968,True,True,False,0.01
64,64,simMed_test.mat,1e-05,0.184544890419632,0.3045600149738198,-0.12001512455418778,0.0,0.0,105,315,3,0.2857142857142857,True,True,False,1e-05
64,64,simWind_test.mat,0.0001,0.3732452108276595,0.6578906207544744,-0.2846454099268149,9.160522876818475e-05,9.160522876818475e-05,105,315,3,0.02857142857142857,True,True,False,0.0001
64,64,simWind_test.mat,3e-05,0.23871466421913762,0.44341402438007044,-0.20469936016093288,1.526753812803079e-05,1.526753812803079e-05,105,315,3,0.10476190476190476,True,True,False,3e-05
64,64,simMed_test.mat,0.003,0.8138666025670928,0.9185304662227088,-0.10466386365561603,0.0029924374730939812,0.002992437473094035,105,315,3,0.05714285714285714,True,True,False,0.003
64,64,simMed_test.mat,0.001,0.6957533928816516,0.8594160108881543,-0.16366261800650267,0.0009923899783219553,0.0009923899783220013,105,315,3,0.01904761904761905,True,True,False,0.001
64,64,simMed_test.mat,0.0003,0.5154646610355453,0.7733898790127584,-0.257925217977213,0.0002900832244325381,0.00029008322443258505,105,315,3,0.01904761904761905,True,True,False,0.0003
64,64,simMed_test.mat,0.0001,0.3631281887560889,0.6492621051758185,-0.2861339164197297,9.160522876818475e-05,9.160522876818475e-05,105,315,3,0.01904761904761905,True,True,False,0.0001
64,64,simWind_test.mat,0.0003,0.5368152651851739,0.7897976075871705,-0.25298234240199663,0.0002900832244325381,0.00029008322443258505,105,315,3,0.006349206349206349,True,True,False,0.0003
64,64,simWind_test.mat,0.001,0.709979513423963,0.8712514798427363,-0.16127196641877325,0.0009923899783219553,0.0009923899783220013,105,315,3,0.031746031746031744,True,True,False,0.001
64,64,combined,0.0001,0.3681866997918742,0.6535763629651464,-0.2853896631732723,9.160522876818475e-05,9.160522876818475e-05,210,630,3,0.023809523809523808,True,True,False,0.0001
64,64,combined,0.001,0.7028664531528073,0.8653337453654454,-0.16246729221263795,0.0009923899783219553,0.0009923899783220013,210,630,3,0.025396825396825397,True,True,False,0.001
64,64,combined,1e-05,0.18453205303478548,0.31270839547417384,-0.12817634243938836,0.0,0.0,210,630,3,0.26031746031746034,True,True,False,1e-05
64,64,combined,0.0003,0.5261399631103596,0.7815937432999644,-0.25545378018960485,0.0002900832244325381,0.00029008322443258505,210,630,3,0.012698412698412698,True,True,False,0.0003
64,64,simWind_test.mat,0.003,0.812213539733551,0.9186972097713664,-0.10648367003781538,0.0029924374730939812,0.002992437473094035,105,315,3,0.0380952380952381,True,True,False,0.003
64,64,simWind_test.mat,0.01,0.8663473290962685,0.9567763876794438,-0.09042905858317532,0.009992820396478945,0.009992820396478997,105,315,3,0.02857142857142857,True,True,False,0.01
64,64,simMed_test.mat,3e-05,0.23292866331646772,0.4290784066080464,-0.19614974329157867,1.526753812803079e-05,1.526753812803079e-05,105,315,3,0.09206349206349207,True,True,False,3e-05
64,64,combined,3e-05,0.2358216637678027,0.43624621549405845,-0.20042455172625576,1.526753812803079e-05,1.526753812803079e-05,210,630,3,0.09841269841269841,True,True,False,3e-05
64,64,combined,0.003,0.813040071150322,0.9186138379970376,-0.10557376684671571,0.0029924374730939812,0.002992437473094035,210,630,3,0.047619047619047616,True,True,False,0.003
all,105,simWind_test.mat,1e-05,0.18451921564993898,0.3078109208326061,-0.12329170518266712,0.0,0.0,105,315,3,0.26031746031746034,True,True,False,1e-05
all,105,simMed_test.mat,0.0001,0.3631281887560889,0.6459044127928809,-0.28277622403679203,9.160522876818475e-05,9.160522876818475e-05,105,315,3,0.01904761904761905,True,True,False,0.0001
all,105,simMed_test.mat,0.0003,0.5154646610355453,0.7710024427350741,-0.25553778169952873,0.0002900832244325381,0.00029008322443258505,105,315,3,0.022222222222222223,True,True,False,0.0003
all,105,simMed_test.mat,1e-05,0.184544890419632,0.33417076162439213,-0.1496258712047601,0.0,0.0,105,315,3,0.23174603174603176,True,True,False,1e-05
all,105,simMed_test.mat,3e-05,0.23292866331646772,0.4384743848296708,-0.20554572151320305,1.526753812803079e-05,1.526753812803079e-05,105,315,3,0.10793650793650794,True,True,False,3e-05
all,105,simWind_test.mat,0.0003,0.5368152651851739,0.7896043875240653,-0.2527891223388913,0.0002900832244325381,0.00029008322443258505,105,315,3,0.009523809523809525,True,True,False,0.0003
all,105,simWind_test.mat,0.001,0.709979513423963,0.8782501960901664,-0.16827068266620337,0.0009923899783219553,0.0009923899783220013,105,315,3,0.022222222222222223,True,True,False,0.001
all,105,simWind_test.mat,3e-05,0.23871466421913762,0.42122610085652284,-0.1825114366373852,1.526753812803079e-05,1.5170584435402832e-05,105,315,3,0.11746031746031746,True,True,False,3e-05
all,105,simWind_test.mat,0.0001,0.3732452108276595,0.6633885355775682,-0.2901433247499087,9.160522876818475e-05,9.160522876818475e-05,105,315,3,0.012698412698412698,True,True,False,0.0001
all,105,simWind_test.mat,0.003,0.812213539733551,0.9241315561239974,-0.11191801639044639,0.0029924374730939812,0.002992437473094035,105,315,3,0.025396825396825397,True,True,False,0.003
all,105,simWind_test.mat,0.01,0.8663473290962685,0.9609271759020476,-0.09457984680577895,0.009992820396478945,0.009992771932954461,105,315,3,0.01904761904761905,True,True,False,0.01
all,105,simMed_test.mat,0.001,0.6957533928816516,0.8614449422742575,-0.16569154939260594,0.0009923899783219553,0.0009923899783220013,105,315,3,0.012698412698412698,True,True,False,0.001
all,105,simMed_test.mat,0.003,0.8138666025670928,0.9208817932177404,-0.10701519065064766,0.0029924374730939812,0.002992437473094035,105,315,3,0.06349206349206349,True,True,False,0.003
all,105,simMed_test.mat,0.01,0.8692331860864191,0.961881173301835,-0.09264798721541573,0.009992820396478945,0.009992820396478997,105,315,3,0.02857142857142857,True,True,False,0.01
all,105,combined,1e-05,0.18453205303478548,0.3209908412284991,-0.13645878819371363,0.0,0.0,210,630,3,0.24603174603174602,True,True,False,1e-05
all,105,combined,3e-05,0.2358216637678027,0.42985024284309675,-0.1940285790752941,1.526753812803079e-05,1.5219061281716812e-05,210,630,3,0.1126984126984127,True,True,False,3e-05
all,105,combined,0.0001,0.3681866997918742,0.6546464741852245,-0.2864597743933504,9.160522876818475e-05,9.160522876818475e-05,210,630,3,0.015873015873015872,True,True,False,0.0001
all,105,combined,0.0003,0.5261399631103596,0.7803034151295697,-0.25416345201921003,0.0002900832244325381,0.00029008322443258505,210,630,3,0.015873015873015872,True,True,False,0.0003
all,105,combined,0.001,0.7028664531528073,0.8698475691822121,-0.16698111602940466,0.0009923899783219553,0.0009923899783220013,210,630,3,0.01746031746031746,True,True,False,0.001
all,105,combined,0.003,0.813040071150322,0.922506674670869,-0.10946660352054703,0.0029924374730939812,0.002992437473094035,210,630,3,0.044444444444444446,True,True,False,0.003
all,105,combined,0.01,0.8677902575913438,0.9614041746019412,-0.09361391701059733,0.009992820396478945,0.009992796164716728,210,630,3,0.023809523809523808,True,True,False,0.01
