calibration_mode,residual_safety_factor,gate_margin_scale,asset,pfa_target,n_items,tpsscs_pd,raw_pd,lowrank_pd,delta_vs_raw,delta_vs_lowrank,tpsscs_empirical_pfa,raw_empirical_pfa,lowrank_empirical_pfa,tpsscs_false_alarms_total,background_count_total,pfa_ceiling,tpsscs_pfa_calibrated,raw_pfa_calibrated,lowrank_pfa_calibrated,beats_raw,beats_lowrank
cross_asset_target_free_conservative,1000.0,256.0,combined,1e-05,210,0.5187141467194838,0.06353575246875087,0.41846706759468344,0.4551783942507329,0.10024707912480035,0.0005598269265122399,9.961161586477536e-06,0.0005251444269687086,7699,13754674,1.0600000000000002e-05,False,True,False,True,True
cross_asset_target_free_conservative,1000.0,256.0,combined,3e-05,210,0.5187141467194838,0.06353575246875087,0.41846706759468344,0.4551783942507329,0.10024707912480035,0.0005598269265122399,9.961161586477536e-06,0.0005251444269687086,7699,13754674,3.16e-05,False,True,False,True,True
cross_asset_target_free_conservative,1000.0,256.0,combined,0.0001,210,0.5187141467194838,0.06353575246875087,0.41846706759468344,0.4551783942507329,0.10024707912480035,0.0005598269265122399,9.961161586477536e-06,0.0005251444269687086,7699,13754674,0.00010510000000000001,False,True,False,True,True
cross_asset_target_free_conservative,1000.0,256.0,combined,0.0003,210,0.5187141467194838,0.06353575246875087,0.41846706759468344,0.4551783942507329,0.10024707912480035,0.0005598269265122399,9.961161586477536e-06,0.0005251444269687086,7699,13754674,0.00031509999999999996,False,True,False,True,True
cross_asset_target_free_conservative,1000.0,256.0,combined,0.001,210,0.5214081708928514,0.0656630799637862,0.42205691892953273,0.45574509092906523,0.09935125196331868,0.000569570351918379,1.0979082111795175e-05,0.0005350332784699751,7833,13754674,0.0010501000000000002,True,True,True,True,True
cross_asset_target_free_conservative,1000.0,256.0,combined,0.003,210,0.5471509460917753,0.08240637261303958,0.4546006982513275,0.4647445734787357,0.0925502478404478,0.0006586445504439274,1.606880909289988e-05,0.0006263615948425524,9058,13754674,0.0031501,True,True,True,True,True
cross_asset_target_free_conservative,1000.0,256.0,combined,0.01,210,0.5965039094793286,0.12220554283184845,0.513331233955522,0.47429836664748015,0.08317267552380658,0.0008690750167958427,4.544282647510391e-05,0.0008391188176972804,11952,13754674,0.0105001,True,True,True,True,True
cross_asset_target_free_conservative,1000.0,256.0,simMed_test.mat,1e-05,105,0.5010828359414523,0.07447260513022674,0.382876722927808,0.42661023081122557,0.11820611301364431,0.0004978017792620741,1.410569662319166e-05,0.0004559209719533609,3423,6877337,1.0600000000000002e-05,False,False,False,True,True
cross_asset_target_free_conservative,1000.0,256.0,simMed_test.mat,3e-05,105,0.5010828359414523,0.07447260513022674,0.382876722927808,0.42661023081122557,0.11820611301364431,0.0004978017792620741,1.410569662319166e-05,0.0004559209719533609,3423,6877337,3.16e-05,False,True,False,True,True
cross_asset_target_free_conservative,1000.0,256.0,simMed_test.mat,0.0001,105,0.5010828359414523,0.07447260513022674,0.382876722927808,0.42661023081122557,0.11820611301364431,0.0004978017792620741,1.410569662319166e-05,0.0004559209719533609,3423,6877337,0.00010510000000000001,False,True,False,True,True
cross_asset_target_free_conservative,1000.0,256.0,simMed_test.mat,0.0003,105,0.5010828359414523,0.07447260513022674,0.382876722927808,0.42661023081122557,0.11820611301364431,0.0004978017792620741,1.410569662319166e-05,0.0004559209719533609,3423,6877337,0.00031509999999999996,False,True,False,True,True
cross_asset_target_free_conservative,1000.0,256.0,simMed_test.mat,0.001,105,0.5021053728606372,0.07833043472347202,0.384244731368935,0.42377493813716516,0.11786064149170217,0.0005011465684198787,1.614153767382694e-05,0.0004592657611111655,3446,6877337,0.0010501000000000002,True,True,True,True,True
cross_asset_target_free_conservative,1000.0,256.0,simMed_test.mat,0.003,105,0.5338622719891813,0.08800732803513589,0.42597086160014863,0.44585494395404546,0.10789141038903272,0.000605999314530701,2.0940416872995162e-05,0.0005673178858308256,4167,6877337,0.0031501,True,True,True,True,True
cross_asset_target_free_conservative,1000.0,256.0,simMed_test.mat,0.01,105,0.5857742763320299,0.13754819506410546,0.48910183717549605,0.4482260812679245,0.0966724391565339,0.0008123575817033311,6.514651216398344e-05,0.0007757120073590253,5586,6877337,0.0105001,True,True,True,True,True
cross_asset_target_free_conservative,1000.0,256.0,simWind_test.mat,1e-05,105,0.5363454574975154,0.052598899807274994,0.4540574122615589,0.4837465576902404,0.08228804523595651,0.0006218520737624058,5.816626549763409e-06,0.0005943678819840563,4276,6877337,1.0600000000000002e-05,False,True,False,True,True
cross_asset_target_free_conservative,1000.0,256.0,simWind_test.mat,3e-05,105,0.5363454574975154,0.052598899807274994,0.4540574122615589,0.4837465576902404,0.08228804523595651,0.0006218520737624058,5.816626549763409e-06,0.0005943678819840563,4276,6877337,3.16e-05,False,True,False,True,True
cross_asset_target_free_conservative,1000.0,256.0,simWind_test.mat,0.0001,105,0.5363454574975154,0.052598899807274994,0.4540574122615589,0.4837465576902404,0.08228804523595651,0.0006218520737624058,5.816626549763409e-06,0.0005943678819840563,4276,6877337,0.00010510000000000001,False,True,False,True,True
cross_asset_target_free_conservative,1000.0,256.0,simWind_test.mat,0.0003,105,0.5363454574975154,0.052598899807274994,0.4540574122615589,0.4837465576902404,0.08228804523595651,0.0006218520737624058,5.816626549763409e-06,0.0005943678819840563,4276,6877337,0.00031509999999999996,False,True,False,True,True
cross_asset_target_free_conservative,1000.0,256.0,simWind_test.mat,0.001,105,0.5407109689250655,0.05299572520410039,0.45986910649013046,0.48771524372096514,0.08084186243493507,0.0006379941354168793,5.816626549763409e-06,0.0006108007958287846,4387,6877337,0.0010501000000000002,True,True,True,True,True
cross_asset_target_free_conservative,1000.0,256.0,simWind_test.mat,0.003,105,0.5604396201943691,0.07680541719094329,0.48323053490250634,0.4836342030034258,0.07720908529186277,0.0007112897863571539,1.1197201312804595e-05,0.0006854053038542792,4891,6877337,0.0031501,True,True,True,True,True
cross_asset_target_free_conservative,1000.0,256.0,simWind_test.mat,0.01,105,0.6072335426266274,0.10686289059959145,0.537560630735548,0.500370652027036,0.06967291189107938,0.0009257924518883546,2.573914078622439e-05,0.0009025256280355355,6366,6877337,0.0105001,True,True,True,True,True
cross_asset_target_free_conservative,1000.0,1024.0,combined,1e-05,210,0.458897581453492,0.06353575246875087,0.41846706759468344,0.39536182898474115,0.04043051385880858,0.00052878008612867,9.961161586477536e-06,0.0005251444269687086,7272,13754674,1.0600000000000002e-05,False,True,False,True,True
cross_asset_target_free_conservative,1000.0,1024.0,combined,3e-05,210,0.458897581453492,0.06353575246875087,0.41846706759468344,0.39536182898474115,0.04043051385880858,0.00052878008612867,9.961161586477536e-06,0.0005251444269687086,7272,13754674,3.16e-05,False,True,False,True,True
cross_asset_target_free_conservative,1000.0,1024.0,combined,0.0001,210,0.458897581453492,0.06353575246875087,0.41846706759468344,0.39536182898474115,0.04043051385880858,0.00052878008612867,9.961161586477536e-06,0.0005251444269687086,7272,13754674,0.00010510000000000001,False,True,False,True,True
cross_asset_target_free_conservative,1000.0,1024.0,combined,0.0003,210,0.458897581453492,0.06353575246875087,0.41846706759468344,0.39536182898474115,0.04043051385880858,0.00052878008612867,9.961161586477536e-06,0.0005251444269687086,7272,13754674,0.00031509999999999996,False,True,False,True,True
cross_asset_target_free_conservative,1000.0,1024.0,combined,0.001,210,0.46190525152874073,0.0656630799637862,0.42205691892953273,0.39624217156495456,0.039848332599208,0.0005386689376299364,1.0979082111795175e-05,0.0005350332784699751,7408,13754674,0.0010501000000000002,True,True,True,True,True
cross_asset_target_free_conservative,1000.0,1024.0,combined,0.003,210,0.4920893090585049,0.08240637261303958,0.4546006982513275,0.40968293644546533,0.037488610807177414,0.0006297791081945584,1.606880909289988e-05,0.0006263615948425524,8661,13754674,0.0031501,True,True,True,True,True
cross_asset_target_free_conservative,1000.0,1024.0,combined,0.01,210,0.5476028541926818,0.12220554283184845,0.513331233955522,0.42539731136083336,0.034271620237159794,0.0008423909127243071,4.544282647510391e-05,0.0008391188176972804,11585,13754674,0.0105001,True,True,True,True,True
cross_asset_target_free_conservative,1000.0,1024.0,simMed_test.mat,1e-05,105,0.4263700768907633,0.07447260513022674,0.382876722927808,0.35189747176053654,0.04349335396295528,0.00045970201946332346,1.410569662319166e-05,0.0004559209719533609,3161,6877337,1.0600000000000002e-05,False,False,False,True,True
cross_asset_target_free_conservative,1000.0,1024.0,simMed_test.mat,3e-05,105,0.4263700768907633,0.07447260513022674,0.382876722927808,0.35189747176053654,0.04349335396295528,0.00045970201946332346,1.410569662319166e-05,0.0004559209719533609,3161,6877337,3.16e-05,False,True,False,True,True
cross_asset_target_free_conservative,1000.0,1024.0,simMed_test.mat,0.0001,105,0.4263700768907633,0.07447260513022674,0.382876722927808,0.35189747176053654,0.04349335396295528,0.00045970201946332346,1.410569662319166e-05,0.0004559209719533609,3161,6877337,0.00010510000000000001,False,True,False,True,True
cross_asset_target_free_conservative,1000.0,1024.0,simMed_test.mat,0.0003,105,0.4263700768907633,0.07447260513022674,0.382876722927808,0.35189747176053654,0.04349335396295528,0.00045970201946332346,1.410569662319166e-05,0.0004559209719533609,3161,6877337,0.00031509999999999996,False,True,False,True,True
cross_asset_target_free_conservative,1000.0,1024.0,simMed_test.mat,0.001,105,0.4275793551731601,0.07833043472347202,0.384244731368935,0.3492489204496881,0.04333462380422509,0.00046304680862112806,1.614153767382694e-05,0.0004592657611111655,3184,6877337,0.0010501000000000002,True,True,True,True,True
cross_asset_target_free_conservative,1000.0,1024.0,simMed_test.mat,0.003,105,0.46637640661928254,0.08800732803513589,0.42597086160014863,0.37836907858414665,0.040405545019133904,0.0005708080589377673,2.0940416872995162e-05,0.0005673178858308256,3925,6877337,0.0031501,True,True,True,True,True
cross_asset_target_free_conservative,1000.0,1024.0,simMed_test.mat,0.01,105,0.526596945808361,0.13754819506410546,0.48910183717549605,0.3890487507442556,0.03749510863286498,0.0007790567787938477,6.514651216398344e-05,0.0007757120073590253,5357,6877337,0.0105001,True,True,True,True,True
cross_asset_target_free_conservative,1000.0,1024.0,simWind_test.mat,1e-05,105,0.49142508601622087,0.052598899807274994,0.4540574122615589,0.43882618620894587,0.03736767375466199,0.0005978581527940166,5.816626549763409e-06,0.0005943678819840563,4111,6877337,1.0600000000000002e-05,False,True,False,True,True
cross_asset_target_free_conservative,1000.0,1024.0,simWind_test.mat,3e-05,105,0.49142508601622087,0.052598899807274994,0.4540574122615589,0.43882618620894587,0.03736767375466199,0.0005978581527940166,5.816626549763409e-06,0.0005943678819840563,4111,6877337,3.16e-05,False,True,False,True,True
cross_asset_target_free_conservative,1000.0,1024.0,simWind_test.mat,0.0001,105,0.49142508601622087,0.052598899807274994,0.4540574122615589,0.43882618620894587,0.03736767375466199,0.0005978581527940166,5.816626549763409e-06,0.0005943678819840563,4111,6877337,0.00010510000000000001,False,True,False,True,True
cross_asset_target_free_conservative,1000.0,1024.0,simWind_test.mat,0.0003,105,0.49142508601622087,0.052598899807274994,0.4540574122615589,0.43882618620894587,0.03736767375466199,0.0005978581527940166,5.816626549763409e-06,0.0005943678819840563,4111,6877337,0.00031509999999999996,False,True,False,True,True
cross_asset_target_free_conservative,1000.0,1024.0,simWind_test.mat,0.001,105,0.4962311478843214,0.05299572520410039,0.45986910649013046,0.443235422680221,0.036362041394190914,0.0006142910666387448,5.816626549763409e-06,0.0006108007958287846,4224,6877337,0.0010501000000000002,True,True,True,True,True
cross_asset_target_free_conservative,1000.0,1024.0,simWind_test.mat,0.003,105,0.5178022114977272,0.07680541719094329,0.48323053490250634,0.4409967943067839,0.03457167659522087,0.0006887501574513493,1.1197201312804595e-05,0.0006854053038542792,4736,6877337,0.0031501,True,True,True,True,True
cross_asset_target_free_conservative,1000.0,1024.0,simWind_test.mat,0.01,105,0.5686087625770027,0.10686289059959145,0.537560630735548,0.46174587197741124,0.031048131841454607,0.0009057250466547663,2.573914078622439e-05,0.0009025256280355355,6228,6877337,0.0105001,True,True,True,True,True
cross_asset_target_free_conservative,1000.0,4096.0,combined,1e-05,210,0.41846706759468344,0.06353575246875087,0.41846706759468344,0.35493131512593257,0.0,0.0005251444269687086,9.961161586477536e-06,0.0005251444269687086,7222,13754674,1.0600000000000002e-05,False,True,False,True,False
cross_asset_target_free_conservative,1000.0,4096.0,combined,3e-05,210,0.41846706759468344,0.06353575246875087,0.41846706759468344,0.35493131512593257,0.0,0.0005251444269687086,9.961161586477536e-06,0.0005251444269687086,7222,13754674,3.16e-05,False,True,False,True,False
cross_asset_target_free_conservative,1000.0,4096.0,combined,0.0001,210,0.41846706759468344,0.06353575246875087,0.41846706759468344,0.35493131512593257,0.0,0.0005251444269687086,9.961161586477536e-06,0.0005251444269687086,7222,13754674,0.00010510000000000001,False,True,False,True,False
cross_asset_target_free_conservative,1000.0,4096.0,combined,0.0003,210,0.41846706759468344,0.06353575246875087,0.41846706759468344,0.35493131512593257,0.0,0.0005251444269687086,9.961161586477536e-06,0.0005251444269687086,7222,13754674,0.00031509999999999996,False,True,False,True,False
cross_asset_target_free_conservative,1000.0,4096.0,combined,0.001,210,0.42205691892953273,0.0656630799637862,0.42205691892953273,0.3563938389657465,0.0,0.0005350332784699751,1.0979082111795175e-05,0.0005350332784699751,7358,13754674,0.0010501000000000002,True,True,True,True,False
cross_asset_target_free_conservative,1000.0,4096.0,combined,0.003,210,0.4546006982513275,0.08240637261303958,0.4546006982513275,0.3721943256382879,0.0,0.0006263615948425524,1.606880909289988e-05,0.0006263615948425524,8614,13754674,0.0031501,True,True,True,True,False
cross_asset_target_free_conservative,1000.0,4096.0,combined,0.01,210,0.513331233955522,0.12220554283184845,0.513331233955522,0.39112569112367357,0.0,0.0008391188176972804,4.544282647510391e-05,0.0008391188176972804,11540,13754674,0.0105001,True,True,True,True,False
cross_asset_target_free_conservative,1000.0,4096.0,simMed_test.mat,1e-05,105,0.382876722927808,0.07447260513022674,0.382876722927808,0.30840411779758126,0.0,0.0004559209719533609,1.410569662319166e-05,0.0004559209719533609,3135,6877337,1.0600000000000002e-05,False,False,False,True,False
cross_asset_target_free_conservative,1000.0,4096.0,simMed_test.mat,3e-05,105,0.382876722927808,0.07447260513022674,0.382876722927808,0.30840411779758126,0.0,0.0004559209719533609,1.410569662319166e-05,0.0004559209719533609,3135,6877337,3.16e-05,False,True,False,True,False
cross_asset_target_free_conservative,1000.0,4096.0,simMed_test.mat,0.0001,105,0.382876722927808,0.07447260513022674,0.382876722927808,0.30840411779758126,0.0,0.0004559209719533609,1.410569662319166e-05,0.0004559209719533609,3135,6877337,0.00010510000000000001,False,True,False,True,False
cross_asset_target_free_conservative,1000.0,4096.0,simMed_test.mat,0.0003,105,0.382876722927808,0.07447260513022674,0.382876722927808,0.30840411779758126,0.0,0.0004559209719533609,1.410569662319166e-05,0.0004559209719533609,3135,6877337,0.00031509999999999996,False,True,False,True,False
cross_asset_target_free_conservative,1000.0,4096.0,simMed_test.mat,0.001,105,0.384244731368935,0.07833043472347202,0.384244731368935,0.305914296645463,0.0,0.0004592657611111655,1.614153767382694e-05,0.0004592657611111655,3158,6877337,0.0010501000000000002,True,True,True,True,False
cross_asset_target_free_conservative,1000.0,4096.0,simMed_test.mat,0.003,105,0.42597086160014863,0.08800732803513589,0.42597086160014863,0.33796353356501274,0.0,0.0005673178858308256,2.0940416872995162e-05,0.0005673178858308256,3901,6877337,0.0031501,True,True,True,True,False
cross_asset_target_free_conservative,1000.0,4096.0,simMed_test.mat,0.01,105,0.48910183717549605,0.13754819506410546,0.48910183717549605,0.3515536421113906,0.0,0.0007757120073590253,6.514651216398344e-05,0.0007757120073590253,5334,6877337,0.0105001,True,True,True,True,False
cross_asset_target_free_conservative,1000.0,4096.0,simWind_test.mat,1e-05,105,0.4540574122615589,0.052598899807274994,0.4540574122615589,0.4014585124542839,0.0,0.0005943678819840563,5.816626549763409e-06,0.0005943678819840563,4087,6877337,1.0600000000000002e-05,False,True,False,True,False
cross_asset_target_free_conservative,1000.0,4096.0,simWind_test.mat,3e-05,105,0.4540574122615589,0.052598899807274994,0.4540574122615589,0.4014585124542839,0.0,0.0005943678819840563,5.816626549763409e-06,0.0005943678819840563,4087,6877337,3.16e-05,False,True,False,True,False
cross_asset_target_free_conservative,1000.0,4096.0,simWind_test.mat,0.0001,105,0.4540574122615589,0.052598899807274994,0.4540574122615589,0.4014585124542839,0.0,0.0005943678819840563,5.816626549763409e-06,0.0005943678819840563,4087,6877337,0.00010510000000000001,False,True,False,True,False
cross_asset_target_free_conservative,1000.0,4096.0,simWind_test.mat,0.0003,105,0.4540574122615589,0.052598899807274994,0.4540574122615589,0.4014585124542839,0.0,0.0005943678819840563,5.816626549763409e-06,0.0005943678819840563,4087,6877337,0.00031509999999999996,False,True,False,True,False
cross_asset_target_free_conservative,1000.0,4096.0,simWind_test.mat,0.001,105,0.45986910649013046,0.05299572520410039,0.45986910649013046,0.40687338128603007,0.0,0.0006108007958287846,5.816626549763409e-06,0.0006108007958287846,4200,6877337,0.0010501000000000002,True,True,True,True,False
cross_asset_target_free_conservative,1000.0,4096.0,simWind_test.mat,0.003,105,0.48323053490250634,0.07680541719094329,0.48323053490250634,0.40642511771156303,0.0,0.0006854053038542792,1.1197201312804595e-05,0.0006854053038542792,4713,6877337,0.0031501,True,True,True,True,False
cross_asset_target_free_conservative,1000.0,4096.0,simWind_test.mat,0.01,105,0.537560630735548,0.10686289059959145,0.537560630735548,0.43069774013595663,0.0,0.0009025256280355355,2.573914078622439e-05,0.0009025256280355355,6206,6877337,0.0105001,True,True,True,True,False
cross_asset_target_free_conservative,1000.0,16384.0,combined,1e-05,210,0.41846706759468344,0.06353575246875087,0.41846706759468344,0.35493131512593257,0.0,0.0005251444269687086,9.961161586477536e-06,0.0005251444269687086,7222,13754674,1.0600000000000002e-05,False,True,False,True,False
cross_asset_target_free_conservative,1000.0,16384.0,combined,3e-05,210,0.41846706759468344,0.06353575246875087,0.41846706759468344,0.35493131512593257,0.0,0.0005251444269687086,9.961161586477536e-06,0.0005251444269687086,7222,13754674,3.16e-05,False,True,False,True,False
cross_asset_target_free_conservative,1000.0,16384.0,combined,0.0001,210,0.41846706759468344,0.06353575246875087,0.41846706759468344,0.35493131512593257,0.0,0.0005251444269687086,9.961161586477536e-06,0.0005251444269687086,7222,13754674,0.00010510000000000001,False,True,False,True,False
cross_asset_target_free_conservative,1000.0,16384.0,combined,0.0003,210,0.41846706759468344,0.06353575246875087,0.41846706759468344,0.35493131512593257,0.0,0.0005251444269687086,9.961161586477536e-06,0.0005251444269687086,7222,13754674,0.00031509999999999996,False,True,False,True,False
cross_asset_target_free_conservative,1000.0,16384.0,combined,0.001,210,0.42205691892953273,0.0656630799637862,0.42205691892953273,0.3563938389657465,0.0,0.0005350332784699751,1.0979082111795175e-05,0.0005350332784699751,7358,13754674,0.0010501000000000002,True,True,True,True,False
cross_asset_target_free_conservative,1000.0,16384.0,combined,0.003,210,0.4546006982513275,0.08240637261303958,0.4546006982513275,0.3721943256382879,0.0,0.0006263615948425524,1.606880909289988e-05,0.0006263615948425524,8614,13754674,0.0031501,True,True,True,True,False
cross_asset_target_free_conservative,1000.0,16384.0,combined,0.01,210,0.513331233955522,0.12220554283184845,0.513331233955522,0.39112569112367357,0.0,0.0008391188176972804,4.544282647510391e-05,0.0008391188176972804,11540,13754674,0.0105001,True,True,True,True,False
cross_asset_target_free_conservative,1000.0,16384.0,simMed_test.mat,1e-05,105,0.382876722927808,0.07447260513022674,0.382876722927808,0.30840411779758126,0.0,0.0004559209719533609,1.410569662319166e-05,0.0004559209719533609,3135,6877337,1.0600000000000002e-05,False,False,False,True,False
cross_asset_target_free_conservative,1000.0,16384.0,simMed_test.mat,3e-05,105,0.382876722927808,0.07447260513022674,0.382876722927808,0.30840411779758126,0.0,0.0004559209719533609,1.410569662319166e-05,0.0004559209719533609,3135,6877337,3.16e-05,False,True,False,True,False
cross_asset_target_free_conservative,1000.0,16384.0,simMed_test.mat,0.0001,105,0.382876722927808,0.07447260513022674,0.382876722927808,0.30840411779758126,0.0,0.0004559209719533609,1.410569662319166e-05,0.0004559209719533609,3135,6877337,0.00010510000000000001,False,True,False,True,False
cross_asset_target_free_conservative,1000.0,16384.0,simMed_test.mat,0.0003,105,0.382876722927808,0.07447260513022674,0.382876722927808,0.30840411779758126,0.0,0.0004559209719533609,1.410569662319166e-05,0.0004559209719533609,3135,6877337,0.00031509999999999996,False,True,False,True,False
cross_asset_target_free_conservative,1000.0,16384.0,simMed_test.mat,0.001,105,0.384244731368935,0.07833043472347202,0.384244731368935,0.305914296645463,0.0,0.0004592657611111655,1.614153767382694e-05,0.0004592657611111655,3158,6877337,0.0010501000000000002,True,True,True,True,False
cross_asset_target_free_conservative,1000.0,16384.0,simMed_test.mat,0.003,105,0.42597086160014863,0.08800732803513589,0.42597086160014863,0.33796353356501274,0.0,0.0005673178858308256,2.0940416872995162e-05,0.0005673178858308256,3901,6877337,0.0031501,True,True,True,True,False
cross_asset_target_free_conservative,1000.0,16384.0,simMed_test.mat,0.01,105,0.48910183717549605,0.13754819506410546,0.48910183717549605,0.3515536421113906,0.0,0.0007757120073590253,6.514651216398344e-05,0.0007757120073590253,5334,6877337,0.0105001,True,True,True,True,False
cross_asset_target_free_conservative,1000.0,16384.0,simWind_test.mat,1e-05,105,0.4540574122615589,0.052598899807274994,0.4540574122615589,0.4014585124542839,0.0,0.0005943678819840563,5.816626549763409e-06,0.0005943678819840563,4087,6877337,1.0600000000000002e-05,False,True,False,True,False
cross_asset_target_free_conservative,1000.0,16384.0,simWind_test.mat,3e-05,105,0.4540574122615589,0.052598899807274994,0.4540574122615589,0.4014585124542839,0.0,0.0005943678819840563,5.816626549763409e-06,0.0005943678819840563,4087,6877337,3.16e-05,False,True,False,True,False
cross_asset_target_free_conservative,1000.0,16384.0,simWind_test.mat,0.0001,105,0.4540574122615589,0.052598899807274994,0.4540574122615589,0.4014585124542839,0.0,0.0005943678819840563,5.816626549763409e-06,0.0005943678819840563,4087,6877337,0.00010510000000000001,False,True,False,True,False
cross_asset_target_free_conservative,1000.0,16384.0,simWind_test.mat,0.0003,105,0.4540574122615589,0.052598899807274994,0.4540574122615589,0.4014585124542839,0.0,0.0005943678819840563,5.816626549763409e-06,0.0005943678819840563,4087,6877337,0.00031509999999999996,False,True,False,True,False
cross_asset_target_free_conservative,1000.0,16384.0,simWind_test.mat,0.001,105,0.45986910649013046,0.05299572520410039,0.45986910649013046,0.40687338128603007,0.0,0.0006108007958287846,5.816626549763409e-06,0.0006108007958287846,4200,6877337,0.0010501000000000002,True,True,True,True,False
cross_asset_target_free_conservative,1000.0,16384.0,simWind_test.mat,0.003,105,0.48323053490250634,0.07680541719094329,0.48323053490250634,0.40642511771156303,0.0,0.0006854053038542792,1.1197201312804595e-05,0.0006854053038542792,4713,6877337,0.0031501,True,True,True,True,False
cross_asset_target_free_conservative,1000.0,16384.0,simWind_test.mat,0.01,105,0.537560630735548,0.10686289059959145,0.537560630735548,0.43069774013595663,0.0,0.0009025256280355355,2.573914078622439e-05,0.0009025256280355355,6206,6877337,0.0105001,True,True,True,True,False
cross_asset_target_free_conservative,1000.0,65536.0,combined,1e-05,210,0.41846706759468344,0.06353575246875087,0.41846706759468344,0.35493131512593257,0.0,0.0005251444269687086,9.961161586477536e-06,0.0005251444269687086,7222,13754674,1.0600000000000002e-05,False,True,False,True,False
cross_asset_target_free_conservative,1000.0,65536.0,combined,3e-05,210,0.41846706759468344,0.06353575246875087,0.41846706759468344,0.35493131512593257,0.0,0.0005251444269687086,9.961161586477536e-06,0.0005251444269687086,7222,13754674,3.16e-05,False,True,False,True,False
cross_asset_target_free_conservative,1000.0,65536.0,combined,0.0001,210,0.41846706759468344,0.06353575246875087,0.41846706759468344,0.35493131512593257,0.0,0.0005251444269687086,9.961161586477536e-06,0.0005251444269687086,7222,13754674,0.00010510000000000001,False,True,False,True,False
cross_asset_target_free_conservative,1000.0,65536.0,combined,0.0003,210,0.41846706759468344,0.06353575246875087,0.41846706759468344,0.35493131512593257,0.0,0.0005251444269687086,9.961161586477536e-06,0.0005251444269687086,7222,13754674,0.00031509999999999996,False,True,False,True,False
cross_asset_target_free_conservative,1000.0,65536.0,combined,0.001,210,0.42205691892953273,0.0656630799637862,0.42205691892953273,0.3563938389657465,0.0,0.0005350332784699751,1.0979082111795175e-05,0.0005350332784699751,7358,13754674,0.0010501000000000002,True,True,True,True,False
cross_asset_target_free_conservative,1000.0,65536.0,combined,0.003,210,0.4546006982513275,0.08240637261303958,0.4546006982513275,0.3721943256382879,0.0,0.0006263615948425524,1.606880909289988e-05,0.0006263615948425524,8614,13754674,0.0031501,True,True,True,True,False
cross_asset_target_free_conservative,1000.0,65536.0,combined,0.01,210,0.513331233955522,0.12220554283184845,0.513331233955522,0.39112569112367357,0.0,0.0008391188176972804,4.544282647510391e-05,0.0008391188176972804,11540,13754674,0.0105001,True,True,True,True,False
cross_asset_target_free_conservative,1000.0,65536.0,simMed_test.mat,1e-05,105,0.382876722927808,0.07447260513022674,0.382876722927808,0.30840411779758126,0.0,0.0004559209719533609,1.410569662319166e-05,0.0004559209719533609,3135,6877337,1.0600000000000002e-05,False,False,False,True,False
cross_asset_target_free_conservative,1000.0,65536.0,simMed_test.mat,3e-05,105,0.382876722927808,0.07447260513022674,0.382876722927808,0.30840411779758126,0.0,0.0004559209719533609,1.410569662319166e-05,0.0004559209719533609,3135,6877337,3.16e-05,False,True,False,True,False
cross_asset_target_free_conservative,1000.0,65536.0,simMed_test.mat,0.0001,105,0.382876722927808,0.07447260513022674,0.382876722927808,0.30840411779758126,0.0,0.0004559209719533609,1.410569662319166e-05,0.0004559209719533609,3135,6877337,0.00010510000000000001,False,True,False,True,False
cross_asset_target_free_conservative,1000.0,65536.0,simMed_test.mat,0.0003,105,0.382876722927808,0.07447260513022674,0.382876722927808,0.30840411779758126,0.0,0.0004559209719533609,1.410569662319166e-05,0.0004559209719533609,3135,6877337,0.00031509999999999996,False,True,False,True,False
cross_asset_target_free_conservative,1000.0,65536.0,simMed_test.mat,0.001,105,0.384244731368935,0.07833043472347202,0.384244731368935,0.305914296645463,0.0,0.0004592657611111655,1.614153767382694e-05,0.0004592657611111655,3158,6877337,0.0010501000000000002,True,True,True,True,False
cross_asset_target_free_conservative,1000.0,65536.0,simMed_test.mat,0.003,105,0.42597086160014863,0.08800732803513589,0.42597086160014863,0.33796353356501274,0.0,0.0005673178858308256,2.0940416872995162e-05,0.0005673178858308256,3901,6877337,0.0031501,True,True,True,True,False
cross_asset_target_free_conservative,1000.0,65536.0,simMed_test.mat,0.01,105,0.48910183717549605,0.13754819506410546,0.48910183717549605,0.3515536421113906,0.0,0.0007757120073590253,6.514651216398344e-05,0.0007757120073590253,5334,6877337,0.0105001,True,True,True,True,False
cross_asset_target_free_conservative,1000.0,65536.0,simWind_test.mat,1e-05,105,0.4540574122615589,0.052598899807274994,0.4540574122615589,0.4014585124542839,0.0,0.0005943678819840563,5.816626549763409e-06,0.0005943678819840563,4087,6877337,1.0600000000000002e-05,False,True,False,True,False
cross_asset_target_free_conservative,1000.0,65536.0,simWind_test.mat,3e-05,105,0.4540574122615589,0.052598899807274994,0.4540574122615589,0.4014585124542839,0.0,0.0005943678819840563,5.816626549763409e-06,0.0005943678819840563,4087,6877337,3.16e-05,False,True,False,True,False
cross_asset_target_free_conservative,1000.0,65536.0,simWind_test.mat,0.0001,105,0.4540574122615589,0.052598899807274994,0.4540574122615589,0.4014585124542839,0.0,0.0005943678819840563,5.816626549763409e-06,0.0005943678819840563,4087,6877337,0.00010510000000000001,False,True,False,True,False
cross_asset_target_free_conservative,1000.0,65536.0,simWind_test.mat,0.0003,105,0.4540574122615589,0.052598899807274994,0.4540574122615589,0.4014585124542839,0.0,0.0005943678819840563,5.816626549763409e-06,0.0005943678819840563,4087,6877337,0.00031509999999999996,False,True,False,True,False
cross_asset_target_free_conservative,1000.0,65536.0,simWind_test.mat,0.001,105,0.45986910649013046,0.05299572520410039,0.45986910649013046,0.40687338128603007,0.0,0.0006108007958287846,5.816626549763409e-06,0.0006108007958287846,4200,6877337,0.0010501000000000002,True,True,True,True,False
cross_asset_target_free_conservative,1000.0,65536.0,simWind_test.mat,0.003,105,0.48323053490250634,0.07680541719094329,0.48323053490250634,0.40642511771156303,0.0,0.0006854053038542792,1.1197201312804595e-05,0.0006854053038542792,4713,6877337,0.0031501,True,True,True,True,False
cross_asset_target_free_conservative,1000.0,65536.0,simWind_test.mat,0.01,105,0.537560630735548,0.10686289059959145,0.537560630735548,0.43069774013595663,0.0,0.0009025256280355355,2.573914078622439e-05,0.0009025256280355355,6206,6877337,0.0105001,True,True,True,True,False
same_asset_target_free_conservative,1000.0,256.0,combined,1e-05,210,0.5172467502925157,0.06329340133139344,0.41671392376906374,0.4539533489611222,0.10053282652345191,0.0005537920163980703,9.452212440864415e-06,0.000519254736461002,7616,13754674,1.0600000000000002e-05,False,True,False,True,True
same_asset_target_free_conservative,1000.0,256.0,combined,3e-05,210,0.5172467502925157,0.06329340133139344,0.41671392376906374,0.4539533489611222,0.10053282652345191,0.0005537920163980703,9.452212440864415e-06,0.000519254736461002,7616,13754674,3.16e-05,False,True,False,True,True
same_asset_target_free_conservative,1000.0,256.0,combined,0.0001,210,0.5172467502925157,0.06329340133139344,0.41671392376906374,0.4539533489611222,0.10053282652345191,0.0005537920163980703,9.452212440864415e-06,0.000519254736461002,7616,13754674,0.00010510000000000001,False,True,False,True,True
same_asset_target_free_conservative,1000.0,256.0,combined,0.0003,210,0.5172467502925157,0.06329340133139344,0.41671392376906374,0.4539533489611222,0.10053282652345191,0.0005537920163980703,9.452212440864415e-06,0.000519254736461002,7616,13754674,0.00031509999999999996,False,True,False,True,True
same_asset_target_free_conservative,1000.0,256.0,combined,0.001,210,0.5206814669996523,0.0657531516085371,0.4204893445126785,0.4549283153911152,0.10019212248697384,0.0005640445431335038,1.0033906841795108e-05,0.0005296526737485884,7757,13754674,0.0010501000000000002,True,True,True,True,True
same_asset_target_free_conservative,1000.0,256.0,combined,0.003,210,0.5466016263175663,0.08171806214533062,0.45303542482175946,0.46488356417223564,0.0935662014958068,0.0006510094093903582,1.5341757422292066e-05,0.0006186535164987059,8953,13754674,0.0031501,True,True,True,True,True
same_asset_target_free_conservative,1000.0,256.0,combined,0.01,210,0.591645746078917,0.12159898094895295,0.5102623905974354,0.470046765129964,0.08138335548148157,0.0008598407583447742,4.0789765138511033e-05,0.0008301025008071062,11825,13754674,0.0105001,True,True,True,True,True
same_asset_target_free_conservative,1000.0,256.0,simMed_test.mat,1e-05,105,0.527459707846649,0.05445668578193068,0.4399277634056081,0.4730030220647183,0.0875319444410409,0.0006302858192903492,8.434294105823042e-06,0.000602656074826218,4334,6877337,1.0600000000000002e-05,False,True,False,True,True
same_asset_target_free_conservative,1000.0,256.0,simMed_test.mat,3e-05,105,0.527459707846649,0.05445668578193068,0.4399277634056081,0.4730030220647183,0.0875319444410409,0.0006302858192903492,8.434294105823042e-06,0.000602656074826218,4334,6877337,3.16e-05,False,True,False,True,True
same_asset_target_free_conservative,1000.0,256.0,simMed_test.mat,0.0001,105,0.527459707846649,0.05445668578193068,0.4399277634056081,0.4730030220647183,0.0875319444410409,0.0006302858192903492,8.434294105823042e-06,0.000602656074826218,4334,6877337,0.00010510000000000001,False,True,False,True,True
same_asset_target_free_conservative,1000.0,256.0,simMed_test.mat,0.0003,105,0.527459707846649,0.05445668578193068,0.4399277634056081,0.4730030220647183,0.0875319444410409,0.0006302858192903492,8.434294105823042e-06,0.000602656074826218,4334,6877337,0.00031509999999999996,False,True,False,True,True
same_asset_target_free_conservative,1000.0,256.0,simMed_test.mat,0.001,105,0.5328250974462493,0.05470088602613092,0.4459745610781645,0.47812421142011835,0.08685053636808476,0.0006474459192688093,8.434294105823042e-06,0.000619961585356831,4452,6877337,0.0010501000000000002,True,True,True,True,True
same_asset_target_free_conservative,1000.0,256.0,simMed_test.mat,0.003,105,0.5507087881919012,0.0781139845070218,0.4657849457505103,0.4725948036848794,0.08492384244139084,0.0007104156312691479,1.5850725438369646e-05,0.0006833675312517056,4885,6877337,0.0031501,True,True,True,True,True
same_asset_target_free_conservative,1000.0,256.0,simMed_test.mat,0.01,105,0.5825420597725897,0.10756648816697639,0.5058578438401101,0.47497557160561327,0.07668421593247954,0.0008895795065366577,3.722715648196352e-05,0.0008641310647307332,6117,6877337,0.0105001,True,True,True,True,True
same_asset_target_free_conservative,1000.0,256.0,simWind_test.mat,1e-05,105,0.5070337927383822,0.0721301168808562,0.3935000841325194,0.43490367585752604,0.11353370860586282,0.0004772982135057913,1.0470130775905792e-05,0.00043585339809578603,3282,6877337,1.0600000000000002e-05,False,True,False,True,True
same_asset_target_free_conservative,1000.0,256.0,simWind_test.mat,3e-05,105,0.5070337927383822,0.0721301168808562,0.3935000841325194,0.43490367585752604,0.11353370860586282,0.0004772982135057913,1.0470130775905792e-05,0.00043585339809578603,3282,6877337,3.16e-05,False,True,False,True,True
same_asset_target_free_conservative,1000.0,256.0,simWind_test.mat,0.0001,105,0.5070337927383822,0.0721301168808562,0.3935000841325194,0.43490367585752604,0.11353370860586282,0.0004772982135057913,1.0470130775905792e-05,0.00043585339809578603,3282,6877337,0.00010510000000000001,False,True,False,True,True
same_asset_target_free_conservative,1000.0,256.0,simWind_test.mat,0.0003,105,0.5070337927383822,0.0721301168808562,0.3935000841325194,0.43490367585752604,0.11353370860586282,0.0004772982135057913,1.0470130775905792e-05,0.00043585339809578603,3282,6877337,0.00031509999999999996,False,True,False,True,True
same_asset_target_free_conservative,1000.0,256.0,simWind_test.mat,0.001,105,0.5085378365530553,0.07680541719094329,0.39500412794719236,0.431732419362112,0.11353370860586293,0.0004806431669981982,1.1633519577767175e-05,0.0004393437621403459,3305,6877337,0.0010501000000000002,True,True,True,True,True
same_asset_target_free_conservative,1000.0,256.0,simWind_test.mat,0.003,105,0.5424944644432312,0.08532213978363944,0.44028590389300853,0.4571723246595918,0.1022085605502227,0.0005916031875115687,1.4832789406214485e-05,0.0005539395017457062,4068,6877337,0.0031501,True,True,True,True,True
same_asset_target_free_conservative,1000.0,256.0,simWind_test.mat,0.01,105,0.600749432385244,0.1356314737309295,0.5146669373547608,0.4651179586543145,0.08608249503048326,0.0008301020101528906,4.435237379505854e-05,0.000796073936883479,5708,6877337,0.0105001,True,True,True,True,True
same_asset_target_free_conservative,1000.0,1024.0,combined,1e-05,210,0.4575122989108409,0.06329340133139344,0.41671392376906374,0.39421889757944745,0.04079837514177714,0.0005231084914742675,9.452212440864415e-06,0.000519254736461002,7194,13754674,1.0600000000000002e-05,False,True,False,True,True
same_asset_target_free_conservative,1000.0,1024.0,combined,3e-05,210,0.4575122989108409,0.06329340133139344,0.41671392376906374,0.39421889757944745,0.04079837514177714,0.0005231084914742675,9.452212440864415e-06,0.000519254736461002,7194,13754674,3.16e-05,False,True,False,True,True
same_asset_target_free_conservative,1000.0,1024.0,combined,0.0001,210,0.4575122989108409,0.06329340133139344,0.41671392376906374,0.39421889757944745,0.04079837514177714,0.0005231084914742675,9.452212440864415e-06,0.000519254736461002,7194,13754674,0.00010510000000000001,False,True,False,True,True
same_asset_target_free_conservative,1000.0,1024.0,combined,0.0003,210,0.4575122989108409,0.06329340133139344,0.41671392376906374,0.39421889757944745,0.04079837514177714,0.0005231084914742675,9.452212440864415e-06,0.000519254736461002,7194,13754674,0.00031509999999999996,False,True,False,True,True
same_asset_target_free_conservative,1000.0,1024.0,combined,0.001,210,0.4612877196544556,0.0657531516085371,0.4204893445126785,0.39553456804591847,0.04079837514177709,0.0005335064287618539,1.0033906841795108e-05,0.0005296526737485884,7337,13754674,0.0010501000000000002,True,True,True,True,True
same_asset_target_free_conservative,1000.0,1024.0,combined,0.003,210,0.4917975179080743,0.08171806214533062,0.45303542482175946,0.4100794557627437,0.03876209308631484,0.0006221437162591383,1.5341757422292066e-05,0.0006186535164987059,8556,13754674,0.0031501,True,True,True,True,True
same_asset_target_free_conservative,1000.0,1024.0,combined,0.01,210,0.5447014409967955,0.12159898094895295,0.5102623905974354,0.4231024600478426,0.03443905039936013,0.0008334472911250339,4.0789765138511033e-05,0.0008301025008071062,11462,13754674,0.0105001,True,True,True,True,True
same_asset_target_free_conservative,1000.0,1024.0,simMed_test.mat,1e-05,105,0.47791555936789515,0.05445668578193068,0.4399277634056081,0.42345887358596446,0.037987795962287074,0.0006057100229294379,8.434294105823042e-06,0.000602656074826218,4165,6877337,1.0600000000000002e-05,False,True,False,True,True
same_asset_target_free_conservative,1000.0,1024.0,simMed_test.mat,3e-05,105,0.47791555936789515,0.05445668578193068,0.4399277634056081,0.42345887358596446,0.037987795962287074,0.0006057100229294379,8.434294105823042e-06,0.000602656074826218,4165,6877337,3.16e-05,False,True,False,True,True
same_asset_target_free_conservative,1000.0,1024.0,simMed_test.mat,0.0001,105,0.47791555936789515,0.05445668578193068,0.4399277634056081,0.42345887358596446,0.037987795962287074,0.0006057100229294379,8.434294105823042e-06,0.000602656074826218,4165,6877337,0.00010510000000000001,False,True,False,True,True
same_asset_target_free_conservative,1000.0,1024.0,simMed_test.mat,0.0003,105,0.47791555936789515,0.05445668578193068,0.4399277634056081,0.42345887358596446,0.037987795962287074,0.0006057100229294379,8.434294105823042e-06,0.000602656074826218,4165,6877337,0.00031509999999999996,False,True,False,True,True
same_asset_target_free_conservative,1000.0,1024.0,simMed_test.mat,0.001,105,0.4839623570404516,0.05470088602613092,0.4459745610781645,0.42926147101432066,0.037987795962287074,0.000623015533460051,8.434294105823042e-06,0.000619961585356831,4284,6877337,0.0010501000000000002,True,True,True,True,True
same_asset_target_free_conservative,1000.0,1024.0,simMed_test.mat,0.003,105,0.5032885840857827,0.0781139845070218,0.4657849457505103,0.4251745995787609,0.03750363833527237,0.0006864214793549256,1.5850725438369646e-05,0.0006833675312517056,4720,6877337,0.0031501,True,True,True,True,True
same_asset_target_free_conservative,1000.0,1024.0,simMed_test.mat,0.01,105,0.5406113981352464,0.10756648816697639,0.5058578438401101,0.43304490996827,0.03475355429513627,0.0008670396111618339,3.722715648196352e-05,0.0008641310647307332,5962,6877337,0.0105001,True,True,True,True,True
same_asset_target_free_conservative,1000.0,1024.0,simWind_test.mat,1e-05,105,0.43710903845378657,0.0721301168808562,0.3935000841325194,0.3649789215729304,0.04360895432126716,0.00044050696001909706,1.0470130775905792e-05,0.00043585339809578603,3029,6877337,1.0600000000000002e-05,False,True,False,True,True
same_asset_target_free_conservative,1000.0,1024.0,simWind_test.mat,3e-05,105,0.43710903845378657,0.0721301168808562,0.3935000841325194,0.3649789215729304,0.04360895432126716,0.00044050696001909706,1.0470130775905792e-05,0.00043585339809578603,3029,6877337,3.16e-05,False,True,False,True,True
same_asset_target_free_conservative,1000.0,1024.0,simWind_test.mat,0.0001,105,0.43710903845378657,0.0721301168808562,0.3935000841325194,0.3649789215729304,0.04360895432126716,0.00044050696001909706,1.0470130775905792e-05,0.00043585339809578603,3029,6877337,0.00010510000000000001,False,True,False,True,True
same_asset_target_free_conservative,1000.0,1024.0,simWind_test.mat,0.0003,105,0.43710903845378657,0.0721301168808562,0.3935000841325194,0.3649789215729304,0.04360895432126716,0.00044050696001909706,1.0470130775905792e-05,0.00043585339809578603,3029,6877337,0.00031509999999999996,False,True,False,True,True
same_asset_target_free_conservative,1000.0,1024.0,simWind_test.mat,0.001,105,0.4386130822684595,0.07680541719094329,0.39500412794719236,0.3618076650775162,0.04360895432126716,0.0004439973240636569,1.1633519577767175e-05,0.0004393437621403459,3053,6877337,0.0010501000000000002,True,True,True,True,True
same_asset_target_free_conservative,1000.0,1024.0,simWind_test.mat,0.003,105,0.48030645173036596,0.08532213978363944,0.44028590389300853,0.3949843119467265,0.04002054783735742,0.0005578659531633508,1.4832789406214485e-05,0.0005539395017457062,3836,6877337,0.0031501,True,True,True,True,True
same_asset_target_free_conservative,1000.0,1024.0,simWind_test.mat,0.01,105,0.5487914838583448,0.1356314737309295,0.5146669373547608,0.4131600101274152,0.034124546503583986,0.0007998549710882336,4.435237379505854e-05,0.000796073936883479,5500,6877337,0.0105001,True,True,True,True,True
same_asset_target_free_conservative,1000.0,4096.0,combined,1e-05,210,0.41671392376906374,0.06329340133139344,0.41671392376906374,0.3534205224376703,0.0,0.000519254736461002,9.452212440864415e-06,0.000519254736461002,7141,13754674,1.0600000000000002e-05,False,True,False,True,False
same_asset_target_free_conservative,1000.0,4096.0,combined,3e-05,210,0.41671392376906374,0.06329340133139344,0.41671392376906374,0.3534205224376703,0.0,0.000519254736461002,9.452212440864415e-06,0.000519254736461002,7141,13754674,3.16e-05,False,True,False,True,False
same_asset_target_free_conservative,1000.0,4096.0,combined,0.0001,210,0.41671392376906374,0.06329340133139344,0.41671392376906374,0.3534205224376703,0.0,0.000519254736461002,9.452212440864415e-06,0.000519254736461002,7141,13754674,0.00010510000000000001,False,True,False,True,False
same_asset_target_free_conservative,1000.0,4096.0,combined,0.0003,210,0.41671392376906374,0.06329340133139344,0.41671392376906374,0.3534205224376703,0.0,0.000519254736461002,9.452212440864415e-06,0.000519254736461002,7141,13754674,0.00031509999999999996,False,True,False,True,False
same_asset_target_free_conservative,1000.0,4096.0,combined,0.001,210,0.4204893445126785,0.0657531516085371,0.4204893445126785,0.3547361929041414,0.0,0.0005296526737485884,1.0033906841795108e-05,0.0005296526737485884,7284,13754674,0.0010501000000000002,True,True,True,True,False
same_asset_target_free_conservative,1000.0,4096.0,combined,0.003,210,0.45303542482175946,0.08171806214533062,0.45303542482175946,0.37131736267642884,0.0,0.0006186535164987059,1.5341757422292066e-05,0.0006186535164987059,8508,13754674,0.0031501,True,True,True,True,False
same_asset_target_free_conservative,1000.0,4096.0,combined,0.01,210,0.5102623905974354,0.12159898094895295,0.5102623905974354,0.38866340964848245,0.0,0.0008301025008071062,4.0789765138511033e-05,0.0008301025008071062,11416,13754674,0.0105001,True,True,True,True,False
same_asset_target_free_conservative,1000.0,4096.0,simMed_test.mat,1e-05,105,0.4399277634056081,0.05445668578193068,0.4399277634056081,0.3854710776236774,0.0,0.000602656074826218,8.434294105823042e-06,0.000602656074826218,4144,6877337,1.0600000000000002e-05,False,True,False,True,False
same_asset_target_free_conservative,1000.0,4096.0,simMed_test.mat,3e-05,105,0.4399277634056081,0.05445668578193068,0.4399277634056081,0.3854710776236774,0.0,0.000602656074826218,8.434294105823042e-06,0.000602656074826218,4144,6877337,3.16e-05,False,True,False,True,False
same_asset_target_free_conservative,1000.0,4096.0,simMed_test.mat,0.0001,105,0.4399277634056081,0.05445668578193068,0.4399277634056081,0.3854710776236774,0.0,0.000602656074826218,8.434294105823042e-06,0.000602656074826218,4144,6877337,0.00010510000000000001,False,True,False,True,False
same_asset_target_free_conservative,1000.0,4096.0,simMed_test.mat,0.0003,105,0.4399277634056081,0.05445668578193068,0.4399277634056081,0.3854710776236774,0.0,0.000602656074826218,8.434294105823042e-06,0.000602656074826218,4144,6877337,0.00031509999999999996,False,True,False,True,False
same_asset_target_free_conservative,1000.0,4096.0,simMed_test.mat,0.001,105,0.4459745610781645,0.05470088602613092,0.4459745610781645,0.3912736750520336,0.0,0.000619961585356831,8.434294105823042e-06,0.000619961585356831,4263,6877337,0.0010501000000000002,True,True,True,True,False
same_asset_target_free_conservative,1000.0,4096.0,simMed_test.mat,0.003,105,0.4657849457505103,0.0781139845070218,0.4657849457505103,0.38767096124348854,0.0,0.0006833675312517056,1.5850725438369646e-05,0.0006833675312517056,4699,6877337,0.0031501,True,True,True,True,False
same_asset_target_free_conservative,1000.0,4096.0,simMed_test.mat,0.01,105,0.5058578438401101,0.10756648816697639,0.5058578438401101,0.39829135567313373,0.0,0.0008641310647307332,3.722715648196352e-05,0.0008641310647307332,5942,6877337,0.0105001,True,True,True,True,False
same_asset_target_free_conservative,1000.0,4096.0,simWind_test.mat,1e-05,105,0.3935000841325194,0.0721301168808562,0.3935000841325194,0.3213699672516632,0.0,0.00043585339809578603,1.0470130775905792e-05,0.00043585339809578603,2997,6877337,1.0600000000000002e-05,False,True,False,True,False
same_asset_target_free_conservative,1000.0,4096.0,simWind_test.mat,3e-05,105,0.3935000841325194,0.0721301168808562,0.3935000841325194,0.3213699672516632,0.0,0.00043585339809578603,1.0470130775905792e-05,0.00043585339809578603,2997,6877337,3.16e-05,False,True,False,True,False
same_asset_target_free_conservative,1000.0,4096.0,simWind_test.mat,0.0001,105,0.3935000841325194,0.0721301168808562,0.3935000841325194,0.3213699672516632,0.0,0.00043585339809578603,1.0470130775905792e-05,0.00043585339809578603,2997,6877337,0.00010510000000000001,False,True,False,True,False
same_asset_target_free_conservative,1000.0,4096.0,simWind_test.mat,0.0003,105,0.3935000841325194,0.0721301168808562,0.3935000841325194,0.3213699672516632,0.0,0.00043585339809578603,1.0470130775905792e-05,0.00043585339809578603,2997,6877337,0.00031509999999999996,False,True,False,True,False
same_asset_target_free_conservative,1000.0,4096.0,simWind_test.mat,0.001,105,0.39500412794719236,0.07680541719094329,0.39500412794719236,0.31819871075624906,0.0,0.0004393437621403459,1.1633519577767175e-05,0.0004393437621403459,3021,6877337,0.0010501000000000002,True,True,True,True,False
same_asset_target_free_conservative,1000.0,4096.0,simWind_test.mat,0.003,105,0.44028590389300853,0.08532213978363944,0.44028590389300853,0.3549637641093691,0.0,0.0005539395017457062,1.4832789406214485e-05,0.0005539395017457062,3809,6877337,0.0031501,True,True,True,True,False
same_asset_target_free_conservative,1000.0,4096.0,simWind_test.mat,0.01,105,0.5146669373547608,0.1356314737309295,0.5146669373547608,0.3790354636238312,0.0,0.000796073936883479,4.435237379505854e-05,0.000796073936883479,5474,6877337,0.0105001,True,True,True,True,False
same_asset_target_free_conservative,1000.0,16384.0,combined,1e-05,210,0.41671392376906374,0.06329340133139344,0.41671392376906374,0.3534205224376703,0.0,0.000519254736461002,9.452212440864415e-06,0.000519254736461002,7141,13754674,1.0600000000000002e-05,False,True,False,True,False
same_asset_target_free_conservative,1000.0,16384.0,combined,3e-05,210,0.41671392376906374,0.06329340133139344,0.41671392376906374,0.3534205224376703,0.0,0.000519254736461002,9.452212440864415e-06,0.000519254736461002,7141,13754674,3.16e-05,False,True,False,True,False
same_asset_target_free_conservative,1000.0,16384.0,combined,0.0001,210,0.41671392376906374,0.06329340133139344,0.41671392376906374,0.3534205224376703,0.0,0.000519254736461002,9.452212440864415e-06,0.000519254736461002,7141,13754674,0.00010510000000000001,False,True,False,True,False
same_asset_target_free_conservative,1000.0,16384.0,combined,0.0003,210,0.41671392376906374,0.06329340133139344,0.41671392376906374,0.3534205224376703,0.0,0.000519254736461002,9.452212440864415e-06,0.000519254736461002,7141,13754674,0.00031509999999999996,False,True,False,True,False
same_asset_target_free_conservative,1000.0,16384.0,combined,0.001,210,0.4204893445126785,0.0657531516085371,0.4204893445126785,0.3547361929041414,0.0,0.0005296526737485884,1.0033906841795108e-05,0.0005296526737485884,7284,13754674,0.0010501000000000002,True,True,True,True,False
same_asset_target_free_conservative,1000.0,16384.0,combined,0.003,210,0.45303542482175946,0.08171806214533062,0.45303542482175946,0.37131736267642884,0.0,0.0006186535164987059,1.5341757422292066e-05,0.0006186535164987059,8508,13754674,0.0031501,True,True,True,True,False
same_asset_target_free_conservative,1000.0,16384.0,combined,0.01,210,0.5102623905974354,0.12159898094895295,0.5102623905974354,0.38866340964848245,0.0,0.0008301025008071062,4.0789765138511033e-05,0.0008301025008071062,11416,13754674,0.0105001,True,True,True,True,False
same_asset_target_free_conservative,1000.0,16384.0,simMed_test.mat,1e-05,105,0.4399277634056081,0.05445668578193068,0.4399277634056081,0.3854710776236774,0.0,0.000602656074826218,8.434294105823042e-06,0.000602656074826218,4144,6877337,1.0600000000000002e-05,False,True,False,True,False
same_asset_target_free_conservative,1000.0,16384.0,simMed_test.mat,3e-05,105,0.4399277634056081,0.05445668578193068,0.4399277634056081,0.3854710776236774,0.0,0.000602656074826218,8.434294105823042e-06,0.000602656074826218,4144,6877337,3.16e-05,False,True,False,True,False
same_asset_target_free_conservative,1000.0,16384.0,simMed_test.mat,0.0001,105,0.4399277634056081,0.05445668578193068,0.4399277634056081,0.3854710776236774,0.0,0.000602656074826218,8.434294105823042e-06,0.000602656074826218,4144,6877337,0.00010510000000000001,False,True,False,True,False
same_asset_target_free_conservative,1000.0,16384.0,simMed_test.mat,0.0003,105,0.4399277634056081,0.05445668578193068,0.4399277634056081,0.3854710776236774,0.0,0.000602656074826218,8.434294105823042e-06,0.000602656074826218,4144,6877337,0.00031509999999999996,False,True,False,True,False
same_asset_target_free_conservative,1000.0,16384.0,simMed_test.mat,0.001,105,0.4459745610781645,0.05470088602613092,0.4459745610781645,0.3912736750520336,0.0,0.000619961585356831,8.434294105823042e-06,0.000619961585356831,4263,6877337,0.0010501000000000002,True,True,True,True,False
same_asset_target_free_conservative,1000.0,16384.0,simMed_test.mat,0.003,105,0.4657849457505103,0.0781139845070218,0.4657849457505103,0.38767096124348854,0.0,0.0006833675312517056,1.5850725438369646e-05,0.0006833675312517056,4699,6877337,0.0031501,True,True,True,True,False
same_asset_target_free_conservative,1000.0,16384.0,simMed_test.mat,0.01,105,0.5058578438401101,0.10756648816697639,0.5058578438401101,0.39829135567313373,0.0,0.0008641310647307332,3.722715648196352e-05,0.0008641310647307332,5942,6877337,0.0105001,True,True,True,True,False
same_asset_target_free_conservative,1000.0,16384.0,simWind_test.mat,1e-05,105,0.3935000841325194,0.0721301168808562,0.3935000841325194,0.3213699672516632,0.0,0.00043585339809578603,1.0470130775905792e-05,0.00043585339809578603,2997,6877337,1.0600000000000002e-05,False,True,False,True,False
same_asset_target_free_conservative,1000.0,16384.0,simWind_test.mat,3e-05,105,0.3935000841325194,0.0721301168808562,0.3935000841325194,0.3213699672516632,0.0,0.00043585339809578603,1.0470130775905792e-05,0.00043585339809578603,2997,6877337,3.16e-05,False,True,False,True,False
same_asset_target_free_conservative,1000.0,16384.0,simWind_test.mat,0.0001,105,0.3935000841325194,0.0721301168808562,0.3935000841325194,0.3213699672516632,0.0,0.00043585339809578603,1.0470130775905792e-05,0.00043585339809578603,2997,6877337,0.00010510000000000001,False,True,False,True,False
same_asset_target_free_conservative,1000.0,16384.0,simWind_test.mat,0.0003,105,0.3935000841325194,0.0721301168808562,0.3935000841325194,0.3213699672516632,0.0,0.00043585339809578603,1.0470130775905792e-05,0.00043585339809578603,2997,6877337,0.00031509999999999996,False,True,False,True,False
same_asset_target_free_conservative,1000.0,16384.0,simWind_test.mat,0.001,105,0.39500412794719236,0.07680541719094329,0.39500412794719236,0.31819871075624906,0.0,0.0004393437621403459,1.1633519577767175e-05,0.0004393437621403459,3021,6877337,0.0010501000000000002,True,True,True,True,False
same_asset_target_free_conservative,1000.0,16384.0,simWind_test.mat,0.003,105,0.44028590389300853,0.08532213978363944,0.44028590389300853,0.3549637641093691,0.0,0.0005539395017457062,1.4832789406214485e-05,0.0005539395017457062,3809,6877337,0.0031501,True,True,True,True,False
same_asset_target_free_conservative,1000.0,16384.0,simWind_test.mat,0.01,105,0.5146669373547608,0.1356314737309295,0.5146669373547608,0.3790354636238312,0.0,0.000796073936883479,4.435237379505854e-05,0.000796073936883479,5474,6877337,0.0105001,True,True,True,True,False
same_asset_target_free_conservative,1000.0,65536.0,combined,1e-05,210,0.41671392376906374,0.06329340133139344,0.41671392376906374,0.3534205224376703,0.0,0.000519254736461002,9.452212440864415e-06,0.000519254736461002,7141,13754674,1.0600000000000002e-05,False,True,False,True,False
same_asset_target_free_conservative,1000.0,65536.0,combined,3e-05,210,0.41671392376906374,0.06329340133139344,0.41671392376906374,0.3534205224376703,0.0,0.000519254736461002,9.452212440864415e-06,0.000519254736461002,7141,13754674,3.16e-05,False,True,False,True,False
same_asset_target_free_conservative,1000.0,65536.0,combined,0.0001,210,0.41671392376906374,0.06329340133139344,0.41671392376906374,0.3534205224376703,0.0,0.000519254736461002,9.452212440864415e-06,0.000519254736461002,7141,13754674,0.00010510000000000001,False,True,False,True,False
same_asset_target_free_conservative,1000.0,65536.0,combined,0.0003,210,0.41671392376906374,0.06329340133139344,0.41671392376906374,0.3534205224376703,0.0,0.000519254736461002,9.452212440864415e-06,0.000519254736461002,7141,13754674,0.00031509999999999996,False,True,False,True,False
same_asset_target_free_conservative,1000.0,65536.0,combined,0.001,210,0.4204893445126785,0.0657531516085371,0.4204893445126785,0.3547361929041414,0.0,0.0005296526737485884,1.0033906841795108e-05,0.0005296526737485884,7284,13754674,0.0010501000000000002,True,True,True,True,False
same_asset_target_free_conservative,1000.0,65536.0,combined,0.003,210,0.45303542482175946,0.08171806214533062,0.45303542482175946,0.37131736267642884,0.0,0.0006186535164987059,1.5341757422292066e-05,0.0006186535164987059,8508,13754674,0.0031501,True,True,True,True,False
same_asset_target_free_conservative,1000.0,65536.0,combined,0.01,210,0.5102623905974354,0.12159898094895295,0.5102623905974354,0.38866340964848245,0.0,0.0008301025008071062,4.0789765138511033e-05,0.0008301025008071062,11416,13754674,0.0105001,True,True,True,True,False
same_asset_target_free_conservative,1000.0,65536.0,simMed_test.mat,1e-05,105,0.4399277634056081,0.05445668578193068,0.4399277634056081,0.3854710776236774,0.0,0.000602656074826218,8.434294105823042e-06,0.000602656074826218,4144,6877337,1.0600000000000002e-05,False,True,False,True,False
same_asset_target_free_conservative,1000.0,65536.0,simMed_test.mat,3e-05,105,0.4399277634056081,0.05445668578193068,0.4399277634056081,0.3854710776236774,0.0,0.000602656074826218,8.434294105823042e-06,0.000602656074826218,4144,6877337,3.16e-05,False,True,False,True,False
same_asset_target_free_conservative,1000.0,65536.0,simMed_test.mat,0.0001,105,0.4399277634056081,0.05445668578193068,0.4399277634056081,0.3854710776236774,0.0,0.000602656074826218,8.434294105823042e-06,0.000602656074826218,4144,6877337,0.00010510000000000001,False,True,False,True,False
same_asset_target_free_conservative,1000.0,65536.0,simMed_test.mat,0.0003,105,0.4399277634056081,0.05445668578193068,0.4399277634056081,0.3854710776236774,0.0,0.000602656074826218,8.434294105823042e-06,0.000602656074826218,4144,6877337,0.00031509999999999996,False,True,False,True,False
same_asset_target_free_conservative,1000.0,65536.0,simMed_test.mat,0.001,105,0.4459745610781645,0.05470088602613092,0.4459745610781645,0.3912736750520336,0.0,0.000619961585356831,8.434294105823042e-06,0.000619961585356831,4263,6877337,0.0010501000000000002,True,True,True,True,False
same_asset_target_free_conservative,1000.0,65536.0,simMed_test.mat,0.003,105,0.4657849457505103,0.0781139845070218,0.4657849457505103,0.38767096124348854,0.0,0.0006833675312517056,1.5850725438369646e-05,0.0006833675312517056,4699,6877337,0.0031501,True,True,True,True,False
same_asset_target_free_conservative,1000.0,65536.0,simMed_test.mat,0.01,105,0.5058578438401101,0.10756648816697639,0.5058578438401101,0.39829135567313373,0.0,0.0008641310647307332,3.722715648196352e-05,0.0008641310647307332,5942,6877337,0.0105001,True,True,True,True,False
same_asset_target_free_conservative,1000.0,65536.0,simWind_test.mat,1e-05,105,0.3935000841325194,0.0721301168808562,0.3935000841325194,0.3213699672516632,0.0,0.00043585339809578603,1.0470130775905792e-05,0.00043585339809578603,2997,6877337,1.0600000000000002e-05,False,True,False,True,False
same_asset_target_free_conservative,1000.0,65536.0,simWind_test.mat,3e-05,105,0.3935000841325194,0.0721301168808562,0.3935000841325194,0.3213699672516632,0.0,0.00043585339809578603,1.0470130775905792e-05,0.00043585339809578603,2997,6877337,3.16e-05,False,True,False,True,False
same_asset_target_free_conservative,1000.0,65536.0,simWind_test.mat,0.0001,105,0.3935000841325194,0.0721301168808562,0.3935000841325194,0.3213699672516632,0.0,0.00043585339809578603,1.0470130775905792e-05,0.00043585339809578603,2997,6877337,0.00010510000000000001,False,True,False,True,False
same_asset_target_free_conservative,1000.0,65536.0,simWind_test.mat,0.0003,105,0.3935000841325194,0.0721301168808562,0.3935000841325194,0.3213699672516632,0.0,0.00043585339809578603,1.0470130775905792e-05,0.00043585339809578603,2997,6877337,0.00031509999999999996,False,True,False,True,False
same_asset_target_free_conservative,1000.0,65536.0,simWind_test.mat,0.001,105,0.39500412794719236,0.07680541719094329,0.39500412794719236,0.31819871075624906,0.0,0.0004393437621403459,1.1633519577767175e-05,0.0004393437621403459,3021,6877337,0.0010501000000000002,True,True,True,True,False
same_asset_target_free_conservative,1000.0,65536.0,simWind_test.mat,0.003,105,0.44028590389300853,0.08532213978363944,0.44028590389300853,0.3549637641093691,0.0,0.0005539395017457062,1.4832789406214485e-05,0.0005539395017457062,3809,6877337,0.0031501,True,True,True,True,False
same_asset_target_free_conservative,1000.0,65536.0,simWind_test.mat,0.01,105,0.5146669373547608,0.1356314737309295,0.5146669373547608,0.3790354636238312,0.0,0.000796073936883479,4.435237379505854e-05,0.000796073936883479,5474,6877337,0.0105001,True,True,True,True,False
