label_budget,pfa,n_pair_observations,n_items,n_seeds,mean_delta_compact_minus_low_label_hgb,ci95_low,ci95_high,positive_fraction,nonnegative_fraction
1,1e-05,630,210,3,0.18355384081412132,0.17670379124332658,0.1898644503587677,0.9952380952380953,1.0
1,3e-05,630,210,3,0.2337330428038713,0.22659370579822907,0.2406619423656023,1.0,1.0
1,0.0001,630,210,3,0.35962393061364967,0.35164844110838556,0.3680490552226535,0.9984126984126984,0.9984126984126984
1,0.0003,630,210,3,0.47540758104001374,0.46534976338579814,0.48610348981737217,1.0,1.0
1,0.001,630,210,3,0.5566710189302283,0.5401885288922443,0.5725063189352584,0.9952380952380953,0.9952380952380953
1,0.003,630,210,3,0.4572247184047488,0.43745311863787434,0.47692875587433614,0.9841269841269841,0.9952380952380953
1,0.01,630,210,3,0.3624754940380486,0.3438775426257994,0.38094940409999645,0.9492063492063492,0.9746031746031746
2,1e-05,630,210,3,0.18284833054388305,0.17618869785787547,0.18929767952536003,0.9952380952380953,1.0
2,3e-05,630,210,3,0.23223028453328,0.22494829541685898,0.23938361968481886,0.9984126984126984,0.9984126984126984
2,0.0001,630,210,3,0.342957895318928,0.33389536980238926,0.3512291008537305,0.9936507936507937,0.9936507936507937
2,0.0003,630,210,3,0.4174342217453888,0.40587639257338015,0.42907194226032236,0.9936507936507937,0.9984126984126984
2,0.001,630,210,3,0.4277937866778757,0.41165321737976684,0.4448859343457841,0.9873015873015873,0.9968253968253968
2,0.003,630,210,3,0.38238060840996935,0.3637194890349794,0.40112864907847656,0.9650793650793651,0.9761904761904762
2,0.01,630,210,3,0.23394302961721475,0.21579001688863073,0.2519631244310047,0.8825396825396825,0.9253968253968254
4,1e-05,630,210,3,0.18153481760518012,0.17447123337385023,0.18840481022069683,0.9873015873015873,0.9936507936507937
4,3e-05,630,210,3,0.2268764214970875,0.2195698405868291,0.23437888265645013,0.9873015873015873,0.9888888888888889
4,0.0001,630,210,3,0.31721408295559045,0.3064024950256679,0.3280015536524444,0.9714285714285714,0.9793650793650793
4,0.0003,630,210,3,0.3338486047479089,0.3175932588368279,0.3496138249314496,0.9412698412698413,0.9523809523809523
4,0.001,630,210,3,0.2569870328895022,0.2362432199992447,0.27782759853606126,0.8253968253968254,0.8746031746031746
4,0.003,630,210,3,0.11563337658553695,0.10372873455713631,0.12785508223449488,0.7571428571428571,0.8238095238095238
4,0.01,630,210,3,0.024557118333738307,0.016445255170917515,0.032394406911289295,0.5793650793650794,0.6888888888888889
8,1e-05,630,210,3,0.16909702769038065,0.16141951282968317,0.1762498159826582,0.9555555555555556,0.9682539682539683
8,3e-05,630,210,3,0.2028814313018606,0.19452116316026827,0.21138930937415987,0.946031746031746,0.953968253968254
8,0.0001,630,210,3,0.23516766556637672,0.2208939992927745,0.2480317375291929,0.8873015873015873,0.9047619047619048
8,0.0003,630,210,3,0.23708741527262076,0.21961650014813705,0.2553781127705855,0.8317460317460318,0.8555555555555555
8,0.001,630,210,3,0.22294980338539144,0.2046661396284177,0.24158049523658945,0.8047619047619048,0.8523809523809524
8,0.003,630,210,3,0.1189742500208337,0.10700790298655695,0.13067454784119803,0.753968253968254,0.834920634920635
8,0.01,630,210,3,0.017138634789010575,0.009241683629207045,0.025119036570627286,0.553968253968254,0.6698412698412698
16,1e-05,630,210,3,0.1449531666919823,0.13686442683114905,0.15325169104448624,0.9,0.9031746031746032
16,3e-05,630,210,3,0.15868932569489605,0.14951940835543703,0.16808858402067783,0.8809523809523809,0.9031746031746032
16,0.0001,630,210,3,0.133878921101158,0.12225441631621524,0.14509653767137407,0.7968253968253968,0.8333333333333334
16,0.0003,630,210,3,0.07425647380637534,0.06163098703811885,0.08710832430160358,0.6571428571428571,0.7142857142857143
16,0.001,630,210,3,0.016121804389113845,0.005766434392466297,0.025906513394039397,0.4857142857142857,0.5793650793650794
16,0.003,630,210,3,0.000979560232162296,-0.006497810735580108,0.008448710976542772,0.4777777777777778,0.6063492063492063
16,0.01,630,210,3,-0.010928249979563437,-0.018439715995924255,-0.004221269897820833,0.4174603174603175,0.5492063492063493
32,1e-05,630,210,3,0.08740984361244593,0.07666086650929521,0.09793331677321293,0.7301587301587301,0.746031746031746
32,3e-05,630,210,3,0.06861436211070869,0.05648232950378297,0.08039863416718442,0.6317460317460317,0.6730158730158731
32,0.0001,630,210,3,0.0016618872354048895,-0.01123977877502682,0.013986801703294732,0.4634920634920635,0.5142857142857142
32,0.0003,630,210,3,-0.0377052704988617,-0.048253926825114674,-0.02722286103833996,0.33015873015873015,0.4158730158730159
32,0.001,630,210,3,-0.0299208647210405,-0.039080084489814405,-0.020958589599993072,0.32063492063492066,0.4301587301587302
32,0.003,630,210,3,-0.01670526309231367,-0.024688131008846672,-0.008927537645756004,0.34285714285714286,0.47619047619047616
32,0.01,630,210,3,-0.03868297489135519,-0.045313487000985746,-0.03255950528935524,0.20634920634920634,0.37936507936507935
64,1e-05,630,210,3,0.022091483028670537,0.011497184926670246,0.032515728627652764,0.5682539682539682,0.5936507936507937
64,3e-05,630,210,3,-0.008342016221824382,-0.02046742603264443,0.0030187364698868904,0.473015873015873,0.5158730158730159
64,0.0001,630,210,3,-0.06673478397762385,-0.0787186556465882,-0.055114673692988024,0.27936507936507937,0.3523809523809524
64,0.0003,630,210,3,-0.09843676567138351,-0.1103121332356959,-0.08699464860795728,0.20952380952380953,0.26666666666666666
64,0.001,630,210,3,-0.07536479060320447,-0.08472073780213754,-0.06532806443415033,0.22063492063492063,0.3047619047619048
64,0.003,630,210,3,-0.04856701424825677,-0.056818500407419106,-0.04072102425943918,0.25396825396825395,0.36507936507936506
64,0.01,630,210,3,-0.04958307451547577,-0.05700685925761684,-0.04303575741792052,0.1761904761904762,0.3126984126984127
128,1e-05,630,210,3,-0.08399425611081719,-0.09602043584729457,-0.07154335721598791,0.27936507936507937,0.3047619047619048
128,3e-05,630,210,3,-0.12405228910516379,-0.1363412088184071,-0.11092353390520919,0.19047619047619047,0.22380952380952382
128,0.0001,630,210,3,-0.17823908731067725,-0.19027580084750148,-0.16671685378548623,0.08571428571428572,0.1111111111111111
128,0.0003,630,210,3,-0.16676816626608332,-0.17818533040370751,-0.15561337994261085,0.10158730158730159,0.14444444444444443
128,0.001,630,210,3,-0.11464971807909763,-0.12359497940767603,-0.10510402764674646,0.1126984126984127,0.20317460317460317
128,0.003,630,210,3,-0.06947641939890317,-0.07709661023016995,-0.06199574593559484,0.15714285714285714,0.23809523809523808
128,0.01,630,210,3,-0.056450819698379374,-0.0630608570745359,-0.049895913284541654,0.1349206349206349,0.2523809523809524
256,1e-05,630,210,3,-0.07394618009840394,-0.0883911706009151,-0.05981458458950985,0.3349206349206349,0.36507936507936506
256,3e-05,630,210,3,-0.14652655897954223,-0.16010617513876066,-0.13300779783570027,0.1634920634920635,0.21428571428571427
256,0.0001,630,210,3,-0.22860961322792245,-0.24071691696548914,-0.21630408786626965,0.03968253968253968,0.06190476190476191
256,0.0003,630,210,3,-0.20878528325304369,-0.21986213521194908,-0.1970234676284395,0.06031746031746032,0.09047619047619047
256,0.001,630,210,3,-0.13145843213163366,-0.13992830707854276,-0.12319064013085869,0.05714285714285714,0.12857142857142856
256,0.003,630,210,3,-0.07794405164684032,-0.08557115913992157,-0.07055579933909997,0.10793650793650794,0.20317460317460317
256,0.01,630,210,3,-0.06397643001219089,-0.07076842142795955,-0.0576224603094222,0.1,0.21587301587301588
512,1e-05,630,210,3,-0.11738411258089076,-0.13240349886607505,-0.10183204137031959,0.2873015873015873,0.30793650793650795
512,3e-05,630,210,3,-0.18036380039206565,-0.1957017682623544,-0.16670929943112253,0.1492063492063492,0.1761904761904762
512,0.0001,630,210,3,-0.25787759724603604,-0.27114120636397393,-0.24457998625234645,0.03333333333333333,0.06507936507936508
512,0.0003,630,210,3,-0.22028279040937548,-0.2315803099721432,-0.2079155878430148,0.046031746031746035,0.07777777777777778
512,0.001,630,210,3,-0.13566052116742386,-0.1445761915928258,-0.12691446765674072,0.06190476190476191,0.13174603174603175
512,0.003,630,210,3,-0.08149562326718993,-0.08926567125881157,-0.073596026289133,0.11746031746031746,0.20634920634920634
512,0.01,630,210,3,-0.06718885425129728,-0.07447766522535888,-0.06052668488003657,0.10317460317460317,0.20476190476190476
all,1e-05,630,210,3,-0.17008734112037724,-0.18561441075534416,-0.1545259904766006,0.19523809523809524,0.21904761904761905
all,3e-05,630,210,3,-0.22561584924313902,-0.24131002427080658,-0.21075187269765214,0.10793650793650794,0.12698412698412698
all,0.0001,630,210,3,-0.29061148413242693,-0.30466896701386975,-0.27722810371025763,0.01904761904761905,0.03650793650793651
all,0.0003,630,210,3,-0.25513198113274227,-0.2669080413073143,-0.24318741520630957,0.014285714285714285,0.0380952380952381
all,0.001,630,210,3,-0.16559804369914685,-0.17465008307508426,-0.1571511075647245,0.011111111111111112,0.046031746031746035
all,0.003,630,210,3,-0.10787541898049467,-0.11640207794496779,-0.10041353468091073,0.03650793650793651,0.10476190476190476
all,0.01,630,210,3,-0.09308100392220768,-0.10068739005587511,-0.08612355908768327,0.023809523809523808,0.07936507936507936
