method,subset,rank,pfa_target,pd_mean,pfa_mean,threshold_mean,clutter_attenuation_db,target_loss_db,target_retention_ratio,residual_target_to_clutter_ratio,score_mean,item_count,target_pixel_count,bg_pixel_count
low_rank_residual,simMed,1,1e-05,0.046511627906976744,1.526880735345762e-05,8251.133521405529,2.197127512609947,0.9251451170086279,0.8081379251964151,0.08189417655646815,34.23211685321978,1,43,65493
low_rank_residual,simMed,1,3e-05,0.11627906976744186,3.053761470691524e-05,5910.141685497246,2.197127512609947,0.9251451170086279,0.8081379251964151,0.08189417655646815,34.23211685321978,1,43,65493
low_rank_residual,simMed,1,0.0001,0.18604651162790697,0.00010688165147420336,4003.014377201115,2.197127512609947,0.9251451170086279,0.8081379251964151,0.08189417655646815,34.23211685321978,1,43,65493
low_rank_residual,simMed,1,0.0003,0.32558139534883723,0.00030537614706915243,2534.403488357843,2.197127512609947,0.9251451170086279,0.8081379251964151,0.08189417655646815,34.23211685321978,1,43,65493
low_rank_residual,simMed,1,0.001,0.32558139534883723,0.001007741285328203,1780.584078351959,2.197127512609947,0.9251451170086279,0.8081379251964151,0.08189417655646815,34.23211685321978,1,43,65493
low_rank_residual,simMed,1,0.003,0.4883720930232558,0.0030079550486311513,1177.6908727462417,2.197127512609947,0.9251451170086279,0.8081379251964151,0.08189417655646815,34.23211685321978,1,43,65493
low_rank_residual,simMed,1,0.01,0.5813953488372093,0.010001068816514741,653.2508852372234,2.197127512609947,0.9251451170086279,0.8081379251964151,0.08189417655646815,34.23211685321978,1,43,65493
low_rank_residual,simMed,2,1e-05,0.046511627906976744,1.526880735345762e-05,8240.95541527345,4.06377243501766,1.9112130874097375,0.643989358900659,0.1003022593169403,22.272515186240717,1,43,65493
low_rank_residual,simMed,2,3e-05,0.09302325581395349,3.053761470691524e-05,5904.90380653906,4.06377243501766,1.9112130874097375,0.643989358900659,0.1003022593169403,22.272515186240717,1,43,65493
low_rank_residual,simMed,2,0.0001,0.18604651162790697,0.00010688165147420336,3980.422841136292,4.06377243501766,1.9112130874097375,0.643989358900659,0.1003022593169403,22.272515186240717,1,43,65493
low_rank_residual,simMed,2,0.0003,0.32558139534883723,0.00030537614706915243,1882.0197625815604,4.06377243501766,1.9112130874097375,0.643989358900659,0.1003022593169403,22.272515186240717,1,43,65493
low_rank_residual,simMed,2,0.001,0.5581395348837209,0.001007741285328203,948.5861146378589,4.06377243501766,1.9112130874097375,0.643989358900659,0.1003022593169403,22.272515186240717,1,43,65493
low_rank_residual,simMed,2,0.003,0.5813953488372093,0.0030079550486311513,588.978652428945,4.06377243501766,1.9112130874097375,0.643989358900659,0.1003022593169403,22.272515186240717,1,43,65493
low_rank_residual,simMed,2,0.01,0.7674418604651163,0.010001068816514741,313.82187791560216,4.06377243501766,1.9112130874097375,0.643989358900659,0.1003022593169403,22.272515186240717,1,43,65493
low_rank_residual,simMed,3,1e-05,0.046511627906976744,1.526880735345762e-05,8220.36667097366,5.494378977268472,2.479741206168032,0.5649706401170135,0.1223259389487986,16.021700517091794,1,43,65493
low_rank_residual,simMed,3,3e-05,0.09302325581395349,3.053761470691524e-05,5905.610275567493,5.494378977268472,2.479741206168032,0.5649706401170135,0.1223259389487986,16.021700517091794,1,43,65493
low_rank_residual,simMed,3,0.0001,0.18604651162790697,0.00010688165147420336,3971.4182864894683,5.494378977268472,2.479741206168032,0.5649706401170135,0.1223259389487986,16.021700517091794,1,43,65493
low_rank_residual,simMed,3,0.0003,0.32558139534883723,0.00030537614706915243,1865.8897171564097,5.494378977268472,2.479741206168032,0.5649706401170135,0.1223259389487986,16.021700517091794,1,43,65493
low_rank_residual,simMed,3,0.001,0.6976744186046512,0.001007741285328203,510.546608542724,5.494378977268472,2.479741206168032,0.5649706401170135,0.1223259389487986,16.021700517091794,1,43,65493
low_rank_residual,simMed,3,0.003,0.7441860465116279,0.0030079550486311513,311.5265010773774,5.494378977268472,2.479741206168032,0.5649706401170135,0.1223259389487986,16.021700517091794,1,43,65493
low_rank_residual,simMed,3,0.01,0.8604651162790697,0.010001068816514741,168.45361161088005,5.494378977268472,2.479741206168032,0.5649706401170135,0.1223259389487986,16.021700517091794,1,43,65493
low_rank_residual,simMed,5,1e-05,0.046511627906976744,1.526880735345762e-05,8143.263063957227,7.22613762068999,3.714524677454696,0.4251552362492702,0.1371563992816932,10.753076739369304,1,43,65493
low_rank_residual,simMed,5,3e-05,0.09302325581395349,3.053761470691524e-05,5870.939176578246,7.22613762068999,3.714524677454696,0.4251552362492702,0.1371563992816932,10.753076739369304,1,43,65493
low_rank_residual,simMed,5,0.0001,0.18604651162790697,0.00010688165147420336,3953.1533001003054,7.22613762068999,3.714524677454696,0.4251552362492702,0.1371563992816932,10.753076739369304,1,43,65493
low_rank_residual,simMed,5,0.0003,0.32558139534883723,0.00030537614706915243,1838.9273792824267,7.22613762068999,3.714524677454696,0.4251552362492702,0.1371563992816932,10.753076739369304,1,43,65493
low_rank_residual,simMed,5,0.001,0.7441860465116279,0.001007741285328203,363.18470159348675,7.22613762068999,3.714524677454696,0.4251552362492702,0.1371563992816932,10.753076739369304,1,43,65493
low_rank_residual,simMed,5,0.003,0.8604651162790697,0.0030079550486311513,161.71681086626236,7.22613762068999,3.714524677454696,0.4251552362492702,0.1371563992816932,10.753076739369304,1,43,65493
low_rank_residual,simMed,5,0.01,0.9767441860465116,0.010001068816514741,80.47429049792636,7.22613762068999,3.714524677454696,0.4251552362492702,0.1371563992816932,10.753076739369304,1,43,65493
low_rank_residual,simMed,8,1e-05,0.046511627906976744,1.526880735345762e-05,7391.623815620507,8.436671749760873,5.939136668741563,0.25473365856880337,0.10859461476017146,8.137281351459102,1,43,65493
low_rank_residual,simMed,8,3e-05,0.11627906976744186,3.053761470691524e-05,4660.057433140244,8.436671749760873,5.939136668741563,0.25473365856880337,0.10859461476017146,8.137281351459102,1,43,65493
low_rank_residual,simMed,8,0.0001,0.20930232558139536,0.00010688165147420336,2738.6410721376014,8.436671749760873,5.939136668741563,0.25473365856880337,0.10859461476017146,8.137281351459102,1,43,65493
low_rank_residual,simMed,8,0.0003,0.4418604651162791,0.00030537614706915243,1110.6647867521926,8.436671749760873,5.939136668741563,0.25473365856880337,0.10859461476017146,8.137281351459102,1,43,65493
low_rank_residual,simMed,8,0.001,0.6976744186046512,0.001007741285328203,273.4460224107593,8.436671749760873,5.939136668741563,0.25473365856880337,0.10859461476017146,8.137281351459102,1,43,65493
low_rank_residual,simMed,8,0.003,0.9767441860465116,0.0030079550486311513,78.57735097829301,8.436671749760873,5.939136668741563,0.25473365856880337,0.10859461476017146,8.137281351459102,1,43,65493
low_rank_residual,simMed,8,0.01,1.0,0.010001068816514741,45.27556176628296,8.436671749760873,5.939136668741563,0.25473365856880337,0.10859461476017146,8.137281351459102,1,43,65493
low_rank_residual,simMed,10,1e-05,0.09302325581395349,1.526880735345762e-05,4106.562176947363,9.009307307198888,7.471459898495269,0.17900040357807595,0.08706418154712216,7.13207294713192,1,43,65493
low_rank_residual,simMed,10,3e-05,0.11627906976744186,3.053761470691524e-05,3708.2712061232714,9.009307307198888,7.471459898495269,0.17900040357807595,0.08706418154712216,7.13207294713192,1,43,65493
low_rank_residual,simMed,10,0.0001,0.23255813953488372,0.00010688165147420336,2125.7455466323895,9.009307307198888,7.471459898495269,0.17900040357807595,0.08706418154712216,7.13207294713192,1,43,65493
low_rank_residual,simMed,10,0.0003,0.5116279069767442,0.00030537614706915243,925.0622172062142,9.009307307198888,7.471459898495269,0.17900040357807595,0.08706418154712216,7.13207294713192,1,43,65493
low_rank_residual,simMed,10,0.001,0.7441860465116279,0.001007741285328203,221.59625538898175,9.009307307198888,7.471459898495269,0.17900040357807595,0.08706418154712216,7.13207294713192,1,43,65493
low_rank_residual,simMed,10,0.003,0.9534883720930233,0.0030079550486311513,69.13737594185555,9.009307307198888,7.471459898495269,0.17900040357807595,0.08706418154712216,7.13207294713192,1,43,65493
low_rank_residual,simMed,10,0.01,0.9767441860465116,0.010001068816514741,37.83356498418349,9.009307307198888,7.471459898495269,0.17900040357807595,0.08706418154712216,7.13207294713192,1,43,65493
low_rank_residual,simMed,15,1e-05,0.06976744186046512,1.526880735345762e-05,2996.8888674880704,10.17746739443716,10.236167794207978,0.09470724876287921,0.06028159584028671,5.450040979293172,1,43,65493
low_rank_residual,simMed,15,3e-05,0.18604651162790697,3.053761470691524e-05,2210.8087596168566,10.17746739443716,10.236167794207978,0.09470724876287921,0.06028159584028671,5.450040979293172,1,43,65493
low_rank_residual,simMed,15,0.0001,0.23255813953488372,0.00010688165147420336,1640.6512765117818,10.17746739443716,10.236167794207978,0.09470724876287921,0.06028159584028671,5.450040979293172,1,43,65493
low_rank_residual,simMed,15,0.0003,0.5116279069767442,0.00030537614706915243,756.8536418543414,10.17746739443716,10.236167794207978,0.09470724876287921,0.06028159584028671,5.450040979293172,1,43,65493
low_rank_residual,simMed,15,0.001,0.7441860465116279,0.001007741285328203,214.65453096152555,10.17746739443716,10.236167794207978,0.09470724876287921,0.06028159584028671,5.450040979293172,1,43,65493
low_rank_residual,simMed,15,0.003,0.9767441860465116,0.0030079550486311513,48.88130508683599,10.17746739443716,10.236167794207978,0.09470724876287921,0.06028159584028671,5.450040979293172,1,43,65493
low_rank_residual,simMed,15,0.01,0.9767441860465116,0.010001068816514741,22.867065935402376,10.17746739443716,10.236167794207978,0.09470724876287921,0.06028159584028671,5.450040979293172,1,43,65493
low_rank_residual,simMed,20,1e-05,0.13953488372093023,1.526880735345762e-05,1438.8292450966103,11.26835218414895,13.905995519867488,0.04068182694210805,0.03328821036489368,4.239467290369253,1,43,65493
low_rank_residual,simMed,20,3e-05,0.20930232558139536,3.053761470691524e-05,1150.4511124470991,11.26835218414895,13.905995519867488,0.04068182694210805,0.03328821036489368,4.239467290369253,1,43,65493
low_rank_residual,simMed,20,0.0001,0.3023255813953488,0.00010688165147420336,964.2683688397872,11.26835218414895,13.905995519867488,0.04068182694210805,0.03328821036489368,4.239467290369253,1,43,65493
low_rank_residual,simMed,20,0.0003,0.4418604651162791,0.00030537614706915243,427.5040924563759,11.26835218414895,13.905995519867488,0.04068182694210805,0.03328821036489368,4.239467290369253,1,43,65493
low_rank_residual,simMed,20,0.001,0.7674418604651163,0.001007741285328203,132.16712110978702,11.26835218414895,13.905995519867488,0.04068182694210805,0.03328821036489368,4.239467290369253,1,43,65493
low_rank_residual,simMed,20,0.003,0.9534883720930233,0.0030079550486311513,35.78077130032249,11.26835218414895,13.905995519867488,0.04068182694210805,0.03328821036489368,4.239467290369253,1,43,65493
low_rank_residual,simMed,20,0.01,0.9534883720930233,0.010001068816514741,19.47430355338587,11.26835218414895,13.905995519867488,0.04068182694210805,0.03328821036489368,4.239467290369253,1,43,65493
low_rank_residual,simMed,30,1e-05,0.13953488372093023,1.526880735345762e-05,802.846272662242,12.95069140341474,19.525238054130504,0.011155170037379755,0.013446217001206223,2.8779110511938004,1,43,65493
low_rank_residual,simMed,30,3e-05,0.16279069767441862,3.053761470691524e-05,686.1564991900859,12.95069140341474,19.525238054130504,0.011155170037379755,0.013446217001206223,2.8779110511938004,1,43,65493
low_rank_residual,simMed,30,0.0001,0.23255813953488372,0.00010688165147420336,394.85698953163865,12.95069140341474,19.525238054130504,0.011155170037379755,0.013446217001206223,2.8779110511938004,1,43,65493
low_rank_residual,simMed,30,0.0003,0.46511627906976744,0.00030537614706915243,167.6233668881951,12.95069140341474,19.525238054130504,0.011155170037379755,0.013446217001206223,2.8779110511938004,1,43,65493
low_rank_residual,simMed,30,0.001,0.7674418604651163,0.001007741285328203,70.78746984367343,12.95069140341474,19.525238054130504,0.011155170037379755,0.013446217001206223,2.8779110511938004,1,43,65493
low_rank_residual,simMed,30,0.003,0.9534883720930233,0.0030079550486311513,25.740363614672184,12.95069140341474,19.525238054130504,0.011155170037379755,0.013446217001206223,2.8779110511938004,1,43,65493
low_rank_residual,simMed,30,0.01,0.9534883720930233,0.010001068816514741,13.508083448682333,12.95069140341474,19.525238054130504,0.011155170037379755,0.013446217001206223,2.8779110511938004,1,43,65493
low_rank_residual,simNoiseOnly,1,1e-05,0.06976744186046512,1.526880735345762e-05,6005.741754841515,0.062012672875241884,0.9251451170086279,0.8081379251964151,0.03159676559360418,88.72462003030927,1,43,65493
low_rank_residual,simNoiseOnly,1,3e-05,0.13953488372093023,3.053761470691524e-05,4431.499559958235,0.062012672875241884,0.9251451170086279,0.8081379251964151,0.03159676559360418,88.72462003030927,1,43,65493
low_rank_residual,simNoiseOnly,1,0.0001,0.18604651162790697,0.00010688165147420336,2690.235756660743,0.062012672875241884,0.9251451170086279,0.8081379251964151,0.03159676559360418,88.72462003030927,1,43,65493
low_rank_residual,simNoiseOnly,1,0.0003,0.37209302325581395,0.00030537614706915243,1662.7625293687563,0.062012672875241884,0.9251451170086279,0.8081379251964151,0.03159676559360418,88.72462003030927,1,43,65493
low_rank_residual,simNoiseOnly,1,0.001,0.7674418604651163,0.001007741285328203,422.02090125155473,0.062012672875241884,0.9251451170086279,0.8081379251964151,0.03159676559360418,88.72462003030927,1,43,65493
low_rank_residual,simNoiseOnly,1,0.003,0.8372093023255814,0.0030079550486311513,228.90352551032456,0.062012672875241884,0.9251451170086279,0.8081379251964151,0.03159676559360418,88.72462003030927,1,43,65493
low_rank_residual,simNoiseOnly,1,0.01,0.8837209302325582,0.010001068816514741,191.54359416495137,0.062012672875241884,0.9251451170086279,0.8081379251964151,0.03159676559360418,88.72462003030927,1,43,65493
low_rank_residual,simNoiseOnly,2,1e-05,0.11627906976744186,1.526880735345762e-05,4525.824757493475,0.12240741926522214,1.9112130874097375,0.643989358900659,0.02553143974900723,87.49931910666137,1,43,65493
low_rank_residual,simNoiseOnly,2,3e-05,0.11627906976744186,3.053761470691524e-05,3720.9396189320605,0.12240741926522214,1.9112130874097375,0.643989358900659,0.02553143974900723,87.49931910666137,1,43,65493
low_rank_residual,simNoiseOnly,2,0.0001,0.23255813953488372,0.00010688165147420336,2431.87346071157,0.12240741926522214,1.9112130874097375,0.643989358900659,0.02553143974900723,87.49931910666137,1,43,65493
low_rank_residual,simNoiseOnly,2,0.0003,0.46511627906976744,0.00030537614706915243,1087.9368553179156,0.12240741926522214,1.9112130874097375,0.643989358900659,0.02553143974900723,87.49931910666137,1,43,65493
low_rank_residual,simNoiseOnly,2,0.001,0.7674418604651163,0.001007741285328203,332.8380995874383,0.12240741926522214,1.9112130874097375,0.643989358900659,0.02553143974900723,87.49931910666137,1,43,65493
low_rank_residual,simNoiseOnly,2,0.003,0.8372093023255814,0.0030079550486311513,224.18575233355432,0.12240741926522214,1.9112130874097375,0.643989358900659,0.02553143974900723,87.49931910666137,1,43,65493
low_rank_residual,simNoiseOnly,2,0.01,0.8837209302325582,0.010001068816514741,189.84138815220524,0.12240741926522214,1.9112130874097375,0.643989358900659,0.02553143974900723,87.49931910666137,1,43,65493
low_rank_residual,simNoiseOnly,3,1e-05,0.11627906976744186,1.526880735345762e-05,3922.0540250518907,0.17627513813171658,2.479741206168032,0.5649706401170135,0.022678235762578623,86.420724249802,1,43,65493
low_rank_residual,simNoiseOnly,3,3e-05,0.11627906976744186,3.053761470691524e-05,3408.279329744822,0.17627513813171658,2.479741206168032,0.5649706401170135,0.022678235762578623,86.420724249802,1,43,65493
low_rank_residual,simNoiseOnly,3,0.0001,0.2558139534883721,0.00010688165147420336,2130.1036384889576,0.17627513813171658,2.479741206168032,0.5649706401170135,0.022678235762578623,86.420724249802,1,43,65493
low_rank_residual,simNoiseOnly,3,0.0003,0.46511627906976744,0.00030537614706915243,1036.059476733117,0.17627513813171658,2.479741206168032,0.5649706401170135,0.022678235762578623,86.420724249802,1,43,65493
low_rank_residual,simNoiseOnly,3,0.001,0.7674418604651163,0.001007741285328203,331.3433708862451,0.17627513813171658,2.479741206168032,0.5649706401170135,0.022678235762578623,86.420724249802,1,43,65493
low_rank_residual,simNoiseOnly,3,0.003,0.8372093023255814,0.0030079550486311513,220.91791627840908,0.17627513813171658,2.479741206168032,0.5649706401170135,0.022678235762578623,86.420724249802,1,43,65493
low_rank_residual,simNoiseOnly,3,0.01,0.8837209302325582,0.010001068816514741,187.52278148748192,0.17627513813171658,2.479741206168032,0.5649706401170135,0.022678235762578623,86.420724249802,1,43,65493
low_rank_residual,simNoiseOnly,5,1e-05,0.09302325581395349,1.526880735345762e-05,3252.5073704923398,0.28036604372316365,3.714524677454696,0.4251552362492702,0.017479942887820534,84.37403349866632,1,43,65493
low_rank_residual,simNoiseOnly,5,3e-05,0.13953488372093023,3.053761470691524e-05,2593.5347097347826,0.28036604372316365,3.714524677454696,0.4251552362492702,0.017479942887820534,84.37403349866632,1,43,65493
low_rank_residual,simNoiseOnly,5,0.0001,0.27906976744186046,0.00010688165147420336,1803.5649236159013,0.28036604372316365,3.714524677454696,0.4251552362492702,0.017479942887820534,84.37403349866632,1,43,65493
low_rank_residual,simNoiseOnly,5,0.0003,0.4418604651162791,0.00030537614706915243,1028.9554145701052,0.28036604372316365,3.714524677454696,0.4251552362492702,0.017479942887820534,84.37403349866632,1,43,65493
low_rank_residual,simNoiseOnly,5,0.001,0.7674418604651163,0.001007741285328203,315.6136321856686,0.28036604372316365,3.714524677454696,0.4251552362492702,0.017479942887820534,84.37403349866632,1,43,65493
low_rank_residual,simNoiseOnly,5,0.003,0.8372093023255814,0.0030079550486311513,214.6525199488765,0.28036604372316365,3.714524677454696,0.4251552362492702,0.017479942887820534,84.37403349866632,1,43,65493
low_rank_residual,simNoiseOnly,5,0.01,0.8604651162790697,0.010001068816514741,183.71445770418964,0.28036604372316365,3.714524677454696,0.4251552362492702,0.017479942887820534,84.37403349866632,1,43,65493
low_rank_residual,simNoiseOnly,8,1e-05,0.11627906976744186,1.526880735345762e-05,2300.760033124824,0.4329955939565676,5.939136668741563,0.25473365856880337,0.010847802389916748,81.46027202507955,1,43,65493
low_rank_residual,simNoiseOnly,8,3e-05,0.18604651162790697,3.053761470691524e-05,2128.205292663829,0.4329955939565676,5.939136668741563,0.25473365856880337,0.010847802389916748,81.46027202507955,1,43,65493
low_rank_residual,simNoiseOnly,8,0.0001,0.3488372093023256,0.00010688165147420336,1322.3119455730387,0.4329955939565676,5.939136668741563,0.25473365856880337,0.010847802389916748,81.46027202507955,1,43,65493
low_rank_residual,simNoiseOnly,8,0.0003,0.46511627906976744,0.00030537614706915243,800.0239101227367,0.4329955939565676,5.939136668741563,0.25473365856880337,0.010847802389916748,81.46027202507955,1,43,65493
low_rank_residual,simNoiseOnly,8,0.001,0.7441860465116279,0.001007741285328203,277.29164134125995,0.4329955939565676,5.939136668741563,0.25473365856880337,0.010847802389916748,81.46027202507955,1,43,65493
low_rank_residual,simNoiseOnly,8,0.003,0.8372093023255814,0.0030079550486311513,206.19972197693247,0.4329955939565676,5.939136668741563,0.25473365856880337,0.010847802389916748,81.46027202507955,1,43,65493
low_rank_residual,simNoiseOnly,8,0.01,0.8372093023255814,0.010001068816514741,177.8278208733186,0.4329955939565676,5.939136668741563,0.25473365856880337,0.010847802389916748,81.46027202507955,1,43,65493
low_rank_residual,simNoiseOnly,10,1e-05,0.11627906976744186,1.526880735345762e-05,2097.399910154427,0.533648458055352,7.471459898495269,0.17900040357807595,0.0078014392082998525,79.59404377795735,1,43,65493
low_rank_residual,simNoiseOnly,10,3e-05,0.13953488372093023,3.053761470691524e-05,2011.7633837371602,0.533648458055352,7.471459898495269,0.17900040357807595,0.0078014392082998525,79.59404377795735,1,43,65493
low_rank_residual,simNoiseOnly,10,0.0001,0.3488372093023256,0.00010688165147420336,1272.19219300531,0.533648458055352,7.471459898495269,0.17900040357807595,0.0078014392082998525,79.59404377795735,1,43,65493
low_rank_residual,simNoiseOnly,10,0.0003,0.46511627906976744,0.00030537614706915243,732.3614135337419,0.533648458055352,7.471459898495269,0.17900040357807595,0.0078014392082998525,79.59404377795735,1,43,65493
low_rank_residual,simNoiseOnly,10,0.001,0.7441860465116279,0.001007741285328203,269.0915703508805,0.533648458055352,7.471459898495269,0.17900040357807595,0.0078014392082998525,79.59404377795735,1,43,65493
low_rank_residual,simNoiseOnly,10,0.003,0.8372093023255814,0.0030079550486311513,203.75760114321102,0.533648458055352,7.471459898495269,0.17900040357807595,0.0078014392082998525,79.59404377795735,1,43,65493
low_rank_residual,simNoiseOnly,10,0.01,0.8372093023255814,0.010001068816514741,173.559871589592,0.533648458055352,7.471459898495269,0.17900040357807595,0.0078014392082998525,79.59404377795735,1,43,65493
low_rank_residual,simNoiseOnly,15,1e-05,0.09302325581395349,1.526880735345762e-05,1787.9804382542418,0.7800752595435155,10.236167794207978,0.09470724876287921,0.004368643634493466,75.20347162967906,1,43,65493
low_rank_residual,simNoiseOnly,15,3e-05,0.13953488372093023,3.053761470691524e-05,1634.7545338168775,0.7800752595435155,10.236167794207978,0.09470724876287921,0.004368643634493466,75.20347162967906,1,43,65493
low_rank_residual,simNoiseOnly,15,0.0001,0.3953488372093023,0.00010688165147420336,952.4355928380894,0.7800752595435155,10.236167794207978,0.09470724876287921,0.004368643634493466,75.20347162967906,1,43,65493
low_rank_residual,simNoiseOnly,15,0.0003,0.4883720930232558,0.00030537614706915243,579.3416646713738,0.7800752595435155,10.236167794207978,0.09470724876287921,0.004368643634493466,75.20347162967906,1,43,65493
low_rank_residual,simNoiseOnly,15,0.001,0.7674418604651163,0.001007741285328203,237.66945219570803,0.7800752595435155,10.236167794207978,0.09470724876287921,0.004368643634493466,75.20347162967906,1,43,65493
low_rank_residual,simNoiseOnly,15,0.003,0.8372093023255814,0.0030079550486311513,191.9098594856132,0.7800752595435155,10.236167794207978,0.09470724876287921,0.004368643634493466,75.20347162967906,1,43,65493
low_rank_residual,simNoiseOnly,15,0.01,0.8604651162790697,0.010001068816514741,163.45234870651515,0.7800752595435155,10.236167794207978,0.09470724876287921,0.004368643634493466,75.20347162967906,1,43,65493
low_rank_residual,simNoiseOnly,20,1e-05,0.11627906976744186,1.526880735345762e-05,1421.9710771497598,1.0222449743378639,13.905995519867488,0.04068182694210805,0.001984178859657878,71.12477703812559,1,43,65493
low_rank_residual,simNoiseOnly,20,3e-05,0.27906976744186046,3.053761470691524e-05,1155.0841365516321,1.0222449743378639,13.905995519867488,0.04068182694210805,0.001984178859657878,71.12477703812559,1,43,65493
low_rank_residual,simNoiseOnly,20,0.0001,0.3953488372093023,0.00010688165147420336,776.2697589798348,1.0222449743378639,13.905995519867488,0.04068182694210805,0.001984178859657878,71.12477703812559,1,43,65493
low_rank_residual,simNoiseOnly,20,0.0003,0.46511627906976744,0.00030537614706915243,466.4641176727924,1.0222449743378639,13.905995519867488,0.04068182694210805,0.001984178859657878,71.12477703812559,1,43,65493
low_rank_residual,simNoiseOnly,20,0.001,0.7674418604651163,0.001007741285328203,217.71195150382093,1.0222449743378639,13.905995519867488,0.04068182694210805,0.001984178859657878,71.12477703812559,1,43,65493
low_rank_residual,simNoiseOnly,20,0.003,0.813953488372093,0.0030079550486311513,180.52458107162886,1.0222449743378639,13.905995519867488,0.04068182694210805,0.001984178859657878,71.12477703812559,1,43,65493
low_rank_residual,simNoiseOnly,20,0.01,0.8604651162790697,0.010001068816514741,155.950750945569,1.0222449743378639,13.905995519867488,0.04068182694210805,0.001984178859657878,71.12477703812559,1,43,65493
low_rank_residual,simNoiseOnly,30,1e-05,0.16279069767441862,1.526880735345762e-05,1028.6928358480818,1.5058581610940693,19.525238054130504,0.011155170037379755,0.0006081600436090659,63.62965951345727,1,43,65493
low_rank_residual,simNoiseOnly,30,3e-05,0.23255813953488372,3.053761470691524e-05,931.7422928664663,1.5058581610940693,19.525238054130504,0.011155170037379755,0.0006081600436090659,63.62965951345727,1,43,65493
low_rank_residual,simNoiseOnly,30,0.0001,0.4418604651162791,0.00010688165147420336,554.3133995242562,1.5058581610940693,19.525238054130504,0.011155170037379755,0.0006081600436090659,63.62965951345727,1,43,65493
low_rank_residual,simNoiseOnly,30,0.0003,0.627906976744186,0.00030537614706915243,334.9241901382619,1.5058581610940693,19.525238054130504,0.011155170037379755,0.0006081600436090659,63.62965951345727,1,43,65493
low_rank_residual,simNoiseOnly,30,0.001,0.7441860465116279,0.001007741285328203,190.93031744736606,1.5058581610940693,19.525238054130504,0.011155170037379755,0.0006081600436090659,63.62965951345727,1,43,65493
low_rank_residual,simNoiseOnly,30,0.003,0.7906976744186046,0.0030079550486311513,161.9569317024632,1.5058581610940693,19.525238054130504,0.011155170037379755,0.0006081600436090659,63.62965951345727,1,43,65493
low_rank_residual,simNoiseOnly,30,0.01,0.8604651162790697,0.010001068816514741,139.5562440306498,1.5058581610940693,19.525238054130504,0.011155170037379755,0.0006081600436090659,63.62965951345727,1,43,65493
low_rank_residual,simWind,1,1e-05,0.046511627906976744,1.526880735345762e-05,8269.558412891682,2.012445754813188,0.9251451170086279,0.8081379251964151,0.09514183271614449,29.465598269934414,1,43,65493
low_rank_residual,simWind,1,3e-05,0.11627906976744186,3.053761470691524e-05,5884.2647479208,2.012445754813188,0.9251451170086279,0.8081379251964151,0.09514183271614449,29.465598269934414,1,43,65493
low_rank_residual,simWind,1,0.0001,0.20930232558139536,0.00010688165147420336,4012.3879509391227,2.012445754813188,0.9251451170086279,0.8081379251964151,0.09514183271614449,29.465598269934414,1,43,65493
low_rank_residual,simWind,1,0.0003,0.32558139534883723,0.00030537614706915243,2066.042682470112,2.012445754813188,0.9251451170086279,0.8081379251964151,0.09514183271614449,29.465598269934414,1,43,65493
low_rank_residual,simWind,1,0.001,0.46511627906976744,0.001007741285328203,1304.8513689583863,2.012445754813188,0.9251451170086279,0.8081379251964151,0.09514183271614449,29.465598269934414,1,43,65493
low_rank_residual,simWind,1,0.003,0.5813953488372093,0.0030079550486311513,881.3660017602534,2.012445754813188,0.9251451170086279,0.8081379251964151,0.09514183271614449,29.465598269934414,1,43,65493
low_rank_residual,simWind,1,0.01,0.6976744186046512,0.010001068816514741,501.3628950705617,2.012445754813188,0.9251451170086279,0.8081379251964151,0.09514183271614449,29.465598269934414,1,43,65493
low_rank_residual,simWind,2,1e-05,0.046511627906976744,1.526880735345762e-05,8263.484964062562,3.583955851400142,1.9112130874097375,0.643989358900659,0.10887188080460314,20.51938092132551,1,43,65493
low_rank_residual,simWind,2,3e-05,0.11627906976744186,3.053761470691524e-05,5874.723911464648,3.583955851400142,1.9112130874097375,0.643989358900659,0.10887188080460314,20.51938092132551,1,43,65493
low_rank_residual,simWind,2,0.0001,0.18604651162790697,0.00010688165147420336,3999.652119903379,3.583955851400142,1.9112130874097375,0.643989358900659,0.10887188080460314,20.51938092132551,1,43,65493
low_rank_residual,simWind,2,0.0003,0.32558139534883723,0.00030537614706915243,1870.4928188238453,3.583955851400142,1.9112130874097375,0.643989358900659,0.10887188080460314,20.51938092132551,1,43,65493
low_rank_residual,simWind,2,0.001,0.5813953488372093,0.001007741285328203,776.3575471907177,3.583955851400142,1.9112130874097375,0.643989358900659,0.10887188080460314,20.51938092132551,1,43,65493
low_rank_residual,simWind,2,0.003,0.6976744186046512,0.0030079550486311513,469.76587026627436,3.583955851400142,1.9112130874097375,0.643989358900659,0.10887188080460314,20.51938092132551,1,43,65493
low_rank_residual,simWind,2,0.01,0.813953488372093,0.010001068816514741,255.0248483206628,3.583955851400142,1.9112130874097375,0.643989358900659,0.10887188080460314,20.51938092132551,1,43,65493
low_rank_residual,simWind,3,1e-05,0.046511627906976744,1.526880735345762e-05,8239.952522496855,4.765502414891849,2.479741206168032,0.5649706401170135,0.12537691228564513,15.631821868802678,1,43,65493
low_rank_residual,simWind,3,3e-05,0.11627906976744186,3.053761470691524e-05,5866.862177756547,4.765502414891849,2.479741206168032,0.5649706401170135,0.12537691228564513,15.631821868802678,1,43,65493
low_rank_residual,simWind,3,0.0001,0.18604651162790697,0.00010688165147420336,3981.017078128654,4.765502414891849,2.479741206168032,0.5649706401170135,0.12537691228564513,15.631821868802678,1,43,65493
low_rank_residual,simWind,3,0.0003,0.32558139534883723,0.00030537614706915243,1864.0530528205009,4.765502414891849,2.479741206168032,0.5649706401170135,0.12537691228564513,15.631821868802678,1,43,65493
low_rank_residual,simWind,3,0.001,0.7209302325581395,0.001007741285328203,455.886432165537,4.765502414891849,2.479741206168032,0.5649706401170135,0.12537691228564513,15.631821868802678,1,43,65493
low_rank_residual,simWind,3,0.003,0.813953488372093,0.0030079550486311513,248.31606720318638,4.765502414891849,2.479741206168032,0.5649706401170135,0.12537691228564513,15.631821868802678,1,43,65493
low_rank_residual,simWind,3,0.01,0.9069767441860465,0.010001068816514741,142.35442433852847,4.765502414891849,2.479741206168032,0.5649706401170135,0.12537691228564513,15.631821868802678,1,43,65493
low_rank_residual,simWind,5,1e-05,0.046511627906976744,1.526880735345762e-05,8138.402586346896,6.097892609235548,3.714524677454696,0.4251552362492702,0.1282266341055477,11.501926234432943,1,43,65493
low_rank_residual,simWind,5,3e-05,0.11627906976744186,3.053761470691524e-05,5811.33920958984,6.097892609235548,3.714524677454696,0.4251552362492702,0.1282266341055477,11.501926234432943,1,43,65493
low_rank_residual,simWind,5,0.0001,0.18604651162790697,0.00010688165147420336,3961.3546601736307,6.097892609235548,3.714524677454696,0.4251552362492702,0.1282266341055477,11.501926234432943,1,43,65493
low_rank_residual,simWind,5,0.0003,0.32558139534883723,0.00030537614706915243,1840.3930591439348,6.097892609235548,3.714524677454696,0.4251552362492702,0.1282266341055477,11.501926234432943,1,43,65493
low_rank_residual,simWind,5,0.001,0.7441860465116279,0.001007741285328203,339.3136203634461,6.097892609235548,3.714524677454696,0.4251552362492702,0.1282266341055477,11.501926234432943,1,43,65493
low_rank_residual,simWind,5,0.003,0.9069767441860465,0.0030079550486311513,138.66791119481724,6.097892609235548,3.714524677454696,0.4251552362492702,0.1282266341055477,11.501926234432943,1,43,65493
low_rank_residual,simWind,5,0.01,0.9767441860465116,0.010001068816514741,78.1669129192875,6.097892609235548,3.714524677454696,0.4251552362492702,0.1282266341055477,11.501926234432943,1,43,65493
low_rank_residual,simWind,8,1e-05,0.046511627906976744,1.526880735345762e-05,7219.643457537197,7.039563644936098,5.939136668741563,0.25473365856880337,0.09542982926256553,9.25983982561183,1,43,65493
low_rank_residual,simWind,8,3e-05,0.11627906976744186,3.053761470691524e-05,4573.673597175066,7.039563644936098,5.939136668741563,0.25473365856880337,0.09542982926256553,9.25983982561183,1,43,65493
low_rank_residual,simWind,8,0.0001,0.20930232558139536,0.00010688165147420336,2697.9060164897687,7.039563644936098,5.939136668741563,0.25473365856880337,0.09542982926256553,9.25983982561183,1,43,65493
low_rank_residual,simWind,8,0.0003,0.4418604651162791,0.00030537614706915243,1112.104346807424,7.039563644936098,5.939136668741563,0.25473365856880337,0.09542982926256553,9.25983982561183,1,43,65493
low_rank_residual,simWind,8,0.001,0.6976744186046512,0.001007741285328203,275.4463826004877,7.039563644936098,5.939136668741563,0.25473365856880337,0.09542982926256553,9.25983982561183,1,43,65493
low_rank_residual,simWind,8,0.003,0.9767441860465116,0.0030079550486311513,86.40718248581967,7.039563644936098,5.939136668741563,0.25473365856880337,0.09542982926256553,9.25983982561183,1,43,65493
low_rank_residual,simWind,8,0.01,1.0,0.010001068816514741,51.97422902570507,7.039563644936098,5.939136668741563,0.25473365856880337,0.09542982926256553,9.25983982561183,1,43,65493
low_rank_residual,simWind,10,1e-05,0.09302325581395349,1.526880735345762e-05,3665.5765211845046,7.531113429916774,7.471459898495269,0.17900040357807595,0.07509427043460927,8.268914396300506,1,43,65493
low_rank_residual,simWind,10,3e-05,0.09302325581395349,3.053761470691524e-05,3217.0792428466334,7.531113429916774,7.471459898495269,0.17900040357807595,0.07509427043460927,8.268914396300506,1,43,65493
low_rank_residual,simWind,10,0.0001,0.23255813953488372,0.00010688165147420336,2114.6056715216023,7.531113429916774,7.471459898495269,0.17900040357807595,0.07509427043460927,8.268914396300506,1,43,65493
low_rank_residual,simWind,10,0.0003,0.5116279069767442,0.00030537614706915243,907.6306671932092,7.531113429916774,7.471459898495269,0.17900040357807595,0.07509427043460927,8.268914396300506,1,43,65493
low_rank_residual,simWind,10,0.001,0.7209302325581395,0.001007741285328203,233.01296729050674,7.531113429916774,7.471459898495269,0.17900040357807595,0.07509427043460927,8.268914396300506,1,43,65493
low_rank_residual,simWind,10,0.003,0.9534883720930233,0.0030079550486311513,79.92698608844603,7.531113429916774,7.471459898495269,0.17900040357807595,0.07509427043460927,8.268914396300506,1,43,65493
low_rank_residual,simWind,10,0.01,0.9767441860465116,0.010001068816514741,46.01198975298249,7.531113429916774,7.471459898495269,0.17900040357807595,0.07509427043460927,8.268914396300506,1,43,65493
low_rank_residual,simWind,15,1e-05,0.13953488372093023,1.526880735345762e-05,2221.488694321476,8.4536170073241,10.236167794207978,0.09470724876287921,0.04913448071485111,6.6864890571126105,1,43,65493
low_rank_residual,simWind,15,3e-05,0.13953488372093023,3.053761470691524e-05,1911.255260852036,8.4536170073241,10.236167794207978,0.09470724876287921,0.04913448071485111,6.6864890571126105,1,43,65493
low_rank_residual,simWind,15,0.0001,0.27906976744186046,0.00010688165147420336,1251.7632207806207,8.4536170073241,10.236167794207978,0.09470724876287921,0.04913448071485111,6.6864890571126105,1,43,65493
low_rank_residual,simWind,15,0.0003,0.4418604651162791,0.00030537614706915243,618.5160653148735,8.4536170073241,10.236167794207978,0.09470724876287921,0.04913448071485111,6.6864890571126105,1,43,65493
low_rank_residual,simWind,15,0.001,0.7674418604651163,0.001007741285328203,182.74314465496764,8.4536170073241,10.236167794207978,0.09470724876287921,0.04913448071485111,6.6864890571126105,1,43,65493
low_rank_residual,simWind,15,0.003,0.9302325581395349,0.0030079550486311513,62.86205664698192,8.4536170073241,10.236167794207978,0.09470724876287921,0.04913448071485111,6.6864890571126105,1,43,65493
low_rank_residual,simWind,15,0.01,0.9767441860465116,0.010001068816514741,34.71410401522607,8.4536170073241,10.236167794207978,0.09470724876287921,0.04913448071485111,6.6864890571126105,1,43,65493
low_rank_residual,simWind,20,1e-05,0.13953488372093023,1.526880735345762e-05,1407.4128843919973,9.338919999239682,13.905995519867488,0.04068182694210805,0.025878189997669238,5.453406092528709,1,43,65493
low_rank_residual,simWind,20,3e-05,0.20930232558139536,3.053761470691524e-05,1187.6627276009162,9.338919999239682,13.905995519867488,0.04068182694210805,0.025878189997669238,5.453406092528709,1,43,65493
low_rank_residual,simWind,20,0.0001,0.3023255813953488,0.00010688165147420336,949.1081473518516,9.338919999239682,13.905995519867488,0.04068182694210805,0.025878189997669238,5.453406092528709,1,43,65493
low_rank_residual,simWind,20,0.0003,0.4418604651162791,0.00030537614706915243,434.0497291099187,9.338919999239682,13.905995519867488,0.04068182694210805,0.025878189997669238,5.453406092528709,1,43,65493
low_rank_residual,simWind,20,0.001,0.7674418604651163,0.001007741285328203,160.95281129481327,9.338919999239682,13.905995519867488,0.04068182694210805,0.025878189997669238,5.453406092528709,1,43,65493
low_rank_residual,simWind,20,0.003,0.9302325581395349,0.0030079550486311513,47.75666413405485,9.338919999239682,13.905995519867488,0.04068182694210805,0.025878189997669238,5.453406092528709,1,43,65493
low_rank_residual,simWind,20,0.01,0.9534883720930233,0.010001068816514741,26.853342050277718,9.338919999239682,13.905995519867488,0.04068182694210805,0.025878189997669238,5.453406092528709,1,43,65493
low_rank_residual,simWind,30,1e-05,0.13953488372093023,1.526880735345762e-05,762.4651420941657,10.813302221026062,19.525238054130504,0.011155170037379755,0.009964324579752548,3.883556401118943,1,43,65493
low_rank_residual,simWind,30,3e-05,0.13953488372093023,3.053761470691524e-05,675.8359899709218,10.813302221026062,19.525238054130504,0.011155170037379755,0.009964324579752548,3.883556401118943,1,43,65493
low_rank_residual,simWind,30,0.0001,0.16279069767441862,0.00010688165147420336,425.7774764075933,10.813302221026062,19.525238054130504,0.011155170037379755,0.009964324579752548,3.883556401118943,1,43,65493
low_rank_residual,simWind,30,0.0003,0.4883720930232558,0.00030537614706915243,159.8331657518777,10.813302221026062,19.525238054130504,0.011155170037379755,0.009964324579752548,3.883556401118943,1,43,65493
low_rank_residual,simWind,30,0.001,0.813953488372093,0.001007741285328203,62.542401908383525,10.813302221026062,19.525238054130504,0.011155170037379755,0.009964324579752548,3.883556401118943,1,43,65493
low_rank_residual,simWind,30,0.003,0.8837209302325582,0.0030079550486311513,28.293707118562192,10.813302221026062,19.525238054130504,0.011155170037379755,0.009964324579752548,3.883556401118943,1,43,65493
low_rank_residual,simWind,30,0.01,0.9069767441860465,0.010001068816514741,17.423410147430893,10.813302221026062,19.525238054130504,0.011155170037379755,0.009964324579752548,3.883556401118943,1,43,65493
raw,simMed,0,1e-05,0.023255813953488372,1.526880735345762e-05,11124.174632589524,0.0,0.0,1.0,0.06110190925639141,56.77360962442388,1,43,65493
raw,simMed,0,3e-05,0.046511627906976744,3.053761470691524e-05,9655.504170691933,0.0,0.0,1.0,0.06110190925639141,56.77360962442388,1,43,65493
raw,simMed,0,0.0001,0.09302325581395349,0.00010688165147420336,7458.75823650836,0.0,0.0,1.0,0.06110190925639141,56.77360962442388,1,43,65493
raw,simMed,0,0.0003,0.11627906976744186,0.00030537614706915243,5149.309725533863,0.0,0.0,1.0,0.06110190925639141,56.77360962442388,1,43,65493
raw,simMed,0,0.001,0.23255813953488372,0.001007741285328203,3601.5911821606123,0.0,0.0,1.0,0.06110190925639141,56.77360962442388,1,43,65493
raw,simMed,0,0.003,0.32558139534883723,0.0030079550486311513,2386.8852097332096,0.0,0.0,1.0,0.06110190925639141,56.77360962442388,1,43,65493
raw,simMed,0,0.01,0.46511627906976744,0.010001068816514741,1286.4468520244625,0.0,0.0,1.0,0.06110190925639141,56.77360962442388,1,43,65493
raw,simNoiseOnly,0,1e-05,0.046511627906976744,1.526880735345762e-05,8474.764966781358,0.0,0.0,1.0,0.03854391924127291,90.00060221470095,1,43,65493
raw,simNoiseOnly,0,3e-05,0.11627906976744186,3.053761470691524e-05,5824.701700123973,0.0,0.0,1.0,0.03854391924127291,90.00060221470095,1,43,65493
raw,simNoiseOnly,0,0.0001,0.20930232558139536,0.00010688165147420336,4062.447136381865,0.0,0.0,1.0,0.03854391924127291,90.00060221470095,1,43,65493
raw,simNoiseOnly,0,0.0003,0.3488372093023256,0.00030537614706915243,1995.805114911917,0.0,0.0,1.0,0.03854391924127291,90.00060221470095,1,43,65493
raw,simNoiseOnly,0,0.001,0.7674418604651163,0.001007741285328203,407.8287507111117,0.0,0.0,1.0,0.03854391924127291,90.00060221470095,1,43,65493
raw,simNoiseOnly,0,0.003,0.8372093023255814,0.0030079550486311513,228.34277754247117,0.0,0.0,1.0,0.03854391924127291,90.00060221470095,1,43,65493
raw,simNoiseOnly,0,0.01,0.8837209302325582,0.010001068816514741,192.21202920375154,0.0,0.0,1.0,0.03854391924127291,90.00060221470095,1,43,65493
raw,simWind,0,1e-05,0.046511627906976744,1.526880735345762e-05,8616.68416578504,0.0,0.0,1.0,0.0740698472776695,46.833847657670916,1,43,65493
raw,simWind,0,3e-05,0.09302325581395349,3.053761470691524e-05,6624.480152864272,0.0,0.0,1.0,0.0740698472776695,46.833847657670916,1,43,65493
raw,simWind,0,0.0001,0.09302325581395349,0.00010688165147420336,6002.704428609053,0.0,0.0,1.0,0.0740698472776695,46.833847657670916,1,43,65493
raw,simWind,0,0.0003,0.18604651162790697,0.00030537614706915243,4167.557688596562,0.0,0.0,1.0,0.0740698472776695,46.833847657670916,1,43,65493
raw,simWind,0,0.001,0.3023255813953488,0.001007741285328203,2664.77103568016,0.0,0.0,1.0,0.0740698472776695,46.833847657670916,1,43,65493
raw,simWind,0,0.003,0.32558139534883723,0.0030079550486311513,1863.5932502080925,0.0,0.0,1.0,0.0740698472776695,46.833847657670916,1,43,65493
raw,simWind,0,0.01,0.5348837209302325,0.010001068816514741,985.5013435885612,0.0,0.0,1.0,0.0740698472776695,46.833847657670916,1,43,65493
low_rank_residual,overall,1,1e-05,0.054263565891472874,1.526880735345762e-05,7508.811229712908,1.423861980099459,0.9251451170086279,0.8081379251964153,0.06954425828873893,50.80744505115448,3,129,196479
low_rank_residual,overall,1,3e-05,0.12403100775193798,3.053761470691524e-05,5408.635331125427,1.423861980099459,0.9251451170086279,0.8081379251964153,0.06954425828873893,50.80744505115448,3,129,196479
low_rank_residual,overall,1,0.0001,0.1937984496124031,0.00010688165147420337,3568.5460282669937,1.423861980099459,0.9251451170086279,0.8081379251964153,0.06954425828873893,50.80744505115448,3,129,196479
low_rank_residual,overall,1,0.0003,0.34108527131782945,0.00030537614706915243,2087.7362333989036,1.423861980099459,0.9251451170086279,0.8081379251964153,0.06954425828873893,50.80744505115448,3,129,196479
low_rank_residual,overall,1,0.001,0.5193798449612403,0.001007741285328203,1169.1521161873,1.423861980099459,0.9251451170086279,0.8081379251964153,0.06954425828873893,50.80744505115448,3,129,196479
low_rank_residual,overall,1,0.003,0.6356589147286822,0.0030079550486311513,762.6534666722732,1.423861980099459,0.9251451170086279,0.8081379251964153,0.06954425828873893,50.80744505115448,3,129,196479
low_rank_residual,overall,1,0.01,0.7209302325581396,0.010001068816514741,448.7191248242455,1.423861980099459,0.9251451170086279,0.8081379251964153,0.06954425828873893,50.80744505115448,3,129,196479
low_rank_residual,overall,2,1e-05,0.06976744186046512,1.526880735345762e-05,7010.088378943162,2.590045235227675,1.9112130874097375,0.643989358900659,0.07823519329018357,43.430405071409204,3,129,196479
low_rank_residual,overall,2,3e-05,0.10852713178294575,3.053761470691524e-05,5166.855778978589,2.590045235227675,1.9112130874097375,0.643989358900659,0.07823519329018357,43.430405071409204,3,129,196479
low_rank_residual,overall,2,0.0001,0.20155038759689922,0.00010688165147420337,3470.64947391708,2.590045235227675,1.9112130874097375,0.643989358900659,0.07823519329018357,43.430405071409204,3,129,196479
low_rank_residual,overall,2,0.0003,0.37209302325581395,0.00030537614706915243,1613.4831455744404,2.590045235227675,1.9112130874097375,0.643989358900659,0.07823519329018357,43.430405071409204,3,129,196479
low_rank_residual,overall,2,0.001,0.6356589147286822,0.001007741285328203,685.9272538053383,2.590045235227675,1.9112130874097375,0.643989358900659,0.07823519329018357,43.430405071409204,3,129,196479
low_rank_residual,overall,2,0.003,0.7054263565891473,0.0030079550486311513,427.6434250095912,2.590045235227675,1.9112130874097375,0.643989358900659,0.07823519329018357,43.430405071409204,3,129,196479
low_rank_residual,overall,2,0.01,0.8217054263565892,0.010001068816514741,252.89603812949008,2.590045235227675,1.9112130874097375,0.643989358900659,0.07823519329018357,43.430405071409204,3,129,196479
low_rank_residual,overall,3,1e-05,0.06976744186046512,1.526880735345762e-05,6794.124406174135,3.478718843430679,2.479741206168032,0.5649706401170135,0.09012702899900744,39.358082211898825,3,129,196479
low_rank_residual,overall,3,3e-05,0.10852713178294575,3.053761470691524e-05,5060.250594356287,3.478718843430679,2.479741206168032,0.5649706401170135,0.09012702899900744,39.358082211898825,3,129,196479
low_rank_residual,overall,3,0.0001,0.20930232558139536,0.00010688165147420337,3360.846334369027,3.478718843430679,2.479741206168032,0.5649706401170135,0.09012702899900744,39.358082211898825,3,129,196479
low_rank_residual,overall,3,0.0003,0.37209302325581395,0.00030537614706915243,1588.6674155700093,3.478718843430679,2.479741206168032,0.5649706401170135,0.09012702899900744,39.358082211898825,3,129,196479
low_rank_residual,overall,3,0.001,0.7286821705426356,0.001007741285328203,432.5921371981687,3.478718843430679,2.479741206168032,0.5649706401170135,0.09012702899900744,39.358082211898825,3,129,196479
low_rank_residual,overall,3,0.003,0.7984496124031008,0.0030079550486311513,260.25349485299097,3.478718843430679,2.479741206168032,0.5649706401170135,0.09012702899900744,39.358082211898825,3,129,196479
low_rank_residual,overall,3,0.01,0.883720930232558,0.010001068816514741,166.11027247896348,3.478718843430679,2.479741206168032,0.5649706401170135,0.09012702899900744,39.358082211898825,3,129,196479
low_rank_residual,overall,5,1e-05,0.06201550387596899,1.526880735345762e-05,6511.391006932155,4.534798757882901,3.714524677454696,0.42515523624927026,0.0942876587583538,35.54301215748952,3,129,196479
low_rank_residual,overall,5,3e-05,0.11627906976744186,3.053761470691524e-05,4758.604365300956,4.534798757882901,3.714524677454696,0.42515523624927026,0.0942876587583538,35.54301215748952,3,129,196479
low_rank_residual,overall,5,0.0001,0.2170542635658915,0.00010688165147420337,3239.3576279632794,4.534798757882901,3.714524677454696,0.42515523624927026,0.0942876587583538,35.54301215748952,3,129,196479
low_rank_residual,overall,5,0.0003,0.36434108527131787,0.00030537614706915243,1569.4252843321556,4.534798757882901,3.714524677454696,0.42515523624927026,0.0942876587583538,35.54301215748952,3,129,196479
low_rank_residual,overall,5,0.001,0.751937984496124,0.001007741285328203,339.3706513808672,4.534798757882901,3.714524677454696,0.42515523624927026,0.0942876587583538,35.54301215748952,3,129,196479
low_rank_residual,overall,5,0.003,0.868217054263566,0.0030079550486311513,171.67908066998538,4.534798757882901,3.714524677454696,0.42515523624927026,0.0942876587583538,35.54301215748952,3,129,196479
low_rank_residual,overall,5,0.01,0.9379844961240309,0.010001068816514741,114.1185537071345,4.534798757882901,3.714524677454696,0.42515523624927026,0.0942876587583538,35.54301215748952,3,129,196479
low_rank_residual,overall,8,1e-05,0.06976744186046512,1.526880735345762e-05,5637.342435427509,5.303076996217846,5.939136668741564,0.25473365856880337,0.07162408213755124,32.95246440071683,3,129,196479
low_rank_residual,overall,8,3e-05,0.13953488372093023,3.053761470691524e-05,3787.3121076597126,5.303076996217846,5.939136668741564,0.25473365856880337,0.07162408213755124,32.95246440071683,3,129,196479
low_rank_residual,overall,8,0.0001,0.2558139534883721,0.00010688165147420337,2252.9530114001363,5.303076996217846,5.939136668741564,0.25473365856880337,0.07162408213755124,32.95246440071683,3,129,196479
low_rank_residual,overall,8,0.0003,0.44961240310077516,0.00030537614706915243,1007.5976812274512,5.303076996217846,5.939136668741564,0.25473365856880337,0.07162408213755124,32.95246440071683,3,129,196479
low_rank_residual,overall,8,0.001,0.7131782945736435,0.001007741285328203,275.3946821175023,5.303076996217846,5.939136668741564,0.25473365856880337,0.07162408213755124,32.95246440071683,3,129,196479
low_rank_residual,overall,8,0.003,0.9302325581395349,0.0030079550486311513,123.72808514701505,5.303076996217846,5.939136668741564,0.25473365856880337,0.07162408213755124,32.95246440071683,3,129,196479
low_rank_residual,overall,8,0.01,0.9457364341085271,0.010001068816514741,91.69253722176887,5.303076996217846,5.939136668741564,0.25473365856880337,0.07162408213755124,32.95246440071683,3,129,196479
low_rank_residual,overall,10,1e-05,0.10077519379844961,1.526880735345762e-05,3289.8462027620976,5.6913563983903375,7.471459898495269,0.17900040357807598,0.056653297063343766,31.66501037379659,3,129,196479
low_rank_residual,overall,10,3e-05,0.11627906976744184,3.053761470691524e-05,2979.0379442356884,5.6913563983903375,7.471459898495269,0.17900040357807598,0.056653297063343766,31.66501037379659,3,129,196479
low_rank_residual,overall,10,0.0001,0.2713178294573643,0.00010688165147420337,1837.5144703864341,5.6913563983903375,7.471459898495269,0.17900040357807598,0.056653297063343766,31.66501037379659,3,129,196479
low_rank_residual,overall,10,0.0003,0.49612403100775193,0.00030537614706915243,855.0180993110552,5.6913563983903375,7.471459898495269,0.17900040357807598,0.056653297063343766,31.66501037379659,3,129,196479
low_rank_residual,overall,10,0.001,0.7364341085271318,0.001007741285328203,241.23359767678963,5.6913563983903375,7.471459898495269,0.17900040357807598,0.056653297063343766,31.66501037379659,3,129,196479
low_rank_residual,overall,10,0.003,0.9147286821705426,0.0030079550486311513,117.60732105783752,5.6913563983903375,7.471459898495269,0.17900040357807598,0.056653297063343766,31.66501037379659,3,129,196479
low_rank_residual,overall,10,0.01,0.9302325581395349,0.010001068816514741,85.80180877558598,5.6913563983903375,7.471459898495269,0.17900040357807598,0.056653297063343766,31.66501037379659,3,129,196479
low_rank_residual,overall,15,1e-05,0.10077519379844961,1.526880735345762e-05,2335.4526666879296,6.470386553768258,10.236167794207978,0.09470724876287921,0.03792824006321043,29.11333388869495,3,129,196479
low_rank_residual,overall,15,3e-05,0.15503875968992248,3.053761470691524e-05,1918.9395180952567,6.470386553768258,10.236167794207978,0.09470724876287921,0.03792824006321043,29.11333388869495,3,129,196479
low_rank_residual,overall,15,0.0001,0.3023255813953488,0.00010688165147420337,1281.616696710164,6.470386553768258,10.236167794207978,0.09470724876287921,0.03792824006321043,29.11333388869495,3,129,196479
low_rank_residual,overall,15,0.0003,0.48062015503875966,0.00030537614706915243,651.5704572801961,6.470386553768258,10.236167794207978,0.09470724876287921,0.03792824006321043,29.11333388869495,3,129,196479
low_rank_residual,overall,15,0.001,0.7596899224806202,0.001007741285328203,211.68904260406705,6.470386553768258,10.236167794207978,0.09470724876287921,0.03792824006321043,29.11333388869495,3,129,196479
low_rank_residual,overall,15,0.003,0.9147286821705426,0.0030079550486311513,101.21774040647703,6.470386553768258,10.236167794207978,0.09470724876287921,0.03792824006321043,29.11333388869495,3,129,196479
low_rank_residual,overall,15,0.01,0.9379844961240309,0.010001068816514741,73.6778395523812,6.470386553768258,10.236167794207978,0.09470724876287921,0.03792824006321043,29.11333388869495,3,129,196479
low_rank_residual,overall,20,1e-05,0.1317829457364341,1.526880735345762e-05,1422.7377355461224,7.209839052575499,13.905995519867488,0.04068182694210805,0.020383526407406934,26.93921680700785,3,129,196479
low_rank_residual,overall,20,3e-05,0.23255813953488372,3.053761470691524e-05,1164.399325533216,7.209839052575499,13.905995519867488,0.04068182694210805,0.020383526407406934,26.93921680700785,3,129,196479
low_rank_residual,overall,20,0.0001,0.3333333333333333,0.00010688165147420337,896.5487583904911,7.209839052575499,13.905995519867488,0.04068182694210805,0.020383526407406934,26.93921680700785,3,129,196479
low_rank_residual,overall,20,0.0003,0.44961240310077516,0.00030537614706915243,442.672646413029,7.209839052575499,13.905995519867488,0.04068182694210805,0.020383526407406934,26.93921680700785,3,129,196479
low_rank_residual,overall,20,0.001,0.7674418604651163,0.001007741285328203,170.2772946361404,7.209839052575499,13.905995519867488,0.04068182694210805,0.020383526407406934,26.93921680700785,3,129,196479
low_rank_residual,overall,20,0.003,0.8992248062015503,0.0030079550486311513,88.02067216866874,7.209839052575499,13.905995519867488,0.04068182694210805,0.020383526407406934,26.93921680700785,3,129,196479
low_rank_residual,overall,20,0.01,0.9224806201550387,0.010001068816514741,67.42613218307754,7.209839052575499,13.905995519867488,0.04068182694210805,0.020383526407406934,26.93921680700785,3,129,196479
low_rank_residual,overall,30,1e-05,0.14728682170542637,1.526880735345762e-05,864.6680835348297,8.423283928511625,19.525238054130504,0.011155170037379753,0.008006233874855946,23.463708988590003,3,129,196479
low_rank_residual,overall,30,3e-05,0.17829457364341086,3.053761470691524e-05,764.5782606758247,8.423283928511625,19.525238054130504,0.011155170037379753,0.008006233874855946,23.463708988590003,3,129,196479
low_rank_residual,overall,30,0.0001,0.27906976744186046,0.00010688165147420337,458.31595515449607,8.423283928511625,19.525238054130504,0.011155170037379753,0.008006233874855946,23.463708988590003,3,129,196479
low_rank_residual,overall,30,0.0003,0.5271317829457364,0.00030537614706915243,220.7935742594449,8.423283928511625,19.525238054130504,0.011155170037379753,0.008006233874855946,23.463708988590003,3,129,196479
low_rank_residual,overall,30,0.001,0.7751937984496124,0.001007741285328203,108.086729733141,8.423283928511625,19.525238054130504,0.011155170037379753,0.008006233874855946,23.463708988590003,3,129,196479
low_rank_residual,overall,30,0.003,0.8759689922480621,0.0030079550486311513,71.9970008118992,8.423283928511625,19.525238054130504,0.011155170037379753,0.008006233874855946,23.463708988590003,3,129,196479
low_rank_residual,overall,30,0.01,0.9069767441860465,0.010001068816514741,56.829245875587674,8.423283928511625,19.525238054130504,0.011155170037379753,0.008006233874855946,23.463708988590003,3,129,196479
raw,overall,0,1e-05,0.03875968992248062,1.526880735345762e-05,9405.20792171864,0.0,0.0,1.0,0.057905225258444604,64.53601983226524,3,129,196479
raw,overall,0,3e-05,0.08527131782945736,3.053761470691524e-05,7368.228674560059,0.0,0.0,1.0,0.057905225258444604,64.53601983226524,3,129,196479
raw,overall,0,0.0001,0.13178294573643412,0.00010688165147420337,5841.303267166426,0.0,0.0,1.0,0.057905225258444604,64.53601983226524,3,129,196479
raw,overall,0,0.0003,0.2170542635658915,0.00030537614706915243,3770.890843014114,0.0,0.0,1.0,0.057905225258444604,64.53601983226524,3,129,196479
raw,overall,0,0.001,0.434108527131783,0.001007741285328203,2224.730322850628,0.0,0.0,1.0,0.057905225258444604,64.53601983226524,3,129,196479
raw,overall,0,0.003,0.49612403100775193,0.0030079550486311513,1492.940412494591,0.0,0.0,1.0,0.057905225258444604,64.53601983226524,3,129,196479
raw,overall,0,0.01,0.6279069767441859,0.010001068816514741,821.3867416055917,0.0,0.0,1.0,0.057905225258444604,64.53601983226524,3,129,196479
