pfa_target,threshold,pd,empirical_pfa,target_count,bg_count,method,subset,path,image_index,has_target,step,split
1e-05,11124.174632589524,0.023255813953488372,1.526880735345762e-05,43,65493,raw,simMed,data\downloads\aistap_sim\sampledata\sampledata\simMed\simMed_sample.mat,0,True,0,train
3e-05,9655.504170691933,0.046511627906976744,3.053761470691524e-05,43,65493,raw,simMed,data\downloads\aistap_sim\sampledata\sampledata\simMed\simMed_sample.mat,0,True,0,train
0.0001,7458.75823650836,0.09302325581395349,0.00010688165147420336,43,65493,raw,simMed,data\downloads\aistap_sim\sampledata\sampledata\simMed\simMed_sample.mat,0,True,0,train
0.0003,5149.309725533863,0.11627906976744186,0.00030537614706915243,43,65493,raw,simMed,data\downloads\aistap_sim\sampledata\sampledata\simMed\simMed_sample.mat,0,True,0,train
0.001,3601.5911821606123,0.23255813953488372,0.001007741285328203,43,65493,raw,simMed,data\downloads\aistap_sim\sampledata\sampledata\simMed\simMed_sample.mat,0,True,0,train
0.003,2386.8852097332096,0.32558139534883723,0.0030079550486311513,43,65493,raw,simMed,data\downloads\aistap_sim\sampledata\sampledata\simMed\simMed_sample.mat,0,True,0,train
0.01,1286.4468520244625,0.46511627906976744,0.010001068816514741,43,65493,raw,simMed,data\downloads\aistap_sim\sampledata\sampledata\simMed\simMed_sample.mat,0,True,0,train
1e-05,802.846272662242,0.13953488372093023,1.526880735345762e-05,43,65493,low_rank_residual,simMed,data\downloads\aistap_sim\sampledata\sampledata\simMed\simMed_sample.mat,0,True,0,train
3e-05,686.1564991900859,0.16279069767441862,3.053761470691524e-05,43,65493,low_rank_residual,simMed,data\downloads\aistap_sim\sampledata\sampledata\simMed\simMed_sample.mat,0,True,0,train
0.0001,394.85698953163865,0.23255813953488372,0.00010688165147420336,43,65493,low_rank_residual,simMed,data\downloads\aistap_sim\sampledata\sampledata\simMed\simMed_sample.mat,0,True,0,train
0.0003,167.6233668881951,0.46511627906976744,0.00030537614706915243,43,65493,low_rank_residual,simMed,data\downloads\aistap_sim\sampledata\sampledata\simMed\simMed_sample.mat,0,True,0,train
0.001,70.78746984367343,0.7674418604651163,0.001007741285328203,43,65493,low_rank_residual,simMed,data\downloads\aistap_sim\sampledata\sampledata\simMed\simMed_sample.mat,0,True,0,train
0.003,25.740363614672184,0.9534883720930233,0.0030079550486311513,43,65493,low_rank_residual,simMed,data\downloads\aistap_sim\sampledata\sampledata\simMed\simMed_sample.mat,0,True,0,train
0.01,13.508083448682333,0.9534883720930233,0.010001068816514741,43,65493,low_rank_residual,simMed,data\downloads\aistap_sim\sampledata\sampledata\simMed\simMed_sample.mat,0,True,0,train
1e-05,4741.373328820409,0.023255813953488372,1.526880735345762e-05,43,65493,trainable_gate,simMed,data\downloads\aistap_sim\sampledata\sampledata\simMed\simMed_sample.mat,0,True,0,train
3e-05,4393.218451441669,0.023255813953488372,3.053761470691524e-05,43,65493,trainable_gate,simMed,data\downloads\aistap_sim\sampledata\sampledata\simMed\simMed_sample.mat,0,True,0,train
0.0001,3372.607700261795,0.046511627906976744,0.00010688165147420336,43,65493,trainable_gate,simMed,data\downloads\aistap_sim\sampledata\sampledata\simMed\simMed_sample.mat,0,True,0,train
0.0003,2268.7438106233244,0.11627906976744186,0.00030537614706915243,43,65493,trainable_gate,simMed,data\downloads\aistap_sim\sampledata\sampledata\simMed\simMed_sample.mat,0,True,0,train
0.001,1589.8984032812066,0.2558139534883721,0.001007741285328203,43,65493,trainable_gate,simMed,data\downloads\aistap_sim\sampledata\sampledata\simMed\simMed_sample.mat,0,True,0,train
0.003,1011.4431353512509,0.4418604651162791,0.0030079550486311513,43,65493,trainable_gate,simMed,data\downloads\aistap_sim\sampledata\sampledata\simMed\simMed_sample.mat,0,True,0,train
0.01,541.2165777611538,0.5581395348837209,0.010001068816514741,43,65493,trainable_gate,simMed,data\downloads\aistap_sim\sampledata\sampledata\simMed\simMed_sample.mat,0,True,0,train
1e-05,6187.384051825041,,1.52587890625e-05,0,65536,raw,simMed,data\downloads\aistap_sim\sampledata\sampledata\simMed\simMed_sample.mat,1,False,0,train
3e-05,5419.413788343435,,3.0517578125e-05,0,65536,raw,simMed,data\downloads\aistap_sim\sampledata\sampledata\simMed\simMed_sample.mat,1,False,0,train
0.0001,3271.518491071117,,0.0001068115234375,0,65536,raw,simMed,data\downloads\aistap_sim\sampledata\sampledata\simMed\simMed_sample.mat,1,False,0,train
0.0003,2632.724739434376,,0.00030517578125,0,65536,raw,simMed,data\downloads\aistap_sim\sampledata\sampledata\simMed\simMed_sample.mat,1,False,0,train
0.001,1639.7416000974783,,0.001007080078125,0,65536,raw,simMed,data\downloads\aistap_sim\sampledata\sampledata\simMed\simMed_sample.mat,1,False,0,train
0.003,962.8284378031237,,0.0030059814453125,0,65536,raw,simMed,data\downloads\aistap_sim\sampledata\sampledata\simMed\simMed_sample.mat,1,False,0,train
0.01,475.0249748693414,,0.010009765625,0,65536,raw,simMed,data\downloads\aistap_sim\sampledata\sampledata\simMed\simMed_sample.mat,1,False,0,train
1e-05,29.045922893646434,,1.52587890625e-05,0,65536,low_rank_residual,simMed,data\downloads\aistap_sim\sampledata\sampledata\simMed\simMed_sample.mat,1,False,0,train
3e-05,23.278189253380425,,3.0517578125e-05,0,65536,low_rank_residual,simMed,data\downloads\aistap_sim\sampledata\sampledata\simMed\simMed_sample.mat,1,False,0,train
0.0001,15.521395621170964,,0.0001068115234375,0,65536,low_rank_residual,simMed,data\downloads\aistap_sim\sampledata\sampledata\simMed\simMed_sample.mat,1,False,0,train
0.0003,12.283324911414693,,0.00030517578125,0,65536,low_rank_residual,simMed,data\downloads\aistap_sim\sampledata\sampledata\simMed\simMed_sample.mat,1,False,0,train
0.001,8.10177868611796,,0.001007080078125,0,65536,low_rank_residual,simMed,data\downloads\aistap_sim\sampledata\sampledata\simMed\simMed_sample.mat,1,False,0,train
0.003,5.413850171893534,,0.0030059814453125,0,65536,low_rank_residual,simMed,data\downloads\aistap_sim\sampledata\sampledata\simMed\simMed_sample.mat,1,False,0,train
0.01,3.6894962385577634,,0.010009765625,0,65536,low_rank_residual,simMed,data\downloads\aistap_sim\sampledata\sampledata\simMed\simMed_sample.mat,1,False,0,train
1e-05,2629.425130716123,,1.52587890625e-05,0,65536,trainable_gate,simMed,data\downloads\aistap_sim\sampledata\sampledata\simMed\simMed_sample.mat,1,False,0,train
3e-05,2320.2784521423087,,3.0517578125e-05,0,65536,trainable_gate,simMed,data\downloads\aistap_sim\sampledata\sampledata\simMed\simMed_sample.mat,1,False,0,train
0.0001,1410.4912271334479,,0.0001068115234375,0,65536,trainable_gate,simMed,data\downloads\aistap_sim\sampledata\sampledata\simMed\simMed_sample.mat,1,False,0,train
0.0003,1078.2987566888414,,0.00030517578125,0,65536,trainable_gate,simMed,data\downloads\aistap_sim\sampledata\sampledata\simMed\simMed_sample.mat,1,False,0,train
0.001,642.4075345777525,,0.001007080078125,0,65536,trainable_gate,simMed,data\downloads\aistap_sim\sampledata\sampledata\simMed\simMed_sample.mat,1,False,0,train
0.003,382.9024840657859,,0.0030059814453125,0,65536,trainable_gate,simMed,data\downloads\aistap_sim\sampledata\sampledata\simMed\simMed_sample.mat,1,False,0,train
0.01,182.62669214274803,,0.010009765625,0,65536,trainable_gate,simMed,data\downloads\aistap_sim\sampledata\sampledata\simMed\simMed_sample.mat,1,False,0,train
1e-05,8474.764966781358,0.046511627906976744,1.526880735345762e-05,43,65493,raw,simNoiseOnly,data\downloads\aistap_sim\sampledata\sampledata\simNoiseOnly\simNoiseOnly_sample.mat,0,True,0,train
3e-05,5824.701700123973,0.11627906976744186,3.053761470691524e-05,43,65493,raw,simNoiseOnly,data\downloads\aistap_sim\sampledata\sampledata\simNoiseOnly\simNoiseOnly_sample.mat,0,True,0,train
0.0001,4062.447136381865,0.20930232558139536,0.00010688165147420336,43,65493,raw,simNoiseOnly,data\downloads\aistap_sim\sampledata\sampledata\simNoiseOnly\simNoiseOnly_sample.mat,0,True,0,train
0.0003,1995.805114911917,0.3488372093023256,0.00030537614706915243,43,65493,raw,simNoiseOnly,data\downloads\aistap_sim\sampledata\sampledata\simNoiseOnly\simNoiseOnly_sample.mat,0,True,0,train
0.001,407.8287507111117,0.7674418604651163,0.001007741285328203,43,65493,raw,simNoiseOnly,data\downloads\aistap_sim\sampledata\sampledata\simNoiseOnly\simNoiseOnly_sample.mat,0,True,0,train
0.003,228.34277754247117,0.8372093023255814,0.0030079550486311513,43,65493,raw,simNoiseOnly,data\downloads\aistap_sim\sampledata\sampledata\simNoiseOnly\simNoiseOnly_sample.mat,0,True,0,train
0.01,192.21202920375154,0.8837209302325582,0.010001068816514741,43,65493,raw,simNoiseOnly,data\downloads\aistap_sim\sampledata\sampledata\simNoiseOnly\simNoiseOnly_sample.mat,0,True,0,train
1e-05,1028.6928358480818,0.16279069767441862,1.526880735345762e-05,43,65493,low_rank_residual,simNoiseOnly,data\downloads\aistap_sim\sampledata\sampledata\simNoiseOnly\simNoiseOnly_sample.mat,0,True,0,train
3e-05,931.7422928664663,0.23255813953488372,3.053761470691524e-05,43,65493,low_rank_residual,simNoiseOnly,data\downloads\aistap_sim\sampledata\sampledata\simNoiseOnly\simNoiseOnly_sample.mat,0,True,0,train
0.0001,554.3133995242562,0.4418604651162791,0.00010688165147420336,43,65493,low_rank_residual,simNoiseOnly,data\downloads\aistap_sim\sampledata\sampledata\simNoiseOnly\simNoiseOnly_sample.mat,0,True,0,train
0.0003,334.9241901382619,0.627906976744186,0.00030537614706915243,43,65493,low_rank_residual,simNoiseOnly,data\downloads\aistap_sim\sampledata\sampledata\simNoiseOnly\simNoiseOnly_sample.mat,0,True,0,train
0.001,190.93031744736606,0.7441860465116279,0.001007741285328203,43,65493,low_rank_residual,simNoiseOnly,data\downloads\aistap_sim\sampledata\sampledata\simNoiseOnly\simNoiseOnly_sample.mat,0,True,0,train
0.003,161.9569317024632,0.7906976744186046,0.0030079550486311513,43,65493,low_rank_residual,simNoiseOnly,data\downloads\aistap_sim\sampledata\sampledata\simNoiseOnly\simNoiseOnly_sample.mat,0,True,0,train
0.01,139.5562440306498,0.8604651162790697,0.010001068816514741,43,65493,low_rank_residual,simNoiseOnly,data\downloads\aistap_sim\sampledata\sampledata\simNoiseOnly\simNoiseOnly_sample.mat,0,True,0,train
1e-05,4656.172856129279,0.06976744186046512,1.526880735345762e-05,43,65493,trainable_gate,simNoiseOnly,data\downloads\aistap_sim\sampledata\sampledata\simNoiseOnly\simNoiseOnly_sample.mat,0,True,0,train
3e-05,3203.924316223042,0.18604651162790697,3.053761470691524e-05,43,65493,trainable_gate,simNoiseOnly,data\downloads\aistap_sim\sampledata\sampledata\simNoiseOnly\simNoiseOnly_sample.mat,0,True,0,train
0.0001,2409.0808490782083,0.2558139534883721,0.00010688165147420336,43,65493,trainable_gate,simNoiseOnly,data\downloads\aistap_sim\sampledata\sampledata\simNoiseOnly\simNoiseOnly_sample.mat,0,True,0,train
0.0003,1204.3986400952845,0.4418604651162791,0.00030537614706915243,43,65493,trainable_gate,simNoiseOnly,data\downloads\aistap_sim\sampledata\sampledata\simNoiseOnly\simNoiseOnly_sample.mat,0,True,0,train
0.001,284.4799988654397,0.7674418604651163,0.001007741285328203,43,65493,trainable_gate,simNoiseOnly,data\downloads\aistap_sim\sampledata\sampledata\simNoiseOnly\simNoiseOnly_sample.mat,0,True,0,train
0.003,190.69124377466844,0.8372093023255814,0.0030079550486311513,43,65493,trainable_gate,simNoiseOnly,data\downloads\aistap_sim\sampledata\sampledata\simNoiseOnly\simNoiseOnly_sample.mat,0,True,0,train
0.01,161.23349431457748,0.8837209302325582,0.010001068816514741,43,65493,trainable_gate,simNoiseOnly,data\downloads\aistap_sim\sampledata\sampledata\simNoiseOnly\simNoiseOnly_sample.mat,0,True,0,train
1e-05,259.68703786207243,,1.52587890625e-05,0,65536,raw,simNoiseOnly,data\downloads\aistap_sim\sampledata\sampledata\simNoiseOnly\simNoiseOnly_sample.mat,1,False,0,train
3e-05,234.7134934433807,,3.0517578125e-05,0,65536,raw,simNoiseOnly,data\downloads\aistap_sim\sampledata\sampledata\simNoiseOnly\simNoiseOnly_sample.mat,1,False,0,train
0.0001,220.1215825700609,,0.0001068115234375,0,65536,raw,simNoiseOnly,data\downloads\aistap_sim\sampledata\sampledata\simNoiseOnly\simNoiseOnly_sample.mat,1,False,0,train
0.0003,210.58094298655067,,0.00030517578125,0,65536,raw,simNoiseOnly,data\downloads\aistap_sim\sampledata\sampledata\simNoiseOnly\simNoiseOnly_sample.mat,1,False,0,train
0.001,191.72700850747006,,0.001007080078125,0,65536,raw,simNoiseOnly,data\downloads\aistap_sim\sampledata\sampledata\simNoiseOnly\simNoiseOnly_sample.mat,1,False,0,train
0.003,172.2815167327679,,0.0030059814453125,0,65536,raw,simNoiseOnly,data\downloads\aistap_sim\sampledata\sampledata\simNoiseOnly\simNoiseOnly_sample.mat,1,False,0,train
0.01,151.71015514226332,,0.010009765625,0,65536,raw,simNoiseOnly,data\downloads\aistap_sim\sampledata\sampledata\simNoiseOnly\simNoiseOnly_sample.mat,1,False,0,train
1e-05,196.2050771222567,,1.52587890625e-05,0,65536,low_rank_residual,simNoiseOnly,data\downloads\aistap_sim\sampledata\sampledata\simNoiseOnly\simNoiseOnly_sample.mat,1,False,0,train
3e-05,175.75364543691603,,3.0517578125e-05,0,65536,low_rank_residual,simNoiseOnly,data\downloads\aistap_sim\sampledata\sampledata\simNoiseOnly\simNoiseOnly_sample.mat,1,False,0,train
0.0001,168.44955290492243,,0.0001068115234375,0,65536,low_rank_residual,simNoiseOnly,data\downloads\aistap_sim\sampledata\sampledata\simNoiseOnly\simNoiseOnly_sample.mat,1,False,0,train
0.0003,148.1668151278647,,0.00030517578125,0,65536,low_rank_residual,simNoiseOnly,data\downloads\aistap_sim\sampledata\sampledata\simNoiseOnly\simNoiseOnly_sample.mat,1,False,0,train
0.001,134.53460753633172,,0.001007080078125,0,65536,low_rank_residual,simNoiseOnly,data\downloads\aistap_sim\sampledata\sampledata\simNoiseOnly\simNoiseOnly_sample.mat,1,False,0,train
0.003,123.00839262883443,,0.0030059814453125,0,65536,low_rank_residual,simNoiseOnly,data\downloads\aistap_sim\sampledata\sampledata\simNoiseOnly\simNoiseOnly_sample.mat,1,False,0,train
0.01,108.92508865160114,,0.010009765625,0,65536,low_rank_residual,simNoiseOnly,data\downloads\aistap_sim\sampledata\sampledata\simNoiseOnly\simNoiseOnly_sample.mat,1,False,0,train
1e-05,216.90454167256055,,1.52587890625e-05,0,65536,trainable_gate,simNoiseOnly,data\downloads\aistap_sim\sampledata\sampledata\simNoiseOnly\simNoiseOnly_sample.mat,1,False,0,train
3e-05,202.9971910677884,,3.0517578125e-05,0,65536,trainable_gate,simNoiseOnly,data\downloads\aistap_sim\sampledata\sampledata\simNoiseOnly\simNoiseOnly_sample.mat,1,False,0,train
0.0001,187.54462126849853,,0.0001068115234375,0,65536,trainable_gate,simNoiseOnly,data\downloads\aistap_sim\sampledata\sampledata\simNoiseOnly\simNoiseOnly_sample.mat,1,False,0,train
0.0003,174.7181420106256,,0.00030517578125,0,65536,trainable_gate,simNoiseOnly,data\downloads\aistap_sim\sampledata\sampledata\simNoiseOnly\simNoiseOnly_sample.mat,1,False,0,train
0.001,158.93149754181647,,0.001007080078125,0,65536,trainable_gate,simNoiseOnly,data\downloads\aistap_sim\sampledata\sampledata\simNoiseOnly\simNoiseOnly_sample.mat,1,False,0,train
0.003,143.1131238666569,,0.0030059814453125,0,65536,trainable_gate,simNoiseOnly,data\downloads\aistap_sim\sampledata\sampledata\simNoiseOnly\simNoiseOnly_sample.mat,1,False,0,train
0.01,126.26292895232473,,0.010009765625,0,65536,trainable_gate,simNoiseOnly,data\downloads\aistap_sim\sampledata\sampledata\simNoiseOnly\simNoiseOnly_sample.mat,1,False,0,train
1e-05,8616.68416578504,0.046511627906976744,1.526880735345762e-05,43,65493,raw,simWind,data\downloads\aistap_sim\sampledata\sampledata\simWind\simWind_sample.mat,0,True,0,val
3e-05,6624.480152864272,0.09302325581395349,3.053761470691524e-05,43,65493,raw,simWind,data\downloads\aistap_sim\sampledata\sampledata\simWind\simWind_sample.mat,0,True,0,val
0.0001,6002.704428609053,0.09302325581395349,0.00010688165147420336,43,65493,raw,simWind,data\downloads\aistap_sim\sampledata\sampledata\simWind\simWind_sample.mat,0,True,0,val
0.0003,4167.557688596562,0.18604651162790697,0.00030537614706915243,43,65493,raw,simWind,data\downloads\aistap_sim\sampledata\sampledata\simWind\simWind_sample.mat,0,True,0,val
0.001,2664.77103568016,0.3023255813953488,0.001007741285328203,43,65493,raw,simWind,data\downloads\aistap_sim\sampledata\sampledata\simWind\simWind_sample.mat,0,True,0,val
0.003,1863.5932502080925,0.32558139534883723,0.0030079550486311513,43,65493,raw,simWind,data\downloads\aistap_sim\sampledata\sampledata\simWind\simWind_sample.mat,0,True,0,val
0.01,985.5013435885612,0.5348837209302325,0.010001068816514741,43,65493,raw,simWind,data\downloads\aistap_sim\sampledata\sampledata\simWind\simWind_sample.mat,0,True,0,val
1e-05,762.4651420941657,0.13953488372093023,1.526880735345762e-05,43,65493,low_rank_residual,simWind,data\downloads\aistap_sim\sampledata\sampledata\simWind\simWind_sample.mat,0,True,0,val
3e-05,675.8359899709218,0.13953488372093023,3.053761470691524e-05,43,65493,low_rank_residual,simWind,data\downloads\aistap_sim\sampledata\sampledata\simWind\simWind_sample.mat,0,True,0,val
0.0001,425.7774764075933,0.16279069767441862,0.00010688165147420336,43,65493,low_rank_residual,simWind,data\downloads\aistap_sim\sampledata\sampledata\simWind\simWind_sample.mat,0,True,0,val
0.0003,159.8331657518777,0.4883720930232558,0.00030537614706915243,43,65493,low_rank_residual,simWind,data\downloads\aistap_sim\sampledata\sampledata\simWind\simWind_sample.mat,0,True,0,val
0.001,62.542401908383525,0.813953488372093,0.001007741285328203,43,65493,low_rank_residual,simWind,data\downloads\aistap_sim\sampledata\sampledata\simWind\simWind_sample.mat,0,True,0,val
0.003,28.293707118562192,0.8837209302325582,0.0030079550486311513,43,65493,low_rank_residual,simWind,data\downloads\aistap_sim\sampledata\sampledata\simWind\simWind_sample.mat,0,True,0,val
0.01,17.423410147430893,0.9069767441860465,0.010001068816514741,43,65493,low_rank_residual,simWind,data\downloads\aistap_sim\sampledata\sampledata\simWind\simWind_sample.mat,0,True,0,val
1e-05,3807.018717416157,0.046511627906976744,1.526880735345762e-05,43,65493,trainable_gate,simWind,data\downloads\aistap_sim\sampledata\sampledata\simWind\simWind_sample.mat,0,True,0,val
3e-05,2888.6601508746003,0.09302325581395349,3.053761470691524e-05,43,65493,trainable_gate,simWind,data\downloads\aistap_sim\sampledata\sampledata\simWind\simWind_sample.mat,0,True,0,val
0.0001,2560.6561832010243,0.11627906976744186,0.00010688165147420336,43,65493,trainable_gate,simWind,data\downloads\aistap_sim\sampledata\sampledata\simWind\simWind_sample.mat,0,True,0,val
0.0003,1853.7688170277809,0.18604651162790697,0.00030537614706915243,43,65493,trainable_gate,simWind,data\downloads\aistap_sim\sampledata\sampledata\simWind\simWind_sample.mat,0,True,0,val
0.001,1142.2370229864687,0.4186046511627907,0.001007741285328203,43,65493,trainable_gate,simWind,data\downloads\aistap_sim\sampledata\sampledata\simWind\simWind_sample.mat,0,True,0,val
0.003,787.2241726712874,0.5116279069767442,0.0030079550486311513,43,65493,trainable_gate,simWind,data\downloads\aistap_sim\sampledata\sampledata\simWind\simWind_sample.mat,0,True,0,val
0.01,407.53803600075844,0.627906976744186,0.010001068816514741,43,65493,trainable_gate,simWind,data\downloads\aistap_sim\sampledata\sampledata\simWind\simWind_sample.mat,0,True,0,val
1e-05,5622.384163866826,,1.52587890625e-05,0,65536,raw,simWind,data\downloads\aistap_sim\sampledata\sampledata\simWind\simWind_sample.mat,1,False,0,val
3e-05,4628.5960442851165,,3.0517578125e-05,0,65536,raw,simWind,data\downloads\aistap_sim\sampledata\sampledata\simWind\simWind_sample.mat,1,False,0,val
0.0001,3108.055553349863,,0.0001068115234375,0,65536,raw,simWind,data\downloads\aistap_sim\sampledata\sampledata\simWind\simWind_sample.mat,1,False,0,val
0.0003,2342.8348786401584,,0.00030517578125,0,65536,raw,simWind,data\downloads\aistap_sim\sampledata\sampledata\simWind\simWind_sample.mat,1,False,0,val
0.001,1486.4778069517024,,0.001007080078125,0,65536,raw,simWind,data\downloads\aistap_sim\sampledata\sampledata\simWind\simWind_sample.mat,1,False,0,val
0.003,903.4403532966533,,0.0030059814453125,0,65536,raw,simWind,data\downloads\aistap_sim\sampledata\sampledata\simWind\simWind_sample.mat,1,False,0,val
0.01,439.5823928829982,,0.010009765625,0,65536,raw,simWind,data\downloads\aistap_sim\sampledata\sampledata\simWind\simWind_sample.mat,1,False,0,val
1e-05,29.632980693504855,,1.52587890625e-05,0,65536,low_rank_residual,simWind,data\downloads\aistap_sim\sampledata\sampledata\simWind\simWind_sample.mat,1,False,0,val
3e-05,21.59070695258587,,3.0517578125e-05,0,65536,low_rank_residual,simWind,data\downloads\aistap_sim\sampledata\sampledata\simWind\simWind_sample.mat,1,False,0,val
0.0001,17.7955079634947,,0.0001068115234375,0,65536,low_rank_residual,simWind,data\downloads\aistap_sim\sampledata\sampledata\simWind\simWind_sample.mat,1,False,0,val
0.0003,14.862080036507448,,0.00030517578125,0,65536,low_rank_residual,simWind,data\downloads\aistap_sim\sampledata\sampledata\simWind\simWind_sample.mat,1,False,0,val
0.001,9.29327975548219,,0.001007080078125,0,65536,low_rank_residual,simWind,data\downloads\aistap_sim\sampledata\sampledata\simWind\simWind_sample.mat,1,False,0,val
0.003,6.749032386298453,,0.0030059814453125,0,65536,low_rank_residual,simWind,data\downloads\aistap_sim\sampledata\sampledata\simWind\simWind_sample.mat,1,False,0,val
0.01,4.61681643849546,,0.010009765625,0,65536,low_rank_residual,simWind,data\downloads\aistap_sim\sampledata\sampledata\simWind\simWind_sample.mat,1,False,0,val
1e-05,2394.3211931576525,,1.52587890625e-05,0,65536,trainable_gate,simWind,data\downloads\aistap_sim\sampledata\sampledata\simWind\simWind_sample.mat,1,False,0,val
3e-05,1994.348492442274,,3.0517578125e-05,0,65536,trainable_gate,simWind,data\downloads\aistap_sim\sampledata\sampledata\simWind\simWind_sample.mat,1,False,0,val
0.0001,1283.4136275699977,,0.0001068115234375,0,65536,trainable_gate,simWind,data\downloads\aistap_sim\sampledata\sampledata\simWind\simWind_sample.mat,1,False,0,val
0.0003,1022.2424949172603,,0.00030517578125,0,65536,trainable_gate,simWind,data\downloads\aistap_sim\sampledata\sampledata\simWind\simWind_sample.mat,1,False,0,val
0.001,587.3980740670971,,0.001007080078125,0,65536,trainable_gate,simWind,data\downloads\aistap_sim\sampledata\sampledata\simWind\simWind_sample.mat,1,False,0,val
0.003,358.11979448213737,,0.0030059814453125,0,65536,trainable_gate,simWind,data\downloads\aistap_sim\sampledata\sampledata\simWind\simWind_sample.mat,1,False,0,val
0.01,169.2862244522862,,0.010009765625,0,65536,trainable_gate,simWind,data\downloads\aistap_sim\sampledata\sampledata\simWind\simWind_sample.mat,1,False,0,val
1e-05,11124.174632589524,0.023255813953488372,1.526880735345762e-05,43,65493,raw,simMed,data\downloads\aistap_sim\sampledata\sampledata\simMed\simMed_sample.mat,0,True,50,train
3e-05,9655.504170691933,0.046511627906976744,3.053761470691524e-05,43,65493,raw,simMed,data\downloads\aistap_sim\sampledata\sampledata\simMed\simMed_sample.mat,0,True,50,train
0.0001,7458.75823650836,0.09302325581395349,0.00010688165147420336,43,65493,raw,simMed,data\downloads\aistap_sim\sampledata\sampledata\simMed\simMed_sample.mat,0,True,50,train
0.0003,5149.309725533863,0.11627906976744186,0.00030537614706915243,43,65493,raw,simMed,data\downloads\aistap_sim\sampledata\sampledata\simMed\simMed_sample.mat,0,True,50,train
0.001,3601.5911821606123,0.23255813953488372,0.001007741285328203,43,65493,raw,simMed,data\downloads\aistap_sim\sampledata\sampledata\simMed\simMed_sample.mat,0,True,50,train
0.003,2386.8852097332096,0.32558139534883723,0.0030079550486311513,43,65493,raw,simMed,data\downloads\aistap_sim\sampledata\sampledata\simMed\simMed_sample.mat,0,True,50,train
0.01,1286.4468520244625,0.46511627906976744,0.010001068816514741,43,65493,raw,simMed,data\downloads\aistap_sim\sampledata\sampledata\simMed\simMed_sample.mat,0,True,50,train
1e-05,802.846272662242,0.13953488372093023,1.526880735345762e-05,43,65493,low_rank_residual,simMed,data\downloads\aistap_sim\sampledata\sampledata\simMed\simMed_sample.mat,0,True,50,train
3e-05,686.1564991900859,0.16279069767441862,3.053761470691524e-05,43,65493,low_rank_residual,simMed,data\downloads\aistap_sim\sampledata\sampledata\simMed\simMed_sample.mat,0,True,50,train
0.0001,394.85698953163865,0.23255813953488372,0.00010688165147420336,43,65493,low_rank_residual,simMed,data\downloads\aistap_sim\sampledata\sampledata\simMed\simMed_sample.mat,0,True,50,train
0.0003,167.6233668881951,0.46511627906976744,0.00030537614706915243,43,65493,low_rank_residual,simMed,data\downloads\aistap_sim\sampledata\sampledata\simMed\simMed_sample.mat,0,True,50,train
0.001,70.78746984367343,0.7674418604651163,0.001007741285328203,43,65493,low_rank_residual,simMed,data\downloads\aistap_sim\sampledata\sampledata\simMed\simMed_sample.mat,0,True,50,train
0.003,25.740363614672184,0.9534883720930233,0.0030079550486311513,43,65493,low_rank_residual,simMed,data\downloads\aistap_sim\sampledata\sampledata\simMed\simMed_sample.mat,0,True,50,train
0.01,13.508083448682333,0.9534883720930233,0.010001068816514741,43,65493,low_rank_residual,simMed,data\downloads\aistap_sim\sampledata\sampledata\simMed\simMed_sample.mat,0,True,50,train
1e-05,8234.562087360926,0.046511627906976744,1.526880735345762e-05,43,65493,trainable_gate,simMed,data\downloads\aistap_sim\sampledata\sampledata\simMed\simMed_sample.mat,0,True,50,train
3e-05,5917.0944144768155,0.11627906976744186,3.053761470691524e-05,43,65493,trainable_gate,simMed,data\downloads\aistap_sim\sampledata\sampledata\simMed\simMed_sample.mat,0,True,50,train
0.0001,2802.005053730538,0.3023255813953488,0.00010688165147420336,43,65493,trainable_gate,simMed,data\downloads\aistap_sim\sampledata\sampledata\simMed\simMed_sample.mat,0,True,50,train
0.0003,1278.3071891508487,0.46511627906976744,0.00030537614706915243,43,65493,trainable_gate,simMed,data\downloads\aistap_sim\sampledata\sampledata\simMed\simMed_sample.mat,0,True,50,train
0.001,269.1936203124136,0.7441860465116279,0.001007741285328203,43,65493,trainable_gate,simMed,data\downloads\aistap_sim\sampledata\sampledata\simMed\simMed_sample.mat,0,True,50,train
0.003,33.324146511912836,1.0,0.0030079550486311513,43,65493,trainable_gate,simMed,data\downloads\aistap_sim\sampledata\sampledata\simMed\simMed_sample.mat,0,True,50,train
0.01,14.146171908824032,1.0,0.010001068816514741,43,65493,trainable_gate,simMed,data\downloads\aistap_sim\sampledata\sampledata\simMed\simMed_sample.mat,0,True,50,train
1e-05,6187.384051825041,,1.52587890625e-05,0,65536,raw,simMed,data\downloads\aistap_sim\sampledata\sampledata\simMed\simMed_sample.mat,1,False,50,train
3e-05,5419.413788343435,,3.0517578125e-05,0,65536,raw,simMed,data\downloads\aistap_sim\sampledata\sampledata\simMed\simMed_sample.mat,1,False,50,train
0.0001,3271.518491071117,,0.0001068115234375,0,65536,raw,simMed,data\downloads\aistap_sim\sampledata\sampledata\simMed\simMed_sample.mat,1,False,50,train
0.0003,2632.724739434376,,0.00030517578125,0,65536,raw,simMed,data\downloads\aistap_sim\sampledata\sampledata\simMed\simMed_sample.mat,1,False,50,train
0.001,1639.7416000974783,,0.001007080078125,0,65536,raw,simMed,data\downloads\aistap_sim\sampledata\sampledata\simMed\simMed_sample.mat,1,False,50,train
0.003,962.8284378031237,,0.0030059814453125,0,65536,raw,simMed,data\downloads\aistap_sim\sampledata\sampledata\simMed\simMed_sample.mat,1,False,50,train
0.01,475.0249748693414,,0.010009765625,0,65536,raw,simMed,data\downloads\aistap_sim\sampledata\sampledata\simMed\simMed_sample.mat,1,False,50,train
1e-05,29.045922893646434,,1.52587890625e-05,0,65536,low_rank_residual,simMed,data\downloads\aistap_sim\sampledata\sampledata\simMed\simMed_sample.mat,1,False,50,train
3e-05,23.278189253380425,,3.0517578125e-05,0,65536,low_rank_residual,simMed,data\downloads\aistap_sim\sampledata\sampledata\simMed\simMed_sample.mat,1,False,50,train
0.0001,15.521395621170964,,0.0001068115234375,0,65536,low_rank_residual,simMed,data\downloads\aistap_sim\sampledata\sampledata\simMed\simMed_sample.mat,1,False,50,train
0.0003,12.283324911414693,,0.00030517578125,0,65536,low_rank_residual,simMed,data\downloads\aistap_sim\sampledata\sampledata\simMed\simMed_sample.mat,1,False,50,train
0.001,8.10177868611796,,0.001007080078125,0,65536,low_rank_residual,simMed,data\downloads\aistap_sim\sampledata\sampledata\simMed\simMed_sample.mat,1,False,50,train
0.003,5.413850171893534,,0.0030059814453125,0,65536,low_rank_residual,simMed,data\downloads\aistap_sim\sampledata\sampledata\simMed\simMed_sample.mat,1,False,50,train
0.01,3.6894962385577634,,0.010009765625,0,65536,low_rank_residual,simMed,data\downloads\aistap_sim\sampledata\sampledata\simMed\simMed_sample.mat,1,False,50,train
1e-05,297.48790685680035,,1.52587890625e-05,0,65536,trainable_gate,simMed,data\downloads\aistap_sim\sampledata\sampledata\simMed\simMed_sample.mat,1,False,50,train
3e-05,134.86236011052262,,3.0517578125e-05,0,65536,trainable_gate,simMed,data\downloads\aistap_sim\sampledata\sampledata\simMed\simMed_sample.mat,1,False,50,train
0.0001,43.103054989999826,,0.0001068115234375,0,65536,trainable_gate,simMed,data\downloads\aistap_sim\sampledata\sampledata\simMed\simMed_sample.mat,1,False,50,train
0.0003,16.99667155184522,,0.00030517578125,0,65536,trainable_gate,simMed,data\downloads\aistap_sim\sampledata\sampledata\simMed\simMed_sample.mat,1,False,50,train
0.001,9.755667967671197,,0.001007080078125,0,65536,trainable_gate,simMed,data\downloads\aistap_sim\sampledata\sampledata\simMed\simMed_sample.mat,1,False,50,train
0.003,5.680420939411287,,0.0030059814453125,0,65536,trainable_gate,simMed,data\downloads\aistap_sim\sampledata\sampledata\simMed\simMed_sample.mat,1,False,50,train
0.01,3.734323353886885,,0.010009765625,0,65536,trainable_gate,simMed,data\downloads\aistap_sim\sampledata\sampledata\simMed\simMed_sample.mat,1,False,50,train
1e-05,8474.764966781358,0.046511627906976744,1.526880735345762e-05,43,65493,raw,simNoiseOnly,data\downloads\aistap_sim\sampledata\sampledata\simNoiseOnly\simNoiseOnly_sample.mat,0,True,50,train
3e-05,5824.701700123973,0.11627906976744186,3.053761470691524e-05,43,65493,raw,simNoiseOnly,data\downloads\aistap_sim\sampledata\sampledata\simNoiseOnly\simNoiseOnly_sample.mat,0,True,50,train
0.0001,4062.447136381865,0.20930232558139536,0.00010688165147420336,43,65493,raw,simNoiseOnly,data\downloads\aistap_sim\sampledata\sampledata\simNoiseOnly\simNoiseOnly_sample.mat,0,True,50,train
0.0003,1995.805114911917,0.3488372093023256,0.00030537614706915243,43,65493,raw,simNoiseOnly,data\downloads\aistap_sim\sampledata\sampledata\simNoiseOnly\simNoiseOnly_sample.mat,0,True,50,train
0.001,407.8287507111117,0.7674418604651163,0.001007741285328203,43,65493,raw,simNoiseOnly,data\downloads\aistap_sim\sampledata\sampledata\simNoiseOnly\simNoiseOnly_sample.mat,0,True,50,train
0.003,228.34277754247117,0.8372093023255814,0.0030079550486311513,43,65493,raw,simNoiseOnly,data\downloads\aistap_sim\sampledata\sampledata\simNoiseOnly\simNoiseOnly_sample.mat,0,True,50,train
0.01,192.21202920375154,0.8837209302325582,0.010001068816514741,43,65493,raw,simNoiseOnly,data\downloads\aistap_sim\sampledata\sampledata\simNoiseOnly\simNoiseOnly_sample.mat,0,True,50,train
1e-05,1028.6928358480818,0.16279069767441862,1.526880735345762e-05,43,65493,low_rank_residual,simNoiseOnly,data\downloads\aistap_sim\sampledata\sampledata\simNoiseOnly\simNoiseOnly_sample.mat,0,True,50,train
3e-05,931.7422928664663,0.23255813953488372,3.053761470691524e-05,43,65493,low_rank_residual,simNoiseOnly,data\downloads\aistap_sim\sampledata\sampledata\simNoiseOnly\simNoiseOnly_sample.mat,0,True,50,train
0.0001,554.3133995242562,0.4418604651162791,0.00010688165147420336,43,65493,low_rank_residual,simNoiseOnly,data\downloads\aistap_sim\sampledata\sampledata\simNoiseOnly\simNoiseOnly_sample.mat,0,True,50,train
0.0003,334.9241901382619,0.627906976744186,0.00030537614706915243,43,65493,low_rank_residual,simNoiseOnly,data\downloads\aistap_sim\sampledata\sampledata\simNoiseOnly\simNoiseOnly_sample.mat,0,True,50,train
0.001,190.93031744736606,0.7441860465116279,0.001007741285328203,43,65493,low_rank_residual,simNoiseOnly,data\downloads\aistap_sim\sampledata\sampledata\simNoiseOnly\simNoiseOnly_sample.mat,0,True,50,train
0.003,161.9569317024632,0.7906976744186046,0.0030079550486311513,43,65493,low_rank_residual,simNoiseOnly,data\downloads\aistap_sim\sampledata\sampledata\simNoiseOnly\simNoiseOnly_sample.mat,0,True,50,train
0.01,139.5562440306498,0.8604651162790697,0.010001068816514741,43,65493,low_rank_residual,simNoiseOnly,data\downloads\aistap_sim\sampledata\sampledata\simNoiseOnly\simNoiseOnly_sample.mat,0,True,50,train
1e-05,7819.184840215477,0.046511627906976744,1.526880735345762e-05,43,65493,trainable_gate,simNoiseOnly,data\downloads\aistap_sim\sampledata\sampledata\simNoiseOnly\simNoiseOnly_sample.mat,0,True,50,train
3e-05,4873.008692572471,0.16279069767441862,3.053761470691524e-05,43,65493,trainable_gate,simNoiseOnly,data\downloads\aistap_sim\sampledata\sampledata\simNoiseOnly\simNoiseOnly_sample.mat,0,True,50,train
0.0001,2864.44617299946,0.2558139534883721,0.00010688165147420336,43,65493,trainable_gate,simNoiseOnly,data\downloads\aistap_sim\sampledata\sampledata\simNoiseOnly\simNoiseOnly_sample.mat,0,True,50,train
0.0003,1009.1400388559243,0.4883720930232558,0.00030537614706915243,43,65493,trainable_gate,simNoiseOnly,data\downloads\aistap_sim\sampledata\sampledata\simNoiseOnly\simNoiseOnly_sample.mat,0,True,50,train
0.001,202.38164940246776,0.7674418604651163,0.001007741285328203,43,65493,trainable_gate,simNoiseOnly,data\downloads\aistap_sim\sampledata\sampledata\simNoiseOnly\simNoiseOnly_sample.mat,0,True,50,train
0.003,164.20650657190808,0.813953488372093,0.0030079550486311513,43,65493,trainable_gate,simNoiseOnly,data\downloads\aistap_sim\sampledata\sampledata\simNoiseOnly\simNoiseOnly_sample.mat,0,True,50,train
0.01,140.71208174529036,0.8604651162790697,0.010001068816514741,43,65493,trainable_gate,simNoiseOnly,data\downloads\aistap_sim\sampledata\sampledata\simNoiseOnly\simNoiseOnly_sample.mat,0,True,50,train
1e-05,259.68703786207243,,1.52587890625e-05,0,65536,raw,simNoiseOnly,data\downloads\aistap_sim\sampledata\sampledata\simNoiseOnly\simNoiseOnly_sample.mat,1,False,50,train
3e-05,234.7134934433807,,3.0517578125e-05,0,65536,raw,simNoiseOnly,data\downloads\aistap_sim\sampledata\sampledata\simNoiseOnly\simNoiseOnly_sample.mat,1,False,50,train
0.0001,220.1215825700609,,0.0001068115234375,0,65536,raw,simNoiseOnly,data\downloads\aistap_sim\sampledata\sampledata\simNoiseOnly\simNoiseOnly_sample.mat,1,False,50,train
0.0003,210.58094298655067,,0.00030517578125,0,65536,raw,simNoiseOnly,data\downloads\aistap_sim\sampledata\sampledata\simNoiseOnly\simNoiseOnly_sample.mat,1,False,50,train
0.001,191.72700850747006,,0.001007080078125,0,65536,raw,simNoiseOnly,data\downloads\aistap_sim\sampledata\sampledata\simNoiseOnly\simNoiseOnly_sample.mat,1,False,50,train
0.003,172.2815167327679,,0.0030059814453125,0,65536,raw,simNoiseOnly,data\downloads\aistap_sim\sampledata\sampledata\simNoiseOnly\simNoiseOnly_sample.mat,1,False,50,train
0.01,151.71015514226332,,0.010009765625,0,65536,raw,simNoiseOnly,data\downloads\aistap_sim\sampledata\sampledata\simNoiseOnly\simNoiseOnly_sample.mat,1,False,50,train
1e-05,196.2050771222567,,1.52587890625e-05,0,65536,low_rank_residual,simNoiseOnly,data\downloads\aistap_sim\sampledata\sampledata\simNoiseOnly\simNoiseOnly_sample.mat,1,False,50,train
3e-05,175.75364543691603,,3.0517578125e-05,0,65536,low_rank_residual,simNoiseOnly,data\downloads\aistap_sim\sampledata\sampledata\simNoiseOnly\simNoiseOnly_sample.mat,1,False,50,train
0.0001,168.44955290492243,,0.0001068115234375,0,65536,low_rank_residual,simNoiseOnly,data\downloads\aistap_sim\sampledata\sampledata\simNoiseOnly\simNoiseOnly_sample.mat,1,False,50,train
0.0003,148.1668151278647,,0.00030517578125,0,65536,low_rank_residual,simNoiseOnly,data\downloads\aistap_sim\sampledata\sampledata\simNoiseOnly\simNoiseOnly_sample.mat,1,False,50,train
0.001,134.53460753633172,,0.001007080078125,0,65536,low_rank_residual,simNoiseOnly,data\downloads\aistap_sim\sampledata\sampledata\simNoiseOnly\simNoiseOnly_sample.mat,1,False,50,train
0.003,123.00839262883443,,0.0030059814453125,0,65536,low_rank_residual,simNoiseOnly,data\downloads\aistap_sim\sampledata\sampledata\simNoiseOnly\simNoiseOnly_sample.mat,1,False,50,train
0.01,108.92508865160114,,0.010009765625,0,65536,low_rank_residual,simNoiseOnly,data\downloads\aistap_sim\sampledata\sampledata\simNoiseOnly\simNoiseOnly_sample.mat,1,False,50,train
1e-05,196.72054335413083,,1.52587890625e-05,0,65536,trainable_gate,simNoiseOnly,data\downloads\aistap_sim\sampledata\sampledata\simNoiseOnly\simNoiseOnly_sample.mat,1,False,50,train
3e-05,175.04883420832184,,3.0517578125e-05,0,65536,trainable_gate,simNoiseOnly,data\downloads\aistap_sim\sampledata\sampledata\simNoiseOnly\simNoiseOnly_sample.mat,1,False,50,train
0.0001,170.80170909897552,,0.0001068115234375,0,65536,trainable_gate,simNoiseOnly,data\downloads\aistap_sim\sampledata\sampledata\simNoiseOnly\simNoiseOnly_sample.mat,1,False,50,train
0.0003,151.67159362457357,,0.00030517578125,0,65536,trainable_gate,simNoiseOnly,data\downloads\aistap_sim\sampledata\sampledata\simNoiseOnly\simNoiseOnly_sample.mat,1,False,50,train
0.001,135.96744443387362,,0.001007080078125,0,65536,trainable_gate,simNoiseOnly,data\downloads\aistap_sim\sampledata\sampledata\simNoiseOnly\simNoiseOnly_sample.mat,1,False,50,train
0.003,123.86409737837542,,0.0030059814453125,0,65536,trainable_gate,simNoiseOnly,data\downloads\aistap_sim\sampledata\sampledata\simNoiseOnly\simNoiseOnly_sample.mat,1,False,50,train
0.01,109.74896492697445,,0.010009765625,0,65536,trainable_gate,simNoiseOnly,data\downloads\aistap_sim\sampledata\sampledata\simNoiseOnly\simNoiseOnly_sample.mat,1,False,50,train
1e-05,8616.68416578504,0.046511627906976744,1.526880735345762e-05,43,65493,raw,simWind,data\downloads\aistap_sim\sampledata\sampledata\simWind\simWind_sample.mat,0,True,50,val
3e-05,6624.480152864272,0.09302325581395349,3.053761470691524e-05,43,65493,raw,simWind,data\downloads\aistap_sim\sampledata\sampledata\simWind\simWind_sample.mat,0,True,50,val
0.0001,6002.704428609053,0.09302325581395349,0.00010688165147420336,43,65493,raw,simWind,data\downloads\aistap_sim\sampledata\sampledata\simWind\simWind_sample.mat,0,True,50,val
0.0003,4167.557688596562,0.18604651162790697,0.00030537614706915243,43,65493,raw,simWind,data\downloads\aistap_sim\sampledata\sampledata\simWind\simWind_sample.mat,0,True,50,val
0.001,2664.77103568016,0.3023255813953488,0.001007741285328203,43,65493,raw,simWind,data\downloads\aistap_sim\sampledata\sampledata\simWind\simWind_sample.mat,0,True,50,val
0.003,1863.5932502080925,0.32558139534883723,0.0030079550486311513,43,65493,raw,simWind,data\downloads\aistap_sim\sampledata\sampledata\simWind\simWind_sample.mat,0,True,50,val
0.01,985.5013435885612,0.5348837209302325,0.010001068816514741,43,65493,raw,simWind,data\downloads\aistap_sim\sampledata\sampledata\simWind\simWind_sample.mat,0,True,50,val
1e-05,762.4651420941657,0.13953488372093023,1.526880735345762e-05,43,65493,low_rank_residual,simWind,data\downloads\aistap_sim\sampledata\sampledata\simWind\simWind_sample.mat,0,True,50,val
3e-05,675.8359899709218,0.13953488372093023,3.053761470691524e-05,43,65493,low_rank_residual,simWind,data\downloads\aistap_sim\sampledata\sampledata\simWind\simWind_sample.mat,0,True,50,val
0.0001,425.7774764075933,0.16279069767441862,0.00010688165147420336,43,65493,low_rank_residual,simWind,data\downloads\aistap_sim\sampledata\sampledata\simWind\simWind_sample.mat,0,True,50,val
0.0003,159.8331657518777,0.4883720930232558,0.00030537614706915243,43,65493,low_rank_residual,simWind,data\downloads\aistap_sim\sampledata\sampledata\simWind\simWind_sample.mat,0,True,50,val
0.001,62.542401908383525,0.813953488372093,0.001007741285328203,43,65493,low_rank_residual,simWind,data\downloads\aistap_sim\sampledata\sampledata\simWind\simWind_sample.mat,0,True,50,val
0.003,28.293707118562192,0.8837209302325582,0.0030079550486311513,43,65493,low_rank_residual,simWind,data\downloads\aistap_sim\sampledata\sampledata\simWind\simWind_sample.mat,0,True,50,val
0.01,17.423410147430893,0.9069767441860465,0.010001068816514741,43,65493,low_rank_residual,simWind,data\downloads\aistap_sim\sampledata\sampledata\simWind\simWind_sample.mat,0,True,50,val
1e-05,8228.804809802108,0.046511627906976744,1.526880735345762e-05,43,65493,trainable_gate,simWind,data\downloads\aistap_sim\sampledata\sampledata\simWind\simWind_sample.mat,0,True,50,val
3e-05,5908.987718303044,0.11627906976744186,3.053761470691524e-05,43,65493,trainable_gate,simWind,data\downloads\aistap_sim\sampledata\sampledata\simWind\simWind_sample.mat,0,True,50,val
0.0001,2817.2458009312927,0.3023255813953488,0.00010688165147420336,43,65493,trainable_gate,simWind,data\downloads\aistap_sim\sampledata\sampledata\simWind\simWind_sample.mat,0,True,50,val
0.0003,1251.5731414391178,0.4418604651162791,0.00030537614706915243,43,65493,trainable_gate,simWind,data\downloads\aistap_sim\sampledata\sampledata\simWind\simWind_sample.mat,0,True,50,val
0.001,230.70674551400882,0.7906976744186046,0.001007741285328203,43,65493,trainable_gate,simWind,data\downloads\aistap_sim\sampledata\sampledata\simWind\simWind_sample.mat,0,True,50,val
0.003,33.3220582396634,0.9534883720930233,0.0030079550486311513,43,65493,trainable_gate,simWind,data\downloads\aistap_sim\sampledata\sampledata\simWind\simWind_sample.mat,0,True,50,val
0.01,17.973027786822108,0.9767441860465116,0.010001068816514741,43,65493,trainable_gate,simWind,data\downloads\aistap_sim\sampledata\sampledata\simWind\simWind_sample.mat,0,True,50,val
1e-05,5622.384163866826,,1.52587890625e-05,0,65536,raw,simWind,data\downloads\aistap_sim\sampledata\sampledata\simWind\simWind_sample.mat,1,False,50,val
3e-05,4628.5960442851165,,3.0517578125e-05,0,65536,raw,simWind,data\downloads\aistap_sim\sampledata\sampledata\simWind\simWind_sample.mat,1,False,50,val
0.0001,3108.055553349863,,0.0001068115234375,0,65536,raw,simWind,data\downloads\aistap_sim\sampledata\sampledata\simWind\simWind_sample.mat,1,False,50,val
0.0003,2342.8348786401584,,0.00030517578125,0,65536,raw,simWind,data\downloads\aistap_sim\sampledata\sampledata\simWind\simWind_sample.mat,1,False,50,val
0.001,1486.4778069517024,,0.001007080078125,0,65536,raw,simWind,data\downloads\aistap_sim\sampledata\sampledata\simWind\simWind_sample.mat,1,False,50,val
0.003,903.4403532966533,,0.0030059814453125,0,65536,raw,simWind,data\downloads\aistap_sim\sampledata\sampledata\simWind\simWind_sample.mat,1,False,50,val
0.01,439.5823928829982,,0.010009765625,0,65536,raw,simWind,data\downloads\aistap_sim\sampledata\sampledata\simWind\simWind_sample.mat,1,False,50,val
1e-05,29.632980693504855,,1.52587890625e-05,0,65536,low_rank_residual,simWind,data\downloads\aistap_sim\sampledata\sampledata\simWind\simWind_sample.mat,1,False,50,val
3e-05,21.59070695258587,,3.0517578125e-05,0,65536,low_rank_residual,simWind,data\downloads\aistap_sim\sampledata\sampledata\simWind\simWind_sample.mat,1,False,50,val
0.0001,17.7955079634947,,0.0001068115234375,0,65536,low_rank_residual,simWind,data\downloads\aistap_sim\sampledata\sampledata\simWind\simWind_sample.mat,1,False,50,val
0.0003,14.862080036507448,,0.00030517578125,0,65536,low_rank_residual,simWind,data\downloads\aistap_sim\sampledata\sampledata\simWind\simWind_sample.mat,1,False,50,val
0.001,9.29327975548219,,0.001007080078125,0,65536,low_rank_residual,simWind,data\downloads\aistap_sim\sampledata\sampledata\simWind\simWind_sample.mat,1,False,50,val
0.003,6.749032386298453,,0.0030059814453125,0,65536,low_rank_residual,simWind,data\downloads\aistap_sim\sampledata\sampledata\simWind\simWind_sample.mat,1,False,50,val
0.01,4.61681643849546,,0.010009765625,0,65536,low_rank_residual,simWind,data\downloads\aistap_sim\sampledata\sampledata\simWind\simWind_sample.mat,1,False,50,val
1e-05,204.51979680437427,,1.52587890625e-05,0,65536,trainable_gate,simWind,data\downloads\aistap_sim\sampledata\sampledata\simWind\simWind_sample.mat,1,False,50,val
3e-05,63.813495687354454,,3.0517578125e-05,0,65536,trainable_gate,simWind,data\downloads\aistap_sim\sampledata\sampledata\simWind\simWind_sample.mat,1,False,50,val
0.0001,25.13259304800831,,0.0001068115234375,0,65536,trainable_gate,simWind,data\downloads\aistap_sim\sampledata\sampledata\simWind\simWind_sample.mat,1,False,50,val
0.0003,17.61657962438283,,0.00030517578125,0,65536,trainable_gate,simWind,data\downloads\aistap_sim\sampledata\sampledata\simWind\simWind_sample.mat,1,False,50,val
0.001,10.142202355295742,,0.001007080078125,0,65536,trainable_gate,simWind,data\downloads\aistap_sim\sampledata\sampledata\simWind\simWind_sample.mat,1,False,50,val
0.003,7.041130842826255,,0.0030059814453125,0,65536,trainable_gate,simWind,data\downloads\aistap_sim\sampledata\sampledata\simWind\simWind_sample.mat,1,False,50,val
0.01,4.702167341568428,,0.010009765625,0,65536,trainable_gate,simWind,data\downloads\aistap_sim\sampledata\sampledata\simWind\simWind_sample.mat,1,False,50,val
1e-05,11124.174632589524,0.023255813953488372,1.526880735345762e-05,43,65493,raw,simMed,data\downloads\aistap_sim\sampledata\sampledata\simMed\simMed_sample.mat,0,True,100,train
3e-05,9655.504170691933,0.046511627906976744,3.053761470691524e-05,43,65493,raw,simMed,data\downloads\aistap_sim\sampledata\sampledata\simMed\simMed_sample.mat,0,True,100,train
0.0001,7458.75823650836,0.09302325581395349,0.00010688165147420336,43,65493,raw,simMed,data\downloads\aistap_sim\sampledata\sampledata\simMed\simMed_sample.mat,0,True,100,train
0.0003,5149.309725533863,0.11627906976744186,0.00030537614706915243,43,65493,raw,simMed,data\downloads\aistap_sim\sampledata\sampledata\simMed\simMed_sample.mat,0,True,100,train
0.001,3601.5911821606123,0.23255813953488372,0.001007741285328203,43,65493,raw,simMed,data\downloads\aistap_sim\sampledata\sampledata\simMed\simMed_sample.mat,0,True,100,train
0.003,2386.8852097332096,0.32558139534883723,0.0030079550486311513,43,65493,raw,simMed,data\downloads\aistap_sim\sampledata\sampledata\simMed\simMed_sample.mat,0,True,100,train
0.01,1286.4468520244625,0.46511627906976744,0.010001068816514741,43,65493,raw,simMed,data\downloads\aistap_sim\sampledata\sampledata\simMed\simMed_sample.mat,0,True,100,train
1e-05,802.846272662242,0.13953488372093023,1.526880735345762e-05,43,65493,low_rank_residual,simMed,data\downloads\aistap_sim\sampledata\sampledata\simMed\simMed_sample.mat,0,True,100,train
3e-05,686.1564991900859,0.16279069767441862,3.053761470691524e-05,43,65493,low_rank_residual,simMed,data\downloads\aistap_sim\sampledata\sampledata\simMed\simMed_sample.mat,0,True,100,train
0.0001,394.85698953163865,0.23255813953488372,0.00010688165147420336,43,65493,low_rank_residual,simMed,data\downloads\aistap_sim\sampledata\sampledata\simMed\simMed_sample.mat,0,True,100,train
0.0003,167.6233668881951,0.46511627906976744,0.00030537614706915243,43,65493,low_rank_residual,simMed,data\downloads\aistap_sim\sampledata\sampledata\simMed\simMed_sample.mat,0,True,100,train
0.001,70.78746984367343,0.7674418604651163,0.001007741285328203,43,65493,low_rank_residual,simMed,data\downloads\aistap_sim\sampledata\sampledata\simMed\simMed_sample.mat,0,True,100,train
0.003,25.740363614672184,0.9534883720930233,0.0030079550486311513,43,65493,low_rank_residual,simMed,data\downloads\aistap_sim\sampledata\sampledata\simMed\simMed_sample.mat,0,True,100,train
0.01,13.508083448682333,0.9534883720930233,0.010001068816514741,43,65493,low_rank_residual,simMed,data\downloads\aistap_sim\sampledata\sampledata\simMed\simMed_sample.mat,0,True,100,train
1e-05,8249.380057460781,0.046511627906976744,1.526880735345762e-05,43,65493,trainable_gate,simMed,data\downloads\aistap_sim\sampledata\sampledata\simMed\simMed_sample.mat,0,True,100,train
3e-05,5911.582297136296,0.11627906976744186,3.053761470691524e-05,43,65493,trainable_gate,simMed,data\downloads\aistap_sim\sampledata\sampledata\simMed\simMed_sample.mat,0,True,100,train
0.0001,2505.9133054944377,0.32558139534883723,0.00010688165147420336,43,65493,trainable_gate,simMed,data\downloads\aistap_sim\sampledata\sampledata\simMed\simMed_sample.mat,0,True,100,train
0.0003,1239.0439208097694,0.46511627906976744,0.00030537614706915243,43,65493,trainable_gate,simMed,data\downloads\aistap_sim\sampledata\sampledata\simMed\simMed_sample.mat,0,True,100,train
0.001,247.65550595797197,0.7674418604651163,0.001007741285328203,43,65493,trainable_gate,simMed,data\downloads\aistap_sim\sampledata\sampledata\simMed\simMed_sample.mat,0,True,100,train
0.003,32.680500390013634,1.0,0.0030079550486311513,43,65493,trainable_gate,simMed,data\downloads\aistap_sim\sampledata\sampledata\simMed\simMed_sample.mat,0,True,100,train
0.01,14.102839694619101,1.0,0.010001068816514741,43,65493,trainable_gate,simMed,data\downloads\aistap_sim\sampledata\sampledata\simMed\simMed_sample.mat,0,True,100,train
1e-05,6187.384051825041,,1.52587890625e-05,0,65536,raw,simMed,data\downloads\aistap_sim\sampledata\sampledata\simMed\simMed_sample.mat,1,False,100,train
3e-05,5419.413788343435,,3.0517578125e-05,0,65536,raw,simMed,data\downloads\aistap_sim\sampledata\sampledata\simMed\simMed_sample.mat,1,False,100,train
0.0001,3271.518491071117,,0.0001068115234375,0,65536,raw,simMed,data\downloads\aistap_sim\sampledata\sampledata\simMed\simMed_sample.mat,1,False,100,train
0.0003,2632.724739434376,,0.00030517578125,0,65536,raw,simMed,data\downloads\aistap_sim\sampledata\sampledata\simMed\simMed_sample.mat,1,False,100,train
0.001,1639.7416000974783,,0.001007080078125,0,65536,raw,simMed,data\downloads\aistap_sim\sampledata\sampledata\simMed\simMed_sample.mat,1,False,100,train
0.003,962.8284378031237,,0.0030059814453125,0,65536,raw,simMed,data\downloads\aistap_sim\sampledata\sampledata\simMed\simMed_sample.mat,1,False,100,train
0.01,475.0249748693414,,0.010009765625,0,65536,raw,simMed,data\downloads\aistap_sim\sampledata\sampledata\simMed\simMed_sample.mat,1,False,100,train
1e-05,29.045922893646434,,1.52587890625e-05,0,65536,low_rank_residual,simMed,data\downloads\aistap_sim\sampledata\sampledata\simMed\simMed_sample.mat,1,False,100,train
3e-05,23.278189253380425,,3.0517578125e-05,0,65536,low_rank_residual,simMed,data\downloads\aistap_sim\sampledata\sampledata\simMed\simMed_sample.mat,1,False,100,train
0.0001,15.521395621170964,,0.0001068115234375,0,65536,low_rank_residual,simMed,data\downloads\aistap_sim\sampledata\sampledata\simMed\simMed_sample.mat,1,False,100,train
0.0003,12.283324911414693,,0.00030517578125,0,65536,low_rank_residual,simMed,data\downloads\aistap_sim\sampledata\sampledata\simMed\simMed_sample.mat,1,False,100,train
0.001,8.10177868611796,,0.001007080078125,0,65536,low_rank_residual,simMed,data\downloads\aistap_sim\sampledata\sampledata\simMed\simMed_sample.mat,1,False,100,train
0.003,5.413850171893534,,0.0030059814453125,0,65536,low_rank_residual,simMed,data\downloads\aistap_sim\sampledata\sampledata\simMed\simMed_sample.mat,1,False,100,train
0.01,3.6894962385577634,,0.010009765625,0,65536,low_rank_residual,simMed,data\downloads\aistap_sim\sampledata\sampledata\simMed\simMed_sample.mat,1,False,100,train
1e-05,241.05197014476744,,1.52587890625e-05,0,65536,trainable_gate,simMed,data\downloads\aistap_sim\sampledata\sampledata\simMed\simMed_sample.mat,1,False,100,train
3e-05,129.86659442543035,,3.0517578125e-05,0,65536,trainable_gate,simMed,data\downloads\aistap_sim\sampledata\sampledata\simMed\simMed_sample.mat,1,False,100,train
0.0001,84.11546768885194,,0.0001068115234375,0,65536,trainable_gate,simMed,data\downloads\aistap_sim\sampledata\sampledata\simMed\simMed_sample.mat,1,False,100,train
0.0003,19.434669573457892,,0.00030517578125,0,65536,trainable_gate,simMed,data\downloads\aistap_sim\sampledata\sampledata\simMed\simMed_sample.mat,1,False,100,train
0.001,9.787232899383735,,0.001007080078125,0,65536,trainable_gate,simMed,data\downloads\aistap_sim\sampledata\sampledata\simMed\simMed_sample.mat,1,False,100,train
0.003,5.662898141051202,,0.0030059814453125,0,65536,trainable_gate,simMed,data\downloads\aistap_sim\sampledata\sampledata\simMed\simMed_sample.mat,1,False,100,train
0.01,3.732220970369865,,0.010009765625,0,65536,trainable_gate,simMed,data\downloads\aistap_sim\sampledata\sampledata\simMed\simMed_sample.mat,1,False,100,train
1e-05,8474.764966781358,0.046511627906976744,1.526880735345762e-05,43,65493,raw,simNoiseOnly,data\downloads\aistap_sim\sampledata\sampledata\simNoiseOnly\simNoiseOnly_sample.mat,0,True,100,train
3e-05,5824.701700123973,0.11627906976744186,3.053761470691524e-05,43,65493,raw,simNoiseOnly,data\downloads\aistap_sim\sampledata\sampledata\simNoiseOnly\simNoiseOnly_sample.mat,0,True,100,train
0.0001,4062.447136381865,0.20930232558139536,0.00010688165147420336,43,65493,raw,simNoiseOnly,data\downloads\aistap_sim\sampledata\sampledata\simNoiseOnly\simNoiseOnly_sample.mat,0,True,100,train
0.0003,1995.805114911917,0.3488372093023256,0.00030537614706915243,43,65493,raw,simNoiseOnly,data\downloads\aistap_sim\sampledata\sampledata\simNoiseOnly\simNoiseOnly_sample.mat,0,True,100,train
0.001,407.8287507111117,0.7674418604651163,0.001007741285328203,43,65493,raw,simNoiseOnly,data\downloads\aistap_sim\sampledata\sampledata\simNoiseOnly\simNoiseOnly_sample.mat,0,True,100,train
0.003,228.34277754247117,0.8372093023255814,0.0030079550486311513,43,65493,raw,simNoiseOnly,data\downloads\aistap_sim\sampledata\sampledata\simNoiseOnly\simNoiseOnly_sample.mat,0,True,100,train
0.01,192.21202920375154,0.8837209302325582,0.010001068816514741,43,65493,raw,simNoiseOnly,data\downloads\aistap_sim\sampledata\sampledata\simNoiseOnly\simNoiseOnly_sample.mat,0,True,100,train
1e-05,1028.6928358480818,0.16279069767441862,1.526880735345762e-05,43,65493,low_rank_residual,simNoiseOnly,data\downloads\aistap_sim\sampledata\sampledata\simNoiseOnly\simNoiseOnly_sample.mat,0,True,100,train
3e-05,931.7422928664663,0.23255813953488372,3.053761470691524e-05,43,65493,low_rank_residual,simNoiseOnly,data\downloads\aistap_sim\sampledata\sampledata\simNoiseOnly\simNoiseOnly_sample.mat,0,True,100,train
0.0001,554.3133995242562,0.4418604651162791,0.00010688165147420336,43,65493,low_rank_residual,simNoiseOnly,data\downloads\aistap_sim\sampledata\sampledata\simNoiseOnly\simNoiseOnly_sample.mat,0,True,100,train
0.0003,334.9241901382619,0.627906976744186,0.00030537614706915243,43,65493,low_rank_residual,simNoiseOnly,data\downloads\aistap_sim\sampledata\sampledata\simNoiseOnly\simNoiseOnly_sample.mat,0,True,100,train
0.001,190.93031744736606,0.7441860465116279,0.001007741285328203,43,65493,low_rank_residual,simNoiseOnly,data\downloads\aistap_sim\sampledata\sampledata\simNoiseOnly\simNoiseOnly_sample.mat,0,True,100,train
0.003,161.9569317024632,0.7906976744186046,0.0030079550486311513,43,65493,low_rank_residual,simNoiseOnly,data\downloads\aistap_sim\sampledata\sampledata\simNoiseOnly\simNoiseOnly_sample.mat,0,True,100,train
0.01,139.5562440306498,0.8604651162790697,0.010001068816514741,43,65493,low_rank_residual,simNoiseOnly,data\downloads\aistap_sim\sampledata\sampledata\simNoiseOnly\simNoiseOnly_sample.mat,0,True,100,train
1e-05,8240.772824025857,0.046511627906976744,1.526880735345762e-05,43,65493,trainable_gate,simNoiseOnly,data\downloads\aistap_sim\sampledata\sampledata\simNoiseOnly\simNoiseOnly_sample.mat,0,True,100,train
3e-05,4760.164358467102,0.18604651162790697,3.053761470691524e-05,43,65493,trainable_gate,simNoiseOnly,data\downloads\aistap_sim\sampledata\sampledata\simNoiseOnly\simNoiseOnly_sample.mat,0,True,100,train
0.0001,3096.0526537927653,0.2558139534883721,0.00010688165147420336,43,65493,trainable_gate,simNoiseOnly,data\downloads\aistap_sim\sampledata\sampledata\simNoiseOnly\simNoiseOnly_sample.mat,0,True,100,train
0.0003,873.620092085399,0.5348837209302325,0.00030537614706915243,43,65493,trainable_gate,simNoiseOnly,data\downloads\aistap_sim\sampledata\sampledata\simNoiseOnly\simNoiseOnly_sample.mat,0,True,100,train
0.001,198.5885418609458,0.7674418604651163,0.001007741285328203,43,65493,trainable_gate,simNoiseOnly,data\downloads\aistap_sim\sampledata\sampledata\simNoiseOnly\simNoiseOnly_sample.mat,0,True,100,train
0.003,162.71908439827862,0.813953488372093,0.0030079550486311513,43,65493,trainable_gate,simNoiseOnly,data\downloads\aistap_sim\sampledata\sampledata\simNoiseOnly\simNoiseOnly_sample.mat,0,True,100,train
0.01,139.96048659986894,0.8604651162790697,0.010001068816514741,43,65493,trainable_gate,simNoiseOnly,data\downloads\aistap_sim\sampledata\sampledata\simNoiseOnly\simNoiseOnly_sample.mat,0,True,100,train
1e-05,259.68703786207243,,1.52587890625e-05,0,65536,raw,simNoiseOnly,data\downloads\aistap_sim\sampledata\sampledata\simNoiseOnly\simNoiseOnly_sample.mat,1,False,100,train
3e-05,234.7134934433807,,3.0517578125e-05,0,65536,raw,simNoiseOnly,data\downloads\aistap_sim\sampledata\sampledata\simNoiseOnly\simNoiseOnly_sample.mat,1,False,100,train
0.0001,220.1215825700609,,0.0001068115234375,0,65536,raw,simNoiseOnly,data\downloads\aistap_sim\sampledata\sampledata\simNoiseOnly\simNoiseOnly_sample.mat,1,False,100,train
0.0003,210.58094298655067,,0.00030517578125,0,65536,raw,simNoiseOnly,data\downloads\aistap_sim\sampledata\sampledata\simNoiseOnly\simNoiseOnly_sample.mat,1,False,100,train
0.001,191.72700850747006,,0.001007080078125,0,65536,raw,simNoiseOnly,data\downloads\aistap_sim\sampledata\sampledata\simNoiseOnly\simNoiseOnly_sample.mat,1,False,100,train
0.003,172.2815167327679,,0.0030059814453125,0,65536,raw,simNoiseOnly,data\downloads\aistap_sim\sampledata\sampledata\simNoiseOnly\simNoiseOnly_sample.mat,1,False,100,train
0.01,151.71015514226332,,0.010009765625,0,65536,raw,simNoiseOnly,data\downloads\aistap_sim\sampledata\sampledata\simNoiseOnly\simNoiseOnly_sample.mat,1,False,100,train
1e-05,196.2050771222567,,1.52587890625e-05,0,65536,low_rank_residual,simNoiseOnly,data\downloads\aistap_sim\sampledata\sampledata\simNoiseOnly\simNoiseOnly_sample.mat,1,False,100,train
3e-05,175.75364543691603,,3.0517578125e-05,0,65536,low_rank_residual,simNoiseOnly,data\downloads\aistap_sim\sampledata\sampledata\simNoiseOnly\simNoiseOnly_sample.mat,1,False,100,train
0.0001,168.44955290492243,,0.0001068115234375,0,65536,low_rank_residual,simNoiseOnly,data\downloads\aistap_sim\sampledata\sampledata\simNoiseOnly\simNoiseOnly_sample.mat,1,False,100,train
0.0003,148.1668151278647,,0.00030517578125,0,65536,low_rank_residual,simNoiseOnly,data\downloads\aistap_sim\sampledata\sampledata\simNoiseOnly\simNoiseOnly_sample.mat,1,False,100,train
0.001,134.53460753633172,,0.001007080078125,0,65536,low_rank_residual,simNoiseOnly,data\downloads\aistap_sim\sampledata\sampledata\simNoiseOnly\simNoiseOnly_sample.mat,1,False,100,train
0.003,123.00839262883443,,0.0030059814453125,0,65536,low_rank_residual,simNoiseOnly,data\downloads\aistap_sim\sampledata\sampledata\simNoiseOnly\simNoiseOnly_sample.mat,1,False,100,train
0.01,108.92508865160114,,0.010009765625,0,65536,low_rank_residual,simNoiseOnly,data\downloads\aistap_sim\sampledata\sampledata\simNoiseOnly\simNoiseOnly_sample.mat,1,False,100,train
1e-05,196.55749595785193,,1.52587890625e-05,0,65536,trainable_gate,simNoiseOnly,data\downloads\aistap_sim\sampledata\sampledata\simNoiseOnly\simNoiseOnly_sample.mat,1,False,100,train
3e-05,195.34955256606526,,3.0517578125e-05,0,65536,trainable_gate,simNoiseOnly,data\downloads\aistap_sim\sampledata\sampledata\simNoiseOnly\simNoiseOnly_sample.mat,1,False,100,train
0.0001,172.82161148633915,,0.0001068115234375,0,65536,trainable_gate,simNoiseOnly,data\downloads\aistap_sim\sampledata\sampledata\simNoiseOnly\simNoiseOnly_sample.mat,1,False,100,train
0.0003,150.52432376682503,,0.00030517578125,0,65536,trainable_gate,simNoiseOnly,data\downloads\aistap_sim\sampledata\sampledata\simNoiseOnly\simNoiseOnly_sample.mat,1,False,100,train
0.001,135.38990413614485,,0.001007080078125,0,65536,trainable_gate,simNoiseOnly,data\downloads\aistap_sim\sampledata\sampledata\simNoiseOnly\simNoiseOnly_sample.mat,1,False,100,train
0.003,123.63386943390702,,0.0030059814453125,0,65536,trainable_gate,simNoiseOnly,data\downloads\aistap_sim\sampledata\sampledata\simNoiseOnly\simNoiseOnly_sample.mat,1,False,100,train
0.01,109.31759497955493,,0.010009765625,0,65536,trainable_gate,simNoiseOnly,data\downloads\aistap_sim\sampledata\sampledata\simNoiseOnly\simNoiseOnly_sample.mat,1,False,100,train
1e-05,8616.68416578504,0.046511627906976744,1.526880735345762e-05,43,65493,raw,simWind,data\downloads\aistap_sim\sampledata\sampledata\simWind\simWind_sample.mat,0,True,100,val
3e-05,6624.480152864272,0.09302325581395349,3.053761470691524e-05,43,65493,raw,simWind,data\downloads\aistap_sim\sampledata\sampledata\simWind\simWind_sample.mat,0,True,100,val
0.0001,6002.704428609053,0.09302325581395349,0.00010688165147420336,43,65493,raw,simWind,data\downloads\aistap_sim\sampledata\sampledata\simWind\simWind_sample.mat,0,True,100,val
0.0003,4167.557688596562,0.18604651162790697,0.00030537614706915243,43,65493,raw,simWind,data\downloads\aistap_sim\sampledata\sampledata\simWind\simWind_sample.mat,0,True,100,val
0.001,2664.77103568016,0.3023255813953488,0.001007741285328203,43,65493,raw,simWind,data\downloads\aistap_sim\sampledata\sampledata\simWind\simWind_sample.mat,0,True,100,val
0.003,1863.5932502080925,0.32558139534883723,0.0030079550486311513,43,65493,raw,simWind,data\downloads\aistap_sim\sampledata\sampledata\simWind\simWind_sample.mat,0,True,100,val
0.01,985.5013435885612,0.5348837209302325,0.010001068816514741,43,65493,raw,simWind,data\downloads\aistap_sim\sampledata\sampledata\simWind\simWind_sample.mat,0,True,100,val
1e-05,762.4651420941657,0.13953488372093023,1.526880735345762e-05,43,65493,low_rank_residual,simWind,data\downloads\aistap_sim\sampledata\sampledata\simWind\simWind_sample.mat,0,True,100,val
3e-05,675.8359899709218,0.13953488372093023,3.053761470691524e-05,43,65493,low_rank_residual,simWind,data\downloads\aistap_sim\sampledata\sampledata\simWind\simWind_sample.mat,0,True,100,val
0.0001,425.7774764075933,0.16279069767441862,0.00010688165147420336,43,65493,low_rank_residual,simWind,data\downloads\aistap_sim\sampledata\sampledata\simWind\simWind_sample.mat,0,True,100,val
0.0003,159.8331657518777,0.4883720930232558,0.00030537614706915243,43,65493,low_rank_residual,simWind,data\downloads\aistap_sim\sampledata\sampledata\simWind\simWind_sample.mat,0,True,100,val
0.001,62.542401908383525,0.813953488372093,0.001007741285328203,43,65493,low_rank_residual,simWind,data\downloads\aistap_sim\sampledata\sampledata\simWind\simWind_sample.mat,0,True,100,val
0.003,28.293707118562192,0.8837209302325582,0.0030079550486311513,43,65493,low_rank_residual,simWind,data\downloads\aistap_sim\sampledata\sampledata\simWind\simWind_sample.mat,0,True,100,val
0.01,17.423410147430893,0.9069767441860465,0.010001068816514741,43,65493,low_rank_residual,simWind,data\downloads\aistap_sim\sampledata\sampledata\simWind\simWind_sample.mat,0,True,100,val
1e-05,8212.534721816603,0.046511627906976744,1.526880735345762e-05,43,65493,trainable_gate,simWind,data\downloads\aistap_sim\sampledata\sampledata\simWind\simWind_sample.mat,0,True,100,val
3e-05,5908.1228479082365,0.11627906976744186,3.053761470691524e-05,43,65493,trainable_gate,simWind,data\downloads\aistap_sim\sampledata\sampledata\simWind\simWind_sample.mat,0,True,100,val
0.0001,2532.9269708259485,0.32558139534883723,0.00010688165147420336,43,65493,trainable_gate,simWind,data\downloads\aistap_sim\sampledata\sampledata\simWind\simWind_sample.mat,0,True,100,val
0.0003,1038.5066161515947,0.5348837209302325,0.00030537614706915243,43,65493,trainable_gate,simWind,data\downloads\aistap_sim\sampledata\sampledata\simWind\simWind_sample.mat,0,True,100,val
0.001,220.02394665145496,0.813953488372093,0.001007741285328203,43,65493,trainable_gate,simWind,data\downloads\aistap_sim\sampledata\sampledata\simWind\simWind_sample.mat,0,True,100,val
0.003,32.990032561814786,0.9767441860465116,0.0030079550486311513,43,65493,trainable_gate,simWind,data\downloads\aistap_sim\sampledata\sampledata\simWind\simWind_sample.mat,0,True,100,val
0.01,17.909621588976528,1.0,0.010001068816514741,43,65493,trainable_gate,simWind,data\downloads\aistap_sim\sampledata\sampledata\simWind\simWind_sample.mat,0,True,100,val
1e-05,5622.384163866826,,1.52587890625e-05,0,65536,raw,simWind,data\downloads\aistap_sim\sampledata\sampledata\simWind\simWind_sample.mat,1,False,100,val
3e-05,4628.5960442851165,,3.0517578125e-05,0,65536,raw,simWind,data\downloads\aistap_sim\sampledata\sampledata\simWind\simWind_sample.mat,1,False,100,val
0.0001,3108.055553349863,,0.0001068115234375,0,65536,raw,simWind,data\downloads\aistap_sim\sampledata\sampledata\simWind\simWind_sample.mat,1,False,100,val
0.0003,2342.8348786401584,,0.00030517578125,0,65536,raw,simWind,data\downloads\aistap_sim\sampledata\sampledata\simWind\simWind_sample.mat,1,False,100,val
0.001,1486.4778069517024,,0.001007080078125,0,65536,raw,simWind,data\downloads\aistap_sim\sampledata\sampledata\simWind\simWind_sample.mat,1,False,100,val
0.003,903.4403532966533,,0.0030059814453125,0,65536,raw,simWind,data\downloads\aistap_sim\sampledata\sampledata\simWind\simWind_sample.mat,1,False,100,val
0.01,439.5823928829982,,0.010009765625,0,65536,raw,simWind,data\downloads\aistap_sim\sampledata\sampledata\simWind\simWind_sample.mat,1,False,100,val
1e-05,29.632980693504855,,1.52587890625e-05,0,65536,low_rank_residual,simWind,data\downloads\aistap_sim\sampledata\sampledata\simWind\simWind_sample.mat,1,False,100,val
3e-05,21.59070695258587,,3.0517578125e-05,0,65536,low_rank_residual,simWind,data\downloads\aistap_sim\sampledata\sampledata\simWind\simWind_sample.mat,1,False,100,val
0.0001,17.7955079634947,,0.0001068115234375,0,65536,low_rank_residual,simWind,data\downloads\aistap_sim\sampledata\sampledata\simWind\simWind_sample.mat,1,False,100,val
0.0003,14.862080036507448,,0.00030517578125,0,65536,low_rank_residual,simWind,data\downloads\aistap_sim\sampledata\sampledata\simWind\simWind_sample.mat,1,False,100,val
0.001,9.29327975548219,,0.001007080078125,0,65536,low_rank_residual,simWind,data\downloads\aistap_sim\sampledata\sampledata\simWind\simWind_sample.mat,1,False,100,val
0.003,6.749032386298453,,0.0030059814453125,0,65536,low_rank_residual,simWind,data\downloads\aistap_sim\sampledata\sampledata\simWind\simWind_sample.mat,1,False,100,val
0.01,4.61681643849546,,0.010009765625,0,65536,low_rank_residual,simWind,data\downloads\aistap_sim\sampledata\sampledata\simWind\simWind_sample.mat,1,False,100,val
1e-05,124.47985291595575,,1.52587890625e-05,0,65536,trainable_gate,simWind,data\downloads\aistap_sim\sampledata\sampledata\simWind\simWind_sample.mat,1,False,100,val
3e-05,60.640207358008816,,3.0517578125e-05,0,65536,trainable_gate,simWind,data\downloads\aistap_sim\sampledata\sampledata\simWind\simWind_sample.mat,1,False,100,val
0.0001,46.56545088339215,,0.0001068115234375,0,65536,trainable_gate,simWind,data\downloads\aistap_sim\sampledata\sampledata\simWind\simWind_sample.mat,1,False,100,val
0.0003,17.8204334828396,,0.00030517578125,0,65536,trainable_gate,simWind,data\downloads\aistap_sim\sampledata\sampledata\simWind\simWind_sample.mat,1,False,100,val
0.001,10.357582148126749,,0.001007080078125,0,65536,trainable_gate,simWind,data\downloads\aistap_sim\sampledata\sampledata\simWind\simWind_sample.mat,1,False,100,val
0.003,7.012643140467672,,0.0030059814453125,0,65536,trainable_gate,simWind,data\downloads\aistap_sim\sampledata\sampledata\simWind\simWind_sample.mat,1,False,100,val
0.01,4.682461874293107,,0.010009765625,0,65536,trainable_gate,simWind,data\downloads\aistap_sim\sampledata\sampledata\simWind\simWind_sample.mat,1,False,100,val
1e-05,11124.174632589524,0.023255813953488372,1.526880735345762e-05,43,65493,raw,simMed,data\downloads\aistap_sim\sampledata\sampledata\simMed\simMed_sample.mat,0,True,150,train
3e-05,9655.504170691933,0.046511627906976744,3.053761470691524e-05,43,65493,raw,simMed,data\downloads\aistap_sim\sampledata\sampledata\simMed\simMed_sample.mat,0,True,150,train
0.0001,7458.75823650836,0.09302325581395349,0.00010688165147420336,43,65493,raw,simMed,data\downloads\aistap_sim\sampledata\sampledata\simMed\simMed_sample.mat,0,True,150,train
0.0003,5149.309725533863,0.11627906976744186,0.00030537614706915243,43,65493,raw,simMed,data\downloads\aistap_sim\sampledata\sampledata\simMed\simMed_sample.mat,0,True,150,train
0.001,3601.5911821606123,0.23255813953488372,0.001007741285328203,43,65493,raw,simMed,data\downloads\aistap_sim\sampledata\sampledata\simMed\simMed_sample.mat,0,True,150,train
0.003,2386.8852097332096,0.32558139534883723,0.0030079550486311513,43,65493,raw,simMed,data\downloads\aistap_sim\sampledata\sampledata\simMed\simMed_sample.mat,0,True,150,train
0.01,1286.4468520244625,0.46511627906976744,0.010001068816514741,43,65493,raw,simMed,data\downloads\aistap_sim\sampledata\sampledata\simMed\simMed_sample.mat,0,True,150,train
1e-05,802.846272662242,0.13953488372093023,1.526880735345762e-05,43,65493,low_rank_residual,simMed,data\downloads\aistap_sim\sampledata\sampledata\simMed\simMed_sample.mat,0,True,150,train
3e-05,686.1564991900859,0.16279069767441862,3.053761470691524e-05,43,65493,low_rank_residual,simMed,data\downloads\aistap_sim\sampledata\sampledata\simMed\simMed_sample.mat,0,True,150,train
0.0001,394.85698953163865,0.23255813953488372,0.00010688165147420336,43,65493,low_rank_residual,simMed,data\downloads\aistap_sim\sampledata\sampledata\simMed\simMed_sample.mat,0,True,150,train
0.0003,167.6233668881951,0.46511627906976744,0.00030537614706915243,43,65493,low_rank_residual,simMed,data\downloads\aistap_sim\sampledata\sampledata\simMed\simMed_sample.mat,0,True,150,train
0.001,70.78746984367343,0.7674418604651163,0.001007741285328203,43,65493,low_rank_residual,simMed,data\downloads\aistap_sim\sampledata\sampledata\simMed\simMed_sample.mat,0,True,150,train
0.003,25.740363614672184,0.9534883720930233,0.0030079550486311513,43,65493,low_rank_residual,simMed,data\downloads\aistap_sim\sampledata\sampledata\simMed\simMed_sample.mat,0,True,150,train
0.01,13.508083448682333,0.9534883720930233,0.010001068816514741,43,65493,low_rank_residual,simMed,data\downloads\aistap_sim\sampledata\sampledata\simMed\simMed_sample.mat,0,True,150,train
1e-05,8242.804111066616,0.046511627906976744,1.526880735345762e-05,43,65493,trainable_gate,simMed,data\downloads\aistap_sim\sampledata\sampledata\simMed\simMed_sample.mat,0,True,150,train
3e-05,5897.917076532865,0.11627906976744186,3.053761470691524e-05,43,65493,trainable_gate,simMed,data\downloads\aistap_sim\sampledata\sampledata\simMed\simMed_sample.mat,0,True,150,train
0.0001,2895.9451833733524,0.27906976744186046,0.00010688165147420336,43,65493,trainable_gate,simMed,data\downloads\aistap_sim\sampledata\sampledata\simMed\simMed_sample.mat,0,True,150,train
0.0003,1542.9613687151452,0.37209302325581395,0.00030537614706915243,43,65493,trainable_gate,simMed,data\downloads\aistap_sim\sampledata\sampledata\simMed\simMed_sample.mat,0,True,150,train
0.001,341.7744850809172,0.7441860465116279,0.001007741285328203,43,65493,trainable_gate,simMed,data\downloads\aistap_sim\sampledata\sampledata\simMed\simMed_sample.mat,0,True,150,train
0.003,43.10346390074929,1.0,0.0030079550486311513,43,65493,trainable_gate,simMed,data\downloads\aistap_sim\sampledata\sampledata\simMed\simMed_sample.mat,0,True,150,train
0.01,14.565288723041508,1.0,0.010001068816514741,43,65493,trainable_gate,simMed,data\downloads\aistap_sim\sampledata\sampledata\simMed\simMed_sample.mat,0,True,150,train
1e-05,6187.384051825041,,1.52587890625e-05,0,65536,raw,simMed,data\downloads\aistap_sim\sampledata\sampledata\simMed\simMed_sample.mat,1,False,150,train
3e-05,5419.413788343435,,3.0517578125e-05,0,65536,raw,simMed,data\downloads\aistap_sim\sampledata\sampledata\simMed\simMed_sample.mat,1,False,150,train
0.0001,3271.518491071117,,0.0001068115234375,0,65536,raw,simMed,data\downloads\aistap_sim\sampledata\sampledata\simMed\simMed_sample.mat,1,False,150,train
0.0003,2632.724739434376,,0.00030517578125,0,65536,raw,simMed,data\downloads\aistap_sim\sampledata\sampledata\simMed\simMed_sample.mat,1,False,150,train
0.001,1639.7416000974783,,0.001007080078125,0,65536,raw,simMed,data\downloads\aistap_sim\sampledata\sampledata\simMed\simMed_sample.mat,1,False,150,train
0.003,962.8284378031237,,0.0030059814453125,0,65536,raw,simMed,data\downloads\aistap_sim\sampledata\sampledata\simMed\simMed_sample.mat,1,False,150,train
0.01,475.0249748693414,,0.010009765625,0,65536,raw,simMed,data\downloads\aistap_sim\sampledata\sampledata\simMed\simMed_sample.mat,1,False,150,train
1e-05,29.045922893646434,,1.52587890625e-05,0,65536,low_rank_residual,simMed,data\downloads\aistap_sim\sampledata\sampledata\simMed\simMed_sample.mat,1,False,150,train
3e-05,23.278189253380425,,3.0517578125e-05,0,65536,low_rank_residual,simMed,data\downloads\aistap_sim\sampledata\sampledata\simMed\simMed_sample.mat,1,False,150,train
0.0001,15.521395621170964,,0.0001068115234375,0,65536,low_rank_residual,simMed,data\downloads\aistap_sim\sampledata\sampledata\simMed\simMed_sample.mat,1,False,150,train
0.0003,12.283324911414693,,0.00030517578125,0,65536,low_rank_residual,simMed,data\downloads\aistap_sim\sampledata\sampledata\simMed\simMed_sample.mat,1,False,150,train
0.001,8.10177868611796,,0.001007080078125,0,65536,low_rank_residual,simMed,data\downloads\aistap_sim\sampledata\sampledata\simMed\simMed_sample.mat,1,False,150,train
0.003,5.413850171893534,,0.0030059814453125,0,65536,low_rank_residual,simMed,data\downloads\aistap_sim\sampledata\sampledata\simMed\simMed_sample.mat,1,False,150,train
0.01,3.6894962385577634,,0.010009765625,0,65536,low_rank_residual,simMed,data\downloads\aistap_sim\sampledata\sampledata\simMed\simMed_sample.mat,1,False,150,train
1e-05,1276.517202683553,,1.52587890625e-05,0,65536,trainable_gate,simMed,data\downloads\aistap_sim\sampledata\sampledata\simMed\simMed_sample.mat,1,False,150,train
3e-05,453.14153745196484,,3.0517578125e-05,0,65536,trainable_gate,simMed,data\downloads\aistap_sim\sampledata\sampledata\simMed\simMed_sample.mat,1,False,150,train
0.0001,77.08976176675175,,0.0001068115234375,0,65536,trainable_gate,simMed,data\downloads\aistap_sim\sampledata\sampledata\simMed\simMed_sample.mat,1,False,150,train
0.0003,19.191992584788704,,0.00030517578125,0,65536,trainable_gate,simMed,data\downloads\aistap_sim\sampledata\sampledata\simMed\simMed_sample.mat,1,False,150,train
0.001,9.840202393119256,,0.001007080078125,0,65536,trainable_gate,simMed,data\downloads\aistap_sim\sampledata\sampledata\simMed\simMed_sample.mat,1,False,150,train
0.003,5.664305420859369,,0.0030059814453125,0,65536,trainable_gate,simMed,data\downloads\aistap_sim\sampledata\sampledata\simMed\simMed_sample.mat,1,False,150,train
0.01,3.7267060562092644,,0.010009765625,0,65536,trainable_gate,simMed,data\downloads\aistap_sim\sampledata\sampledata\simMed\simMed_sample.mat,1,False,150,train
1e-05,8474.764966781358,0.046511627906976744,1.526880735345762e-05,43,65493,raw,simNoiseOnly,data\downloads\aistap_sim\sampledata\sampledata\simNoiseOnly\simNoiseOnly_sample.mat,0,True,150,train
3e-05,5824.701700123973,0.11627906976744186,3.053761470691524e-05,43,65493,raw,simNoiseOnly,data\downloads\aistap_sim\sampledata\sampledata\simNoiseOnly\simNoiseOnly_sample.mat,0,True,150,train
0.0001,4062.447136381865,0.20930232558139536,0.00010688165147420336,43,65493,raw,simNoiseOnly,data\downloads\aistap_sim\sampledata\sampledata\simNoiseOnly\simNoiseOnly_sample.mat,0,True,150,train
0.0003,1995.805114911917,0.3488372093023256,0.00030537614706915243,43,65493,raw,simNoiseOnly,data\downloads\aistap_sim\sampledata\sampledata\simNoiseOnly\simNoiseOnly_sample.mat,0,True,150,train
0.001,407.8287507111117,0.7674418604651163,0.001007741285328203,43,65493,raw,simNoiseOnly,data\downloads\aistap_sim\sampledata\sampledata\simNoiseOnly\simNoiseOnly_sample.mat,0,True,150,train
0.003,228.34277754247117,0.8372093023255814,0.0030079550486311513,43,65493,raw,simNoiseOnly,data\downloads\aistap_sim\sampledata\sampledata\simNoiseOnly\simNoiseOnly_sample.mat,0,True,150,train
0.01,192.21202920375154,0.8837209302325582,0.010001068816514741,43,65493,raw,simNoiseOnly,data\downloads\aistap_sim\sampledata\sampledata\simNoiseOnly\simNoiseOnly_sample.mat,0,True,150,train
1e-05,1028.6928358480818,0.16279069767441862,1.526880735345762e-05,43,65493,low_rank_residual,simNoiseOnly,data\downloads\aistap_sim\sampledata\sampledata\simNoiseOnly\simNoiseOnly_sample.mat,0,True,150,train
3e-05,931.7422928664663,0.23255813953488372,3.053761470691524e-05,43,65493,low_rank_residual,simNoiseOnly,data\downloads\aistap_sim\sampledata\sampledata\simNoiseOnly\simNoiseOnly_sample.mat,0,True,150,train
0.0001,554.3133995242562,0.4418604651162791,0.00010688165147420336,43,65493,low_rank_residual,simNoiseOnly,data\downloads\aistap_sim\sampledata\sampledata\simNoiseOnly\simNoiseOnly_sample.mat,0,True,150,train
0.0003,334.9241901382619,0.627906976744186,0.00030537614706915243,43,65493,low_rank_residual,simNoiseOnly,data\downloads\aistap_sim\sampledata\sampledata\simNoiseOnly\simNoiseOnly_sample.mat,0,True,150,train
0.001,190.93031744736606,0.7441860465116279,0.001007741285328203,43,65493,low_rank_residual,simNoiseOnly,data\downloads\aistap_sim\sampledata\sampledata\simNoiseOnly\simNoiseOnly_sample.mat,0,True,150,train
0.003,161.9569317024632,0.7906976744186046,0.0030079550486311513,43,65493,low_rank_residual,simNoiseOnly,data\downloads\aistap_sim\sampledata\sampledata\simNoiseOnly\simNoiseOnly_sample.mat,0,True,150,train
0.01,139.5562440306498,0.8604651162790697,0.010001068816514741,43,65493,low_rank_residual,simNoiseOnly,data\downloads\aistap_sim\sampledata\sampledata\simNoiseOnly\simNoiseOnly_sample.mat,0,True,150,train
1e-05,8450.33376728474,0.046511627906976744,1.526880735345762e-05,43,65493,trainable_gate,simNoiseOnly,data\downloads\aistap_sim\sampledata\sampledata\simNoiseOnly\simNoiseOnly_sample.mat,0,True,150,train
3e-05,5760.043079781076,0.13953488372093023,3.053761470691524e-05,43,65493,trainable_gate,simNoiseOnly,data\downloads\aistap_sim\sampledata\sampledata\simNoiseOnly\simNoiseOnly_sample.mat,0,True,150,train
0.0001,3159.332124698401,0.2558139534883721,0.00010688165147420336,43,65493,trainable_gate,simNoiseOnly,data\downloads\aistap_sim\sampledata\sampledata\simNoiseOnly\simNoiseOnly_sample.mat,0,True,150,train
0.0003,1364.3455318816655,0.46511627906976744,0.00030537614706915243,43,65493,trainable_gate,simNoiseOnly,data\downloads\aistap_sim\sampledata\sampledata\simNoiseOnly\simNoiseOnly_sample.mat,0,True,150,train
0.001,208.55469410390774,0.7906976744186046,0.001007741285328203,43,65493,trainable_gate,simNoiseOnly,data\downloads\aistap_sim\sampledata\sampledata\simNoiseOnly\simNoiseOnly_sample.mat,0,True,150,train
0.003,165.28407549262954,0.8372093023255814,0.0030079550486311513,43,65493,trainable_gate,simNoiseOnly,data\downloads\aistap_sim\sampledata\sampledata\simNoiseOnly\simNoiseOnly_sample.mat,0,True,150,train
0.01,141.26932017253569,0.8604651162790697,0.010001068816514741,43,65493,trainable_gate,simNoiseOnly,data\downloads\aistap_sim\sampledata\sampledata\simNoiseOnly\simNoiseOnly_sample.mat,0,True,150,train
1e-05,259.68703786207243,,1.52587890625e-05,0,65536,raw,simNoiseOnly,data\downloads\aistap_sim\sampledata\sampledata\simNoiseOnly\simNoiseOnly_sample.mat,1,False,150,train
3e-05,234.7134934433807,,3.0517578125e-05,0,65536,raw,simNoiseOnly,data\downloads\aistap_sim\sampledata\sampledata\simNoiseOnly\simNoiseOnly_sample.mat,1,False,150,train
0.0001,220.1215825700609,,0.0001068115234375,0,65536,raw,simNoiseOnly,data\downloads\aistap_sim\sampledata\sampledata\simNoiseOnly\simNoiseOnly_sample.mat,1,False,150,train
0.0003,210.58094298655067,,0.00030517578125,0,65536,raw,simNoiseOnly,data\downloads\aistap_sim\sampledata\sampledata\simNoiseOnly\simNoiseOnly_sample.mat,1,False,150,train
0.001,191.72700850747006,,0.001007080078125,0,65536,raw,simNoiseOnly,data\downloads\aistap_sim\sampledata\sampledata\simNoiseOnly\simNoiseOnly_sample.mat,1,False,150,train
0.003,172.2815167327679,,0.0030059814453125,0,65536,raw,simNoiseOnly,data\downloads\aistap_sim\sampledata\sampledata\simNoiseOnly\simNoiseOnly_sample.mat,1,False,150,train
0.01,151.71015514226332,,0.010009765625,0,65536,raw,simNoiseOnly,data\downloads\aistap_sim\sampledata\sampledata\simNoiseOnly\simNoiseOnly_sample.mat,1,False,150,train
1e-05,196.2050771222567,,1.52587890625e-05,0,65536,low_rank_residual,simNoiseOnly,data\downloads\aistap_sim\sampledata\sampledata\simNoiseOnly\simNoiseOnly_sample.mat,1,False,150,train
3e-05,175.75364543691603,,3.0517578125e-05,0,65536,low_rank_residual,simNoiseOnly,data\downloads\aistap_sim\sampledata\sampledata\simNoiseOnly\simNoiseOnly_sample.mat,1,False,150,train
0.0001,168.44955290492243,,0.0001068115234375,0,65536,low_rank_residual,simNoiseOnly,data\downloads\aistap_sim\sampledata\sampledata\simNoiseOnly\simNoiseOnly_sample.mat,1,False,150,train
0.0003,148.1668151278647,,0.00030517578125,0,65536,low_rank_residual,simNoiseOnly,data\downloads\aistap_sim\sampledata\sampledata\simNoiseOnly\simNoiseOnly_sample.mat,1,False,150,train
0.001,134.53460753633172,,0.001007080078125,0,65536,low_rank_residual,simNoiseOnly,data\downloads\aistap_sim\sampledata\sampledata\simNoiseOnly\simNoiseOnly_sample.mat,1,False,150,train
0.003,123.00839262883443,,0.0030059814453125,0,65536,low_rank_residual,simNoiseOnly,data\downloads\aistap_sim\sampledata\sampledata\simNoiseOnly\simNoiseOnly_sample.mat,1,False,150,train
0.01,108.92508865160114,,0.010009765625,0,65536,low_rank_residual,simNoiseOnly,data\downloads\aistap_sim\sampledata\sampledata\simNoiseOnly\simNoiseOnly_sample.mat,1,False,150,train
1e-05,222.04182602580684,,1.52587890625e-05,0,65536,trainable_gate,simNoiseOnly,data\downloads\aistap_sim\sampledata\sampledata\simNoiseOnly\simNoiseOnly_sample.mat,1,False,150,train
3e-05,198.6285951947139,,3.0517578125e-05,0,65536,trainable_gate,simNoiseOnly,data\downloads\aistap_sim\sampledata\sampledata\simNoiseOnly\simNoiseOnly_sample.mat,1,False,150,train
0.0001,178.5717716449561,,0.0001068115234375,0,65536,trainable_gate,simNoiseOnly,data\downloads\aistap_sim\sampledata\sampledata\simNoiseOnly\simNoiseOnly_sample.mat,1,False,150,train
0.0003,154.55314949372644,,0.00030517578125,0,65536,trainable_gate,simNoiseOnly,data\downloads\aistap_sim\sampledata\sampledata\simNoiseOnly\simNoiseOnly_sample.mat,1,False,150,train
0.001,136.05434968584981,,0.001007080078125,0,65536,trainable_gate,simNoiseOnly,data\downloads\aistap_sim\sampledata\sampledata\simNoiseOnly\simNoiseOnly_sample.mat,1,False,150,train
0.003,124.18422838363459,,0.0030059814453125,0,65536,trainable_gate,simNoiseOnly,data\downloads\aistap_sim\sampledata\sampledata\simNoiseOnly\simNoiseOnly_sample.mat,1,False,150,train
0.01,109.83558106208136,,0.010009765625,0,65536,trainable_gate,simNoiseOnly,data\downloads\aistap_sim\sampledata\sampledata\simNoiseOnly\simNoiseOnly_sample.mat,1,False,150,train
1e-05,8616.68416578504,0.046511627906976744,1.526880735345762e-05,43,65493,raw,simWind,data\downloads\aistap_sim\sampledata\sampledata\simWind\simWind_sample.mat,0,True,150,val
3e-05,6624.480152864272,0.09302325581395349,3.053761470691524e-05,43,65493,raw,simWind,data\downloads\aistap_sim\sampledata\sampledata\simWind\simWind_sample.mat,0,True,150,val
0.0001,6002.704428609053,0.09302325581395349,0.00010688165147420336,43,65493,raw,simWind,data\downloads\aistap_sim\sampledata\sampledata\simWind\simWind_sample.mat,0,True,150,val
0.0003,4167.557688596562,0.18604651162790697,0.00030537614706915243,43,65493,raw,simWind,data\downloads\aistap_sim\sampledata\sampledata\simWind\simWind_sample.mat,0,True,150,val
0.001,2664.77103568016,0.3023255813953488,0.001007741285328203,43,65493,raw,simWind,data\downloads\aistap_sim\sampledata\sampledata\simWind\simWind_sample.mat,0,True,150,val
0.003,1863.5932502080925,0.32558139534883723,0.0030079550486311513,43,65493,raw,simWind,data\downloads\aistap_sim\sampledata\sampledata\simWind\simWind_sample.mat,0,True,150,val
0.01,985.5013435885612,0.5348837209302325,0.010001068816514741,43,65493,raw,simWind,data\downloads\aistap_sim\sampledata\sampledata\simWind\simWind_sample.mat,0,True,150,val
1e-05,762.4651420941657,0.13953488372093023,1.526880735345762e-05,43,65493,low_rank_residual,simWind,data\downloads\aistap_sim\sampledata\sampledata\simWind\simWind_sample.mat,0,True,150,val
3e-05,675.8359899709218,0.13953488372093023,3.053761470691524e-05,43,65493,low_rank_residual,simWind,data\downloads\aistap_sim\sampledata\sampledata\simWind\simWind_sample.mat,0,True,150,val
0.0001,425.7774764075933,0.16279069767441862,0.00010688165147420336,43,65493,low_rank_residual,simWind,data\downloads\aistap_sim\sampledata\sampledata\simWind\simWind_sample.mat,0,True,150,val
0.0003,159.8331657518777,0.4883720930232558,0.00030537614706915243,43,65493,low_rank_residual,simWind,data\downloads\aistap_sim\sampledata\sampledata\simWind\simWind_sample.mat,0,True,150,val
0.001,62.542401908383525,0.813953488372093,0.001007741285328203,43,65493,low_rank_residual,simWind,data\downloads\aistap_sim\sampledata\sampledata\simWind\simWind_sample.mat,0,True,150,val
0.003,28.293707118562192,0.8837209302325582,0.0030079550486311513,43,65493,low_rank_residual,simWind,data\downloads\aistap_sim\sampledata\sampledata\simWind\simWind_sample.mat,0,True,150,val
0.01,17.423410147430893,0.9069767441860465,0.010001068816514741,43,65493,low_rank_residual,simWind,data\downloads\aistap_sim\sampledata\sampledata\simWind\simWind_sample.mat,0,True,150,val
1e-05,8129.633456507939,0.046511627906976744,1.526880735345762e-05,43,65493,trainable_gate,simWind,data\downloads\aistap_sim\sampledata\sampledata\simWind\simWind_sample.mat,0,True,150,val
3e-05,5901.921064251291,0.11627906976744186,3.053761470691524e-05,43,65493,trainable_gate,simWind,data\downloads\aistap_sim\sampledata\sampledata\simWind\simWind_sample.mat,0,True,150,val
0.0001,2774.407328944183,0.3023255813953488,0.00010688165147420336,43,65493,trainable_gate,simWind,data\downloads\aistap_sim\sampledata\sampledata\simWind\simWind_sample.mat,0,True,150,val
0.0003,1425.7751793255848,0.4418604651162791,0.00030537614706915243,43,65493,trainable_gate,simWind,data\downloads\aistap_sim\sampledata\sampledata\simWind\simWind_sample.mat,0,True,150,val
0.001,244.03761210109417,0.7674418604651163,0.001007741285328203,43,65493,trainable_gate,simWind,data\downloads\aistap_sim\sampledata\sampledata\simWind\simWind_sample.mat,0,True,150,val
0.003,37.30873926119758,0.9534883720930233,0.0030079550486311513,43,65493,trainable_gate,simWind,data\downloads\aistap_sim\sampledata\sampledata\simWind\simWind_sample.mat,0,True,150,val
0.01,18.19158582182089,0.9767441860465116,0.010001068816514741,43,65493,trainable_gate,simWind,data\downloads\aistap_sim\sampledata\sampledata\simWind\simWind_sample.mat,0,True,150,val
1e-05,5622.384163866826,,1.52587890625e-05,0,65536,raw,simWind,data\downloads\aistap_sim\sampledata\sampledata\simWind\simWind_sample.mat,1,False,150,val
3e-05,4628.5960442851165,,3.0517578125e-05,0,65536,raw,simWind,data\downloads\aistap_sim\sampledata\sampledata\simWind\simWind_sample.mat,1,False,150,val
0.0001,3108.055553349863,,0.0001068115234375,0,65536,raw,simWind,data\downloads\aistap_sim\sampledata\sampledata\simWind\simWind_sample.mat,1,False,150,val
0.0003,2342.8348786401584,,0.00030517578125,0,65536,raw,simWind,data\downloads\aistap_sim\sampledata\sampledata\simWind\simWind_sample.mat,1,False,150,val
0.001,1486.4778069517024,,0.001007080078125,0,65536,raw,simWind,data\downloads\aistap_sim\sampledata\sampledata\simWind\simWind_sample.mat,1,False,150,val
0.003,903.4403532966533,,0.0030059814453125,0,65536,raw,simWind,data\downloads\aistap_sim\sampledata\sampledata\simWind\simWind_sample.mat,1,False,150,val
0.01,439.5823928829982,,0.010009765625,0,65536,raw,simWind,data\downloads\aistap_sim\sampledata\sampledata\simWind\simWind_sample.mat,1,False,150,val
1e-05,29.632980693504855,,1.52587890625e-05,0,65536,low_rank_residual,simWind,data\downloads\aistap_sim\sampledata\sampledata\simWind\simWind_sample.mat,1,False,150,val
3e-05,21.59070695258587,,3.0517578125e-05,0,65536,low_rank_residual,simWind,data\downloads\aistap_sim\sampledata\sampledata\simWind\simWind_sample.mat,1,False,150,val
0.0001,17.7955079634947,,0.0001068115234375,0,65536,low_rank_residual,simWind,data\downloads\aistap_sim\sampledata\sampledata\simWind\simWind_sample.mat,1,False,150,val
0.0003,14.862080036507448,,0.00030517578125,0,65536,low_rank_residual,simWind,data\downloads\aistap_sim\sampledata\sampledata\simWind\simWind_sample.mat,1,False,150,val
0.001,9.29327975548219,,0.001007080078125,0,65536,low_rank_residual,simWind,data\downloads\aistap_sim\sampledata\sampledata\simWind\simWind_sample.mat,1,False,150,val
0.003,6.749032386298453,,0.0030059814453125,0,65536,low_rank_residual,simWind,data\downloads\aistap_sim\sampledata\sampledata\simWind\simWind_sample.mat,1,False,150,val
0.01,4.61681643849546,,0.010009765625,0,65536,low_rank_residual,simWind,data\downloads\aistap_sim\sampledata\sampledata\simWind\simWind_sample.mat,1,False,150,val
1e-05,950.0421132426072,,1.52587890625e-05,0,65536,trainable_gate,simWind,data\downloads\aistap_sim\sampledata\sampledata\simWind\simWind_sample.mat,1,False,150,val
3e-05,270.6049667633426,,3.0517578125e-05,0,65536,trainable_gate,simWind,data\downloads\aistap_sim\sampledata\sampledata\simWind\simWind_sample.mat,1,False,150,val
0.0001,77.19090705363558,,0.0001068115234375,0,65536,trainable_gate,simWind,data\downloads\aistap_sim\sampledata\sampledata\simWind\simWind_sample.mat,1,False,150,val
0.0003,19.983037149296294,,0.00030517578125,0,65536,trainable_gate,simWind,data\downloads\aistap_sim\sampledata\sampledata\simWind\simWind_sample.mat,1,False,150,val
0.001,10.516114285481066,,0.001007080078125,0,65536,trainable_gate,simWind,data\downloads\aistap_sim\sampledata\sampledata\simWind\simWind_sample.mat,1,False,150,val
0.003,7.028071509380744,,0.0030059814453125,0,65536,trainable_gate,simWind,data\downloads\aistap_sim\sampledata\sampledata\simWind\simWind_sample.mat,1,False,150,val
0.01,4.6899702054681605,,0.010009765625,0,65536,trainable_gate,simWind,data\downloads\aistap_sim\sampledata\sampledata\simWind\simWind_sample.mat,1,False,150,val
